shipment_id,origin_city,destination_city,pickup_date,delivery_date,weight_kg,distance_km,delivery_status,cost
SHP00001,Bangalore,Bangalore,2023-06-21,2023-06-27,27.37,1615.4,Delivered,1395.27
SHP00002,Pune,Ahmedabad,2023-05-24,2023-05-30,41.73,42.9,Delivered,275.21
SHP00003,Pune,Pune,2023-10-31,2023-11-12,6.69,381.7,Delayed,359.63
SHP00004,Pune,Ahmedabad,2023-06-02,2023-06-03,6.92,1313.3,Delivered,1084.87
SHP00005,Hyderabad,Ahmedabad,2023-03-30,2023-04-02,28.06,757.8,Delivered,753.08
SHP00006,Pune,Bangalore,2023-05-30,2023-05-31,47.35,1965.1,Delivered,1765.4
SHP00007,Chennai,Kolkata,2023-06-11,2023-06-16,21.04,1334.2,Delivered,1162.49
SHP00008,Bangalore,Hyderabad,2023-04-02,2023-04-03,16.68,1913.5,Delivered,1579.8
SHP00009,Ahmedabad,Bangalore,2023-09-05,2023-09-06,30.53,410.9,Delivered,498.14
SHP00010,Pune,Chennai,2023-03-31,2023-04-13,46.56,1729.3,Delayed,1571.97
SHP00011,Mumbai,Bangalore,2023-06-29,2023-07-04,41.93,649.5,Delivered,744.71
SHP00012,Ahmedabad,Chennai,2023-10-21,2023-10-23,49.78,1979.2,Delivered,1777.89
SHP00013,Hyderabad,Ahmedabad,2023-12-24,2023-12-25,1.62,323.8,Delivered,320.27
SHP00014,Chennai,Pune,2023-06-28,2023-06-30,6.09,1037.5,Delivered,871.97
SHP00015,Mumbai,Bangalore,2023-04-28,2023-04-30,30.67,1587.8,Delivered,1393.39
SHP00016,Mumbai,Chennai,2023-03-24,2023-03-30,41.12,871.0,Delayed,924.02
SHP00017,Mumbai,Bangalore,2023-06-18,2023-06-20,14.62,941.5,Delivered,823.13
SHP00018,Mumbai,Pune,2023-10-05,2023-10-12,12.34,1972.8,Delivered,1602.73
SHP00019,Ahmedabad,Ahmedabad,2023-04-09,2023-04-20,39.46,856.4,Delayed,878.55
SHP00020,Ahmedabad,Bangalore,2023-02-05,2023-02-06,3.29,1212.1,Delivered,986.42
SHP00021,Bangalore,Delhi,2023-03-27,2023-03-28,18.78,118.5,Delivered,231.03
SHP00022,Pune,Chennai,2023-01-15,2023-01-21,25.54,1686.0,Delivered,1426.5
SHP00023,Kolkata,Pune,2023-02-04,2023-02-07,28.24,1299.9,Delivered,1157.06
SHP00024,Bangalore,Chennai,2023-12-02,2023-12-12,36.57,814.0,Failed,839.44
SHP00025,Bangalore,Chennai,2023-08-09,2023-08-14,18.06,42.2,Delivered,181.92
SHP00026,Chennai,Mumbai,2023-06-14,2023-06-16,30.83,1187.4,Delivered,1077.62
SHP00027,Chennai,Pune,2023-11-22,2023-11-26,29.48,35.2,Delivered,230.18
SHP00028,Pune,Bangalore,2023-08-06,2023-08-12,27.61,12.4,Delayed,205.99
SHP00029,Kolkata,Chennai,2023-02-11,2023-02-13,32.2,1236.0,Delayed,1144.16
SHP00030,Chennai,Kolkata,2023-08-07,2023-08-11,13.34,386.1,Delivered,416.7
SHP00031,Pune,Mumbai,2023-11-29,2023-12-01,4.69,391.9,Delivered,354.5
SHP00032,Pune,Delhi,2023-09-20,2023-09-27,6.4,1310.0,Delivered,1067.98
SHP00033,Ahmedabad,Chennai,2023-10-08,2023-10-13,11.62,116.9,Delivered,213.42
SHP00034,Delhi,Ahmedabad,2023-04-18,2023-04-23,25.26,633.7,Delayed,656.01
SHP00035,Ahmedabad,Chennai,2023-03-29,2023-04-02,42.1,307.4,Delayed,495.5
SHP00036,Kolkata,Mumbai,2023-11-09,2023-11-21,35.21,1164.6,Delayed,1108.96
SHP00037,Chennai,Bangalore,2023-11-07,2023-11-11,39.56,1326.9,Delivered,1236.3
SHP00038,Kolkata,Kolkata,2023-12-10,2023-12-24,17.87,1445.1,Delayed,1231.19
SHP00039,Bangalore,Ahmedabad,2023-01-26,2023-02-03,20.53,517.9,Delayed,557.72
SHP00040,Bangalore,Delhi,2023-08-12,2023-08-19,19.99,187.6,Delivered,271.09
SHP00041,Kolkata,Ahmedabad,2023-06-20,2023-06-21,10.0,166.6,Delivered,239.75
SHP00042,Delhi,Chennai,2023-03-31,2023-04-11,3.53,858.0,Failed,699.89
SHP00043,Delhi,Bangalore,2023-11-01,2023-11-07,29.75,1892.2,Delivered,1616.14
SHP00044,Ahmedabad,Pune,2023-01-23,2023-02-07,49.47,443.3,Delayed,643.92
SHP00045,Kolkata,Kolkata,2023-05-29,2023-06-04,8.76,520.9,Delivered,497.43
SHP00046,Chennai,Pune,2023-11-06,2023-11-10,2.81,210.8,Delivered,237.83
SHP00047,Ahmedabad,Kolkata,2023-09-23,2023-09-26,39.09,1215.1,Failed,1174.39
SHP00048,Hyderabad,Delhi,2023-01-21,2023-01-27,13.0,1362.9,Delivered,1135.06
SHP00049,Delhi,Hyderabad,2023-03-11,2023-03-17,41.57,1289.4,Delayed,1231.15
SHP00050,Mumbai,Kolkata,2023-01-31,2023-02-04,35.34,1723.6,Delivered,1515.02
SHP00051,Ahmedabad,Hyderabad,2023-12-10,2023-12-14,47.31,978.0,Delivered,1014.08
SHP00052,Bangalore,Pune,2023-05-01,2023-05-07,20.74,277.6,Delivered,359.16
SHP00053,Ahmedabad,Kolkata,2023-11-22,2023-11-25,33.27,585.9,Delivered,665.5
SHP00054,Kolkata,Delhi,2023-12-30,2024-01-06,23.51,1328.2,Delivered,1163.76
SHP00055,Mumbai,Mumbai,2023-06-25,2023-06-29,31.71,1230.1,Delayed,1143.69
SHP00056,Kolkata,Delhi,2023-04-07,2023-04-12,22.76,1066.7,Delivered,973.63
SHP00057,Pune,Delhi,2023-01-31,2023-02-07,9.84,1369.1,Delivered,1106.84
SHP00058,Bangalore,Mumbai,2023-08-16,2023-08-21,25.64,1278.4,Delivered,1142.21
SHP00059,Bangalore,Mumbai,2023-10-21,2023-10-26,26.66,1763.8,Delivered,1503.61
SHP00060,Delhi,Bangalore,2023-04-16,2023-04-22,40.62,1176.2,Delayed,1133.52
SHP00061,Ahmedabad,Kolkata,2023-11-15,2023-11-16,36.91,1559.4,Delivered,1416.83
SHP00062,Delhi,Pune,2023-03-28,2023-03-31,33.36,504.9,Delivered,597.38
SHP00063,Mumbai,Bangalore,2023-06-25,2023-06-27,6.11,1359.6,Delivered,1115.67
SHP00064,Ahmedabad,Mumbai,2023-01-05,2023-01-11,36.17,1805.4,Delivered,1593.41
SHP00065,Pune,Hyderabad,2023-02-19,2023-02-20,25.27,777.6,Delivered,761.66
SHP00066,Kolkata,Pune,2023-08-01,2023-08-03,44.76,1560.4,Delivered,1454.28
SHP00067,Pune,Hyderabad,2023-08-16,2023-08-20,46.03,1452.3,Delivered,1350.91
SHP00068,Bangalore,Delhi,2023-05-04,2023-05-16,3.23,128.5,Delayed,143.61
SHP00069,Mumbai,Chennai,2023-10-06,2023-10-16,41.12,1167.2,Failed,1114.33
SHP00070,Hyderabad,Delhi,2023-06-19,2023-06-28,2.37,269.1,Failed,261.18
SHP00071,Mumbai,Delhi,2023-07-07,2023-07-15,18.67,1935.0,Delayed,1584.02
SHP00072,Chennai,Chennai,2023-10-14,2023-10-23,27.34,1624.7,Delayed,1424.6
SHP00073,Mumbai,Kolkata,2023-09-26,2023-10-02,7.83,228.4,Delivered,262.14
SHP00074,Pune,Mumbai,2023-03-15,2023-03-22,37.44,252.3,Delivered,432.92
SHP00075,Chennai,Hyderabad,2023-04-09,2023-04-11,0.91,1193.0,Delivered,940.45
SHP00076,Chennai,Delhi,2023-12-28,2024-01-02,8.85,696.3,Failed,609.35
SHP00077,Ahmedabad,Chennai,2023-06-29,2023-06-30,29.25,79.5,Delivered,249.29
SHP00078,Ahmedabad,Bangalore,2023-03-12,2023-03-17,35.86,1087.9,Delivered,1053.17
SHP00079,Chennai,Delhi,2023-04-05,2023-04-10,45.87,781.8,Delivered,864.65
SHP00080,Hyderabad,Hyderabad,2023-03-03,2023-03-07,35.42,211.1,Delivered,386.13
SHP00081,Ahmedabad,Mumbai,2023-07-16,2023-07-17,33.75,1605.8,Delivered,1426.78
SHP00082,Mumbai,Delhi,2023-01-20,2023-01-26,20.02,1831.0,Delivered,1534.1
SHP00083,Pune,Delhi,2023-11-30,2023-12-03,0.56,1515.6,Delivered,1173.11
SHP00084,Mumbai,Kolkata,2023-02-21,2023-02-22,6.45,1646.6,Delivered,1328.27
SHP00085,Hyderabad,Ahmedabad,2023-08-01,2023-08-03,26.96,440.8,Delivered,517.93
SHP00086,Bangalore,Chennai,2023-01-03,2023-01-09,33.92,534.5,Delivered,627.24
SHP00087,Delhi,Bangalore,2023-04-03,2023-04-07,21.16,425.0,Delivered,467.65
SHP00088,Pune,Bangalore,2023-12-04,2023-12-06,36.67,1532.5,Delivered,1379.1
SHP00089,Ahmedabad,Pune,2023-03-06,2023-03-09,26.33,1896.4,Delivered,1593.2
SHP00090,Pune,Mumbai,2023-09-17,2023-09-19,4.17,1436.5,Delivered,1167.4
SHP00091,Mumbai,Pune,2023-10-28,2023-11-03,10.0,1764.1,Delivered,1422.96
SHP00092,Delhi,Hyderabad,2023-01-15,2023-01-25,42.08,1281.0,Failed,1240.99
SHP00093,Kolkata,Mumbai,2023-12-06,2023-12-07,36.38,781.4,Delivered,817.54
SHP00094,Kolkata,Delhi,2023-02-17,2023-02-18,44.79,857.3,Delivered,905.72
SHP00095,Ahmedabad,Ahmedabad,2023-11-11,2023-11-19,6.32,159.9,Failed,201.82
SHP00096,Hyderabad,Delhi,2023-01-24,2023-01-31,49.52,72.6,Delivered,333.63
SHP00097,Kolkata,Bangalore,2023-02-04,2023-02-07,10.87,1394.0,Delivered,1166.04
SHP00098,Pune,Hyderabad,2023-04-16,2023-04-18,1.08,882.5,Delivered,730.02
SHP00099,Kolkata,Chennai,2023-12-29,2024-01-05,49.87,1108.9,Failed,1140.06
SHP00100,Bangalore,Hyderabad,2024-01-01,2024-01-09,14.41,1119.7,Failed,966.22
SHP00101,Bangalore,Delhi,2023-12-22,2023-12-27,33.57,562.0,Delivered,642.54
SHP00102,Ahmedabad,Chennai,2023-11-19,2023-11-21,9.25,957.0,Delivered,833.87
SHP00103,Bangalore,Hyderabad,2023-12-13,2023-12-15,29.22,946.8,Delivered,897.32
SHP00104,Kolkata,Ahmedabad,2023-11-10,2023-11-16,45.25,783.0,Delivered,874.69
SHP00105,Hyderabad,Ahmedabad,2023-01-21,2023-01-24,16.35,1643.1,Delivered,1367.33
SHP00106,Chennai,Hyderabad,2023-10-18,2023-10-25,33.68,907.8,Delivered,918.29
SHP00107,Chennai,Chennai,2023-08-05,2023-08-07,9.8,1211.3,Delivered,1020.59
SHP00108,Ahmedabad,Delhi,2023-03-24,2023-03-26,31.43,1792.1,Delivered,1571.17
SHP00109,Delhi,Hyderabad,2023-09-21,2023-09-25,17.15,1733.8,Delivered,1439.63
SHP00110,Chennai,Chennai,2023-09-05,2023-09-09,10.95,1781.9,Delivered,1429.36
SHP00111,Chennai,Kolkata,2023-09-28,2023-10-05,16.0,547.3,Delivered,540.62
SHP00112,Bangalore,Ahmedabad,2023-10-03,2023-10-06,9.35,79.6,Delivered,164.89
SHP00113,Bangalore,Kolkata,2023-06-16,2023-06-22,45.14,529.5,Failed,683.8
SHP00114,Kolkata,Delhi,2023-05-27,2023-05-31,20.16,564.6,Delivered,554.27
SHP00115,Ahmedabad,Chennai,2023-02-16,2023-02-20,12.64,1819.6,Delivered,1478.1
SHP00116,Delhi,Kolkata,2023-10-03,2023-10-05,22.7,1302.0,Delivered,1129.41
SHP00117,Ahmedabad,Chennai,2023-09-08,2023-09-11,16.37,172.6,Delivered,276.3
SHP00118,Mumbai,Hyderabad,2023-09-14,2023-09-16,37.35,279.4,Delivered,432.42
SHP00119,Pune,Delhi,2023-04-13,2023-04-17,48.58,319.8,Delayed,539.41
SHP00120,Delhi,Kolkata,2023-11-27,2023-11-28,22.18,1264.5,Delivered,1099.92
SHP00121,Delhi,Pune,2023-03-10,2023-03-14,43.12,1473.5,Delivered,1364.99
SHP00122,Hyderabad,Hyderabad,2023-05-08,2023-05-12,28.51,1720.7,Delivered,1500.7
SHP00123,Ahmedabad,Ahmedabad,2023-08-22,2023-09-03,8.28,1881.9,Delayed,1492.44
SHP00124,Kolkata,Pune,2023-06-27,2023-07-11,34.69,411.4,Delayed,515.8
SHP00125,Hyderabad,Pune,2023-01-24,2023-01-26,25.92,626.4,Delivered,632.17
SHP00126,Delhi,Mumbai,2023-07-07,2023-07-09,32.71,488.2,Delivered,579.88
SHP00127,Delhi,Mumbai,2023-03-28,2023-04-02,44.54,723.9,Delivered,821.29
SHP00128,Delhi,Delhi,2023-08-13,2023-08-16,22.3,1830.2,Delivered,1527.24
SHP00129,Chennai,Kolkata,2023-09-06,2023-09-08,45.11,1154.5,Delivered,1149.04
SHP00130,Ahmedabad,Kolkata,2023-08-01,2023-08-07,37.66,1479.0,Delayed,1329.99
SHP00131,Pune,Kolkata,2023-07-01,2023-07-04,24.69,985.3,Delivered,926.72
SHP00132,Pune,Chennai,2023-12-26,2023-12-27,30.36,67.4,Delivered,265.01
SHP00133,Hyderabad,Hyderabad,2023-03-05,2023-03-07,16.62,137.7,Delivered,255.79
SHP00134,Delhi,Kolkata,2023-09-08,2023-09-11,49.19,1080.5,Delivered,1123.79
SHP00135,Pune,Hyderabad,2023-12-04,2023-12-10,33.53,1440.4,Delivered,1292.2
SHP00136,Bangalore,Delhi,2023-11-12,2023-11-17,2.67,438.5,Delivered,388.2
SHP00137,Ahmedabad,Pune,2023-03-23,2023-03-26,16.67,1446.6,Delivered,1228.14
SHP00138,Pune,Kolkata,2023-02-10,2023-02-17,31.35,1623.2,Delivered,1409.51
SHP00139,Kolkata,Delhi,2023-03-08,2023-03-12,3.29,829.7,Delivered,681.29
SHP00140,Ahmedabad,Kolkata,2023-07-28,2023-08-03,1.68,1495.4,Failed,1164.69
SHP00141,Kolkata,Mumbai,2023-01-27,2023-01-30,22.78,814.0,Delivered,772.6
SHP00142,Pune,Bangalore,2023-09-27,2023-10-02,16.97,1359.9,Delivered,1156.86
SHP00143,Bangalore,Delhi,2023-12-10,2023-12-12,22.2,1530.4,Delivered,1297.25
SHP00144,Kolkata,Kolkata,2023-01-03,2023-01-06,13.5,1983.9,Delivered,1586.49
SHP00145,Chennai,Ahmedabad,2023-08-03,2023-08-09,8.65,697.3,Delayed,625.0
SHP00146,Pune,Bangalore,2023-10-03,2023-10-07,34.61,828.0,Delayed,824.85
SHP00147,Chennai,Delhi,2023-11-12,2023-11-13,25.97,339.6,Delivered,453.49
SHP00148,Pune,Ahmedabad,2023-04-09,2023-04-16,10.41,416.1,Delivered,402.99
SHP00149,Mumbai,Ahmedabad,2023-08-14,2023-08-20,16.32,1389.9,Delivered,1180.58
SHP00150,Mumbai,Chennai,2023-12-21,2023-12-25,29.79,1834.9,Delayed,1572.52
SHP00151,Mumbai,Ahmedabad,2023-02-07,2023-02-11,4.08,795.3,Delivered,649.26
SHP00152,Kolkata,Kolkata,2023-05-15,2023-05-21,7.8,367.9,Delivered,363.81
SHP00153,Chennai,Chennai,2023-11-16,2023-11-19,4.13,577.3,Delivered,504.3
SHP00154,Chennai,Mumbai,2023-01-27,2023-01-31,40.71,915.6,Failed,954.44
SHP00155,Chennai,Kolkata,2023-12-04,2023-12-05,37.74,588.4,Delivered,689.29
SHP00156,Bangalore,Pune,2023-10-08,2023-10-10,37.79,474.8,Delivered,578.22
SHP00157,Chennai,Ahmedabad,2023-10-30,2023-10-31,35.96,1474.6,Delivered,1324.12
SHP00158,Bangalore,Mumbai,2023-08-22,2023-08-29,33.63,25.6,Delayed,229.83
SHP00159,Mumbai,Bangalore,2023-01-19,2023-01-25,24.11,1083.1,Delivered,967.53
SHP00160,Mumbai,Delhi,2023-04-03,2023-04-08,32.29,1589.6,Delayed,1401.93
SHP00161,Kolkata,Ahmedabad,2023-01-09,2023-01-16,2.4,539.8,Delivered,486.22
SHP00162,Pune,Hyderabad,2023-07-29,2023-08-01,31.26,1210.6,Delivered,1114.83
SHP00163,Mumbai,Mumbai,2023-02-20,2023-03-01,39.0,1341.1,Delayed,1260.5
SHP00164,Pune,Hyderabad,2023-10-23,2023-11-07,25.27,1313.5,Delayed,1168.79
SHP00165,Pune,Ahmedabad,2023-12-20,2023-12-26,18.2,897.2,Delivered,827.9
SHP00166,Ahmedabad,Hyderabad,2023-11-09,2023-11-12,14.23,699.7,Delivered,634.55
SHP00167,Kolkata,Ahmedabad,2023-06-05,2023-06-11,32.32,1673.5,Delivered,1476.88
SHP00168,Delhi,Delhi,2023-07-02,2023-07-09,34.79,1519.3,Delivered,1378.68
SHP00169,Delhi,Bangalore,2023-08-22,2023-08-24,43.61,649.3,Delivered,741.89
SHP00170,Hyderabad,Delhi,2023-07-10,2023-07-16,17.45,215.0,Delivered,292.37
SHP00171,Ahmedabad,Kolkata,2023-10-27,2023-10-30,38.6,152.9,Delivered,376.48
SHP00172,Kolkata,Mumbai,2023-07-02,2023-07-09,28.29,197.6,Delivered,350.88
SHP00173,Hyderabad,Hyderabad,2023-04-09,2023-04-15,44.2,1169.9,Delivered,1139.73
SHP00174,Hyderabad,Delhi,2023-01-05,2023-01-09,26.63,112.8,Delivered,270.31
SHP00175,Ahmedabad,Ahmedabad,2023-11-08,2023-11-11,26.12,680.5,Delivered,687.15
SHP00176,Delhi,Delhi,2023-05-28,2023-05-29,29.1,1508.9,Delivered,1326.77
SHP00177,Kolkata,Delhi,2023-08-17,2023-08-18,37.59,595.8,Delivered,679.01
SHP00178,Delhi,Mumbai,2023-01-10,2023-01-14,48.25,1529.0,Delivered,1429.17
SHP00179,Hyderabad,Bangalore,2023-05-02,2023-05-04,4.14,1493.5,Delivered,1197.82
SHP00180,Kolkata,Pune,2023-03-08,2023-03-11,3.15,499.2,Delivered,451.29
SHP00181,Hyderabad,Delhi,2023-03-22,2023-03-28,46.91,1460.4,Delivered,1394.81
SHP00182,Chennai,Mumbai,2023-11-30,2023-12-12,26.73,1498.1,Failed,1293.44
SHP00183,Ahmedabad,Hyderabad,2023-02-12,2023-02-18,30.94,800.9,Delivered,818.29
SHP00184,Pune,Ahmedabad,2023-09-04,2023-09-11,24.38,428.7,Delivered,483.62
SHP00185,Kolkata,Kolkata,2023-03-21,2023-03-25,5.14,1047.3,Delivered,858.27
SHP00186,Kolkata,Pune,2023-12-30,2024-01-13,38.52,1843.6,Delayed,1641.36
SHP00187,Pune,Chennai,2023-04-12,2023-04-14,37.49,1282.8,Delivered,1197.73
SHP00188,Hyderabad,Pune,2023-10-23,2023-10-31,15.93,354.1,Delayed,383.11
SHP00189,Chennai,Ahmedabad,2023-07-04,2023-07-10,15.66,1368.7,Delivered,1141.22
SHP00190,Bangalore,Pune,2023-05-17,2023-05-22,41.97,860.1,Failed,903.84
SHP00191,Pune,Ahmedabad,2023-10-05,2023-10-09,4.08,1187.1,Delivered,971.23
SHP00192,Ahmedabad,Mumbai,2023-09-01,2023-09-04,44.11,1470.8,Delivered,1393.54
SHP00193,Delhi,Chennai,2023-08-19,2023-08-27,13.2,1034.7,Delayed,903.52
SHP00194,Hyderabad,Delhi,2023-06-14,2023-06-18,29.85,1629.8,Delivered,1436.68
SHP00195,Pune,Delhi,2023-03-18,2023-03-24,46.83,1447.1,Delivered,1379.39
SHP00196,Pune,Pune,2023-06-09,2023-06-10,34.07,1234.0,Delivered,1161.67
SHP00197,Kolkata,Mumbai,2023-12-08,2023-12-11,21.01,310.1,Delivered,370.68
SHP00198,Delhi,Chennai,2023-04-25,2023-04-29,34.63,1673.5,Failed,1495.47
SHP00199,Delhi,Delhi,2023-12-30,2024-01-05,17.53,1872.5,Delivered,1537.88
SHP00200,Ahmedabad,Hyderabad,2023-04-05,2023-04-11,14.22,282.6,Delayed,349.91
SHP00201,Delhi,Bangalore,2023-01-23,2023-02-01,49.84,981.6,Failed,1018.43
SHP00202,Pune,Bangalore,2023-09-07,2023-09-11,37.66,525.2,Delivered,640.81
SHP00203,Bangalore,Delhi,2023-02-18,2023-02-23,32.41,1511.5,Delivered,1355.1
SHP00204,Mumbai,Chennai,2023-06-09,2023-06-11,18.09,1446.0,Failed,1244.83
SHP00205,Hyderabad,Kolkata,2023-10-30,2023-11-03,2.93,290.4,Delivered,293.2
SHP00206,Mumbai,Delhi,2023-06-24,2023-06-27,2.04,1755.3,Delayed,1371.98
SHP00207,Pune,Kolkata,2023-01-16,2023-01-22,27.93,370.1,Delivered,469.51
SHP00208,Mumbai,Kolkata,2023-09-06,2023-09-12,38.22,1596.5,Delivered,1433.14
SHP00209,Pune,Ahmedabad,2023-06-04,2023-06-11,27.1,919.4,Delayed,862.89
SHP00210,Mumbai,Ahmedabad,2023-08-01,2023-08-04,42.12,663.3,Delivered,748.02
SHP00211,Delhi,Chennai,2023-12-03,2023-12-04,2.15,324.9,Delivered,293.31
SHP00212,Chennai,Kolkata,2023-10-06,2023-10-11,18.65,343.6,Delivered,402.9
SHP00213,Delhi,Hyderabad,2023-11-07,2023-11-16,12.23,1327.2,Delayed,1122.8
SHP00214,Delhi,Chennai,2023-01-05,2023-01-12,22.64,1105.4,Delivered,1008.76
SHP00215,Ahmedabad,Delhi,2023-10-17,2023-10-23,4.08,252.9,Delivered,242.27
SHP00216,Kolkata,Pune,2023-01-13,2023-01-16,47.73,234.3,Delivered,447.57
SHP00217,Kolkata,Hyderabad,2023-03-13,2023-03-20,11.55,153.9,Delivered,212.98
SHP00218,Mumbai,Mumbai,2023-08-01,2023-08-03,46.15,1490.1,Delivered,1388.53
SHP00219,Pune,Bangalore,2023-02-20,2023-02-22,21.58,1426.6,Delivered,1211.65
SHP00220,Ahmedabad,Delhi,2023-11-23,2023-11-27,49.28,126.3,Delivered,386.66
SHP00221,Delhi,Delhi,2023-01-29,2023-02-07,27.93,1124.9,Delayed,1036.83
SHP00222,Ahmedabad,Delhi,2023-04-06,2023-04-08,46.58,178.5,Delivered,419.9
SHP00223,Mumbai,Hyderabad,2023-01-15,2023-01-18,0.76,1808.5,Delivered,1411.91
SHP00224,Kolkata,Mumbai,2023-07-21,2023-07-24,37.54,1815.2,Failed,1592.65
SHP00225,Chennai,Pune,2023-11-26,2023-11-27,45.2,1399.5,Delivered,1333.88
SHP00226,Hyderabad,Chennai,2023-05-31,2023-06-03,7.42,1853.1,Delayed,1489.98
SHP00227,Mumbai,Ahmedabad,2023-01-28,2023-01-31,5.26,1624.8,Delivered,1288.75
SHP00228,Ahmedabad,Mumbai,2023-06-06,2023-06-12,21.52,1658.8,Delivered,1385.12
SHP00229,Chennai,Hyderabad,2023-03-21,2023-03-23,46.72,1143.7,Delivered,1133.23
SHP00230,Hyderabad,Delhi,2023-05-03,2023-05-04,27.35,619.1,Delivered,636.57
SHP00231,Bangalore,Bangalore,2023-06-30,2023-07-03,26.61,443.4,Delivered,514.29
SHP00232,Mumbai,Delhi,2023-02-16,2023-02-18,7.49,661.1,Delivered,569.51
SHP00233,Mumbai,Chennai,2023-06-22,2023-06-28,0.54,1260.7,Delivered,996.74
SHP00234,Bangalore,Kolkata,2023-11-25,2023-12-02,40.6,353.6,Delivered,507.04
SHP00235,Bangalore,Bangalore,2023-06-23,2023-06-27,4.83,524.7,Delivered,477.22
SHP00236,Mumbai,Delhi,2023-10-03,2023-10-10,31.88,941.4,Delivered,896.55
SHP00237,Bangalore,Pune,2023-05-19,2023-05-24,45.77,473.8,Delivered,636.39
SHP00238,Delhi,Bangalore,2023-01-22,2023-01-29,10.83,1181.4,Delivered,976.98
SHP00239,Hyderabad,Kolkata,2023-07-15,2023-07-21,33.43,1847.1,Delivered,1582.51
SHP00240,Hyderabad,Ahmedabad,2023-04-04,2023-04-06,4.4,1498.7,Delivered,1210.79
SHP00241,Hyderabad,Mumbai,2023-10-10,2023-10-17,30.39,1336.2,Delivered,1210.96
SHP00242,Delhi,Hyderabad,2023-09-06,2023-09-09,8.61,1169.6,Delivered,954.21
SHP00243,Pune,Ahmedabad,2023-07-06,2023-07-08,36.93,981.0,Delivered,976.96
SHP00244,Bangalore,Delhi,2023-04-19,2023-05-01,15.41,381.3,Failed,417.49
SHP00245,Chennai,Chennai,2023-11-27,2023-12-01,23.44,1790.5,Delivered,1509.01
SHP00246,Bangalore,Mumbai,2023-06-24,2023-06-27,30.17,504.6,Delivered,576.07
SHP00247,Mumbai,Ahmedabad,2023-12-14,2023-12-28,8.98,191.7,Delayed,254.16
SHP00248,Kolkata,Delhi,2023-09-13,2023-09-18,37.21,1502.5,Delivered,1352.73
SHP00249,Ahmedabad,Mumbai,2023-07-03,2023-07-07,15.48,359.5,Delivered,392.96
SHP00250,Ahmedabad,Ahmedabad,2023-11-30,2023-12-06,33.29,750.1,Delivered,772.19
SHP00251,Hyderabad,Chennai,2023-05-16,2023-05-17,8.34,66.3,Delivered,152.27
SHP00252,Bangalore,Delhi,2023-11-23,2023-11-28,34.56,282.8,Delivered,451.56
SHP00253,Chennai,Kolkata,2023-09-05,2023-09-12,6.85,354.7,Delivered,364.27
SHP00254,Mumbai,Kolkata,2023-09-14,2023-09-15,21.56,118.3,Delivered,258.43
SHP00255,Delhi,Chennai,2023-11-02,2023-11-03,12.74,1316.7,Delivered,1120.7
SHP00256,Pune,Bangalore,2023-11-11,2023-11-16,37.54,1675.6,Delivered,1502.29
SHP00257,Delhi,Chennai,2023-12-16,2023-12-21,13.47,752.9,Delivered,692.07
SHP00258,Chennai,Bangalore,2023-09-08,2023-09-11,44.15,1750.4,Delivered,1602.86
SHP00259,Mumbai,Delhi,2023-03-11,2023-03-16,44.65,434.6,Delivered,579.48
SHP00260,Hyderabad,Ahmedabad,2023-06-21,2023-06-27,10.22,657.5,Delivered,599.59
SHP00261,Bangalore,Bangalore,2023-10-27,2023-10-29,30.89,310.0,Delivered,446.51
SHP00262,Mumbai,Delhi,2023-09-11,2023-09-20,4.84,1244.9,Failed,1024.59
SHP00263,Ahmedabad,Delhi,2023-10-30,2023-11-06,19.88,845.5,Delivered,798.88
SHP00264,Pune,Pune,2023-02-10,2023-02-11,35.81,1230.4,Delivered,1165.53
SHP00265,Delhi,Hyderabad,2023-05-20,2023-05-23,33.14,1525.7,Delivered,1377.81
SHP00266,Pune,Delhi,2023-09-24,2023-09-27,31.42,1095.9,Delivered,1030.52
SHP00267,Pune,Bangalore,2023-04-04,2023-04-10,14.49,1259.0,Delivered,1046.98
SHP00268,Chennai,Hyderabad,2023-10-02,2023-10-14,19.21,1871.1,Failed,1529.82
SHP00269,Chennai,Hyderabad,2023-01-10,2023-01-14,5.6,605.1,Delivered,533.61
SHP00270,Bangalore,Delhi,2023-08-07,2023-08-09,36.09,724.7,Failed,771.39
SHP00271,Chennai,Chennai,2023-03-12,2023-03-15,25.44,1438.2,Delivered,1253.9
SHP00272,Chennai,Chennai,2023-09-28,2023-10-07,35.58,1226.5,Failed,1143.79
SHP00273,Mumbai,Kolkata,2023-02-01,2023-02-08,12.82,365.3,Delivered,404.78
SHP00274,Ahmedabad,Hyderabad,2023-12-01,2023-12-08,16.56,758.5,Delivered,696.04
SHP00275,Hyderabad,Delhi,2023-07-02,2023-07-16,17.04,941.0,Delayed,855.2
SHP00276,Bangalore,Pune,2023-12-21,2023-12-26,1.77,844.6,Delivered,708.41
SHP00277,Mumbai,Chennai,2023-01-05,2023-01-13,17.38,364.8,Failed,410.48
SHP00278,Hyderabad,Pune,2023-05-25,2023-05-29,40.26,1849.6,Delivered,1636.38
SHP00279,Pune,Delhi,2023-07-17,2023-07-19,44.92,1527.0,Delivered,1430.29
SHP00280,Mumbai,Delhi,2023-07-21,2023-07-22,26.15,967.9,Delivered,914.99
SHP00281,Kolkata,Ahmedabad,2023-12-09,2023-12-12,23.05,1363.3,Delivered,1180.87
SHP00282,Mumbai,Hyderabad,2023-07-06,2023-07-09,2.03,1795.6,Delivered,1390.95
SHP00283,Chennai,Ahmedabad,2023-04-23,2023-04-30,44.02,281.0,Delivered,471.44
SHP00284,Hyderabad,Pune,2023-11-26,2023-12-02,1.14,508.2,Delivered,422.09
SHP00285,Bangalore,Ahmedabad,2023-05-12,2023-05-16,47.27,1090.0,Delivered,1095.64
SHP00286,Bangalore,Kolkata,2023-06-13,2023-06-20,24.72,1600.0,Delivered,1364.07
SHP00287,Hyderabad,Hyderabad,2023-01-28,2023-01-29,17.43,82.1,Delivered,204.23
SHP00288,Chennai,Mumbai,2023-06-21,2023-06-22,46.25,1968.2,Delivered,1775.58
SHP00289,Delhi,Ahmedabad,2023-10-14,2023-10-21,1.71,915.3,Delivered,752.45
SHP00290,Mumbai,Pune,2023-01-08,2023-01-15,29.28,724.9,Delivered,757.14
SHP00291,Chennai,Chennai,2023-12-26,2023-12-30,27.67,592.5,Delayed,644.09
SHP00292,Kolkata,Chennai,2023-10-30,2023-11-04,11.36,357.0,Delivered,383.67
SHP00293,Ahmedabad,Chennai,2023-10-18,2023-10-22,21.73,1585.2,Delivered,1344.11
SHP00294,Pune,Bangalore,2023-09-25,2023-09-27,32.79,1911.3,Delivered,1640.42
SHP00295,Hyderabad,Delhi,2023-12-11,2023-12-16,36.49,833.2,Delayed,871.2
SHP00296,Ahmedabad,Hyderabad,2023-10-22,2023-10-23,0.54,1905.3,Delivered,1497.89
SHP00297,Mumbai,Chennai,2023-02-16,2023-02-22,46.87,1649.4,Delivered,1519.48
SHP00298,Bangalore,Mumbai,2023-01-07,2023-01-14,8.64,967.3,Delivered,799.04
SHP00299,Pune,Chennai,2023-08-02,2023-08-05,12.06,1351.3,Delivered,1135.48
SHP00300,Ahmedabad,Kolkata,2023-06-28,2023-07-10,13.54,875.6,Failed,765.8
SHP00301,Delhi,Delhi,2023-10-19,2023-11-03,2.37,1121.9,Delayed,883.67
SHP00302,Ahmedabad,Pune,2023-11-22,2023-11-27,6.59,125.5,Delayed,189.27
SHP00303,Kolkata,Delhi,2023-05-11,2023-05-15,49.32,1395.6,Delivered,1344.0
SHP00304,Bangalore,Ahmedabad,2023-01-27,2023-02-03,16.1,115.1,Delivered,224.23
SHP00305,Hyderabad,Pune,2023-08-22,2023-09-01,6.21,1636.0,Delayed,1324.64
SHP00306,Mumbai,Pune,2023-06-09,2023-06-10,5.8,1651.6,Delivered,1319.35
SHP00307,Hyderabad,Ahmedabad,2023-08-14,2023-08-20,36.11,481.8,Delivered,592.03
SHP00308,Pune,Hyderabad,2023-02-07,2023-02-08,42.8,654.1,Delivered,746.2
SHP00309,Mumbai,Ahmedabad,2023-06-03,2023-06-08,13.22,967.8,Delivered,834.16
SHP00310,Chennai,Bangalore,2023-05-31,2023-06-04,1.54,1197.4,Delivered,967.61
SHP00311,Delhi,Pune,2023-10-08,2023-10-21,11.54,581.8,Delayed,542.01
SHP00312,Chennai,Pune,2023-09-28,2023-10-03,3.3,1189.0,Delivered,944.79
SHP00313,Chennai,Ahmedabad,2023-06-10,2023-06-17,5.62,602.6,Delivered,513.83
SHP00314,Hyderabad,Hyderabad,2023-04-02,2023-04-05,21.86,120.4,Delivered,248.52
SHP00315,Pune,Chennai,2023-08-18,2023-08-19,11.88,15.0,Delivered,119.25
SHP00316,Delhi,Kolkata,2023-03-05,2023-03-08,26.04,211.3,Delivered,344.81
SHP00317,Ahmedabad,Mumbai,2023-07-31,2023-08-01,13.05,1586.6,Delivered,1304.04
SHP00318,Mumbai,Hyderabad,2023-02-09,2023-02-12,47.06,1923.2,Delivered,1713.44
SHP00319,Mumbai,Bangalore,2023-04-24,2023-04-27,45.34,859.7,Failed,921.79
SHP00320,Kolkata,Hyderabad,2023-12-24,2023-12-28,28.56,1030.2,Delivered,981.72
SHP00321,Bangalore,Delhi,2023-01-01,2023-01-12,18.04,302.2,Failed,353.23
SHP00322,Kolkata,Chennai,2023-05-04,2023-05-11,19.37,1106.6,Delivered,984.39
SHP00323,Ahmedabad,Chennai,2023-06-24,2023-06-25,20.89,297.9,Delivered,381.63
SHP00324,Kolkata,Pune,2023-05-25,2023-05-31,36.52,1226.3,Delivered,1162.27
SHP00325,Mumbai,Chennai,2023-02-18,2023-02-21,22.86,1867.2,Delivered,1550.72
SHP00326,Hyderabad,Chennai,2023-07-14,2023-07-21,42.91,399.4,Delivered,581.76
SHP00327,Chennai,Ahmedabad,2023-09-29,2023-09-30,47.23,1531.5,Delivered,1439.61
SHP00328,Pune,Chennai,2023-08-21,2023-08-25,17.13,56.8,Delivered,192.13
SHP00329,Chennai,Chennai,2023-06-16,2023-06-22,28.25,757.2,Delivered,749.01
SHP00330,Chennai,Mumbai,2023-08-09,2023-08-12,5.21,230.4,Delivered,258.43
SHP00331,Delhi,Bangalore,2023-05-05,2023-05-11,10.42,711.4,Delivered,646.89
SHP00332,Mumbai,Pune,2023-01-15,2023-01-19,20.97,355.3,Delivered,417.22
SHP00333,Ahmedabad,Ahmedabad,2023-06-16,2023-06-23,10.71,752.9,Delivered,663.58
SHP00334,Ahmedabad,Chennai,2023-10-19,2023-10-21,43.89,840.9,Delivered,906.44
SHP00335,Pune,Pune,2023-02-07,2023-02-13,8.34,608.2,Delivered,531.59
SHP00336,Hyderabad,Bangalore,2023-04-16,2023-04-17,23.06,1316.7,Delivered,1162.25
SHP00337,Delhi,Ahmedabad,2023-08-14,2023-08-19,30.48,1838.5,Delivered,1562.99
SHP00338,Bangalore,Kolkata,2023-07-04,2023-07-08,34.75,807.2,Delivered,816.77
SHP00339,Hyderabad,Chennai,2023-02-14,2023-02-16,19.46,392.8,Failed,448.47
SHP00340,Kolkata,Pune,2023-06-07,2023-06-09,43.52,548.7,Delivered,663.06
SHP00341,Hyderabad,Hyderabad,2023-11-19,2023-11-27,28.63,1709.5,Delayed,1494.15
SHP00342,Hyderabad,Ahmedabad,2023-10-14,2023-10-19,22.26,1147.6,Delivered,1036.74
SHP00343,Chennai,Ahmedabad,2023-03-10,2023-03-24,3.83,915.5,Delayed,760.83
SHP00344,Hyderabad,Pune,2023-10-02,2023-10-03,23.5,307.8,Delivered,411.11
SHP00345,Ahmedabad,Chennai,2023-05-07,2023-05-13,41.13,905.0,Delayed,949.9
SHP00346,Kolkata,Delhi,2023-08-24,2023-08-30,30.92,564.2,Delivered,618.13
SHP00347,Kolkata,Mumbai,2023-01-18,2023-01-21,41.69,1886.9,Delivered,1687.6
SHP00348,Mumbai,Hyderabad,2023-03-19,2023-03-26,24.95,1769.3,Delivered,1489.52
SHP00349,Hyderabad,Hyderabad,2023-09-24,2023-09-27,6.36,177.0,Delivered,211.08
SHP00350,Chennai,Delhi,2023-10-26,2023-11-04,1.18,1038.1,Failed,836.81
SHP00351,Hyderabad,Chennai,2023-07-18,2023-07-22,15.51,457.9,Delivered,479.53
SHP00352,Bangalore,Ahmedabad,2023-01-26,2023-02-03,35.05,827.4,Delayed,827.01
SHP00353,Bangalore,Ahmedabad,2023-01-21,2023-01-26,39.62,1754.9,Delivered,1555.9
SHP00354,Chennai,Mumbai,2023-04-04,2023-04-06,15.14,1059.8,Delivered,924.89
SHP00355,Mumbai,Hyderabad,2023-01-05,2023-01-09,25.03,675.1,Delivered,675.77
SHP00356,Mumbai,Mumbai,2023-01-15,2023-01-25,21.35,423.7,Delayed,485.53
SHP00357,Kolkata,Hyderabad,2023-05-15,2023-05-22,20.82,1602.6,Delivered,1362.12
SHP00358,Kolkata,Chennai,2023-04-26,2023-04-28,11.95,1252.8,Delivered,1038.73
SHP00359,Delhi,Kolkata,2023-07-12,2023-07-14,7.25,941.5,Delivered,778.21
SHP00360,Chennai,Hyderabad,2023-12-27,2024-01-01,10.24,442.8,Delivered,438.46
SHP00361,Hyderabad,Kolkata,2023-03-21,2023-04-04,3.24,675.2,Delayed,570.62
SHP00362,Pune,Hyderabad,2023-03-28,2023-03-29,10.31,1920.1,Delivered,1528.38
SHP00363,Chennai,Ahmedabad,2023-02-23,2023-02-28,0.96,1045.0,Delivered,831.6
SHP00364,Delhi,Bangalore,2023-12-30,2024-01-04,31.55,807.4,Delivered,805.42
SHP00365,Kolkata,Chennai,2023-11-02,2023-11-13,16.16,1047.6,Failed,900.83
SHP00366,Chennai,Delhi,2023-05-28,2023-05-30,48.67,1560.2,Delivered,1465.38
SHP00367,Chennai,Kolkata,2023-10-01,2023-10-03,10.09,686.8,Delivered,626.1
SHP00368,Kolkata,Delhi,2023-09-21,2023-09-22,17.62,365.6,Delivered,415.32
SHP00369,Ahmedabad,Chennai,2023-09-17,2023-09-21,18.21,1174.0,Delivered,1034.6
SHP00370,Delhi,Pune,2023-12-18,2023-12-21,0.92,1333.8,Delivered,1040.05
SHP00371,Kolkata,Delhi,2023-02-02,2023-02-09,42.04,1428.3,Delivered,1328.85
SHP00372,Mumbai,Chennai,2023-12-18,2023-12-21,2.08,1765.2,Delayed,1388.68
SHP00373,Hyderabad,Ahmedabad,2023-12-07,2023-12-19,47.04,748.6,Delayed,853.69
SHP00374,Kolkata,Delhi,2023-08-28,2023-08-29,44.66,160.0,Delivered,401.13
SHP00375,Delhi,Kolkata,2023-12-02,2023-12-04,27.01,1917.1,Delivered,1632.03
SHP00376,Bangalore,Bangalore,2023-04-16,2023-04-17,27.41,875.7,Delivered,849.88
SHP00377,Mumbai,Delhi,2023-04-15,2023-04-16,32.86,1250.3,Delivered,1135.79
SHP00378,Bangalore,Kolkata,2023-02-07,2023-02-13,19.66,1335.9,Delivered,1158.04
SHP00379,Pune,Hyderabad,2023-12-28,2023-12-29,32.54,1097.6,Delivered,1044.89
SHP00380,Kolkata,Chennai,2023-06-30,2023-07-05,2.72,418.5,Delivered,397.21
SHP00381,Mumbai,Mumbai,2023-02-19,2023-02-26,3.18,1512.7,Delivered,1208.16
SHP00382,Hyderabad,Pune,2023-04-23,2023-04-28,23.13,1609.5,Failed,1380.25
SHP00383,Kolkata,Ahmedabad,2023-12-24,2023-12-30,27.71,1110.4,Delivered,1021.94
SHP00384,Hyderabad,Mumbai,2023-06-12,2023-06-13,44.45,982.2,Delivered,1023.62
SHP00385,Ahmedabad,Ahmedabad,2023-12-30,2024-01-03,5.68,236.7,Delivered,275.8
SHP00386,Chennai,Chennai,2023-12-30,2024-01-02,41.22,177.1,Delivered,400.09
SHP00387,Bangalore,Ahmedabad,2023-01-29,2023-01-30,10.9,685.7,Delivered,623.28
SHP00388,Mumbai,Bangalore,2023-01-30,2023-02-03,20.01,628.6,Delivered,604.66
SHP00389,Hyderabad,Delhi,2023-02-17,2023-03-01,16.17,1907.8,Failed,1570.77
SHP00390,Delhi,Bangalore,2023-07-18,2023-07-23,20.31,1569.4,Failed,1336.94
SHP00391,Hyderabad,Mumbai,2023-10-29,2023-10-30,7.95,1323.2,Delivered,1093.17
SHP00392,Delhi,Pune,2023-11-14,2023-11-19,25.43,1040.1,Delivered,942.21
SHP00393,Kolkata,Kolkata,2023-02-21,2023-02-24,40.18,343.1,Delayed,514.37
SHP00394,Mumbai,Pune,2023-03-16,2023-03-22,22.36,1957.1,Delivered,1621.45
SHP00395,Hyderabad,Chennai,2023-05-09,2023-05-14,24.79,756.3,Delivered,751.59
SHP00396,Pune,Chennai,2023-10-05,2023-10-07,42.51,222.8,Delivered,419.26
SHP00397,Hyderabad,Bangalore,2023-04-11,2023-04-12,35.45,992.7,Delivered,979.13
SHP00398,Ahmedabad,Kolkata,2023-05-09,2023-05-23,24.78,1749.3,Delayed,1477.67
SHP00399,Pune,Bangalore,2023-05-11,2023-05-17,13.26,1775.7,Delivered,1428.43
SHP00400,Mumbai,Delhi,2023-09-04,2023-09-07,44.3,31.8,Delivered,300.68
SHP00401,Ahmedabad,Hyderabad,2024-01-01,2024-01-07,29.06,1773.7,Delivered,1510.11
SHP00402,Hyderabad,Kolkata,2023-12-31,2024-01-04,11.45,550.3,Delivered,526.35
SHP00403,Delhi,Hyderabad,2023-04-15,2023-04-17,13.82,87.6,Delayed,201.82
SHP00404,Hyderabad,Pune,2023-01-30,2023-02-04,40.26,1697.1,Delivered,1542.89
SHP00405,Bangalore,Delhi,2023-11-06,2023-11-09,2.69,1729.1,Delivered,1349.71
SHP00406,Kolkata,Ahmedabad,2023-08-17,2023-08-27,49.61,1196.5,Delayed,1207.8
SHP00407,Chennai,Ahmedabad,2023-11-24,2023-11-26,6.95,1153.1,Delivered,943.72
SHP00408,Delhi,Hyderabad,2023-06-20,2023-06-27,39.91,1628.1,Delivered,1486.64
SHP00409,Bangalore,Mumbai,2023-05-22,2023-05-23,20.04,1574.8,Delivered,1342.8
SHP00410,Pune,Pune,2023-10-28,2023-10-31,24.86,1781.3,Delivered,1493.23
SHP00411,Kolkata,Hyderabad,2023-07-29,2023-07-30,44.09,1110.0,Delivered,1099.24
SHP00412,Mumbai,Delhi,2023-03-06,2023-03-07,20.94,1935.6,Delivered,1599.89
SHP00413,Delhi,Hyderabad,2023-09-06,2023-09-11,27.11,1992.3,Delivered,1691.18
SHP00414,Chennai,Chennai,2023-02-10,2023-02-23,2.94,241.9,Delayed,242.54
SHP00415,Kolkata,Bangalore,2023-09-13,2023-09-16,0.62,1700.6,Delivered,1335.93
SHP00416,Pune,Mumbai,2023-01-07,2023-01-14,12.62,1004.6,Delivered,870.65
SHP00417,Ahmedabad,Chennai,2023-05-28,2023-06-04,34.19,781.3,Delivered,825.95
SHP00418,Ahmedabad,Chennai,2023-06-12,2023-06-25,6.5,1230.0,Failed,1022.51
SHP00419,Chennai,Delhi,2023-08-29,2023-08-30,6.13,121.4,Delivered,168.81
SHP00420,Mumbai,Bangalore,2023-09-17,2023-09-19,20.84,1017.9,Delayed,926.57
SHP00421,Mumbai,Bangalore,2023-05-14,2023-05-20,32.57,1743.1,Delivered,1533.35
SHP00422,Pune,Kolkata,2023-03-10,2023-03-17,35.75,434.8,Delayed,570.81
SHP00423,Delhi,Pune,2023-01-29,2023-01-30,9.33,858.5,Delivered,723.25
SHP00424,Pune,Mumbai,2023-10-08,2023-10-12,4.44,1879.6,Delivered,1473.98
SHP00425,Hyderabad,Pune,2023-09-26,2023-09-30,47.05,862.8,Delivered,925.16
SHP00426,Mumbai,Delhi,2023-12-21,2023-12-30,13.4,723.2,Failed,656.78
SHP00427,Kolkata,Mumbai,2023-09-24,2023-10-01,42.74,886.7,Delivered,915.5
SHP00428,Hyderabad,Kolkata,2023-10-27,2023-10-30,43.24,1043.7,Delivered,1048.82
SHP00429,Ahmedabad,Hyderabad,2023-10-23,2023-10-28,38.74,1267.7,Delivered,1201.0
SHP00430,Ahmedabad,Chennai,2023-01-17,2023-01-31,8.86,1603.4,Delayed,1296.74
SHP00431,Bangalore,Mumbai,2023-01-06,2023-01-18,41.18,909.7,Failed,944.81
SHP00432,Chennai,Pune,2023-07-01,2023-07-07,38.58,1636.8,Delivered,1453.16
SHP00433,Hyderabad,Chennai,2023-04-14,2023-04-20,30.04,1072.1,Delivered,1019.31
SHP00434,Chennai,Delhi,2023-06-27,2023-07-04,17.19,683.6,Delivered,666.21
SHP00435,Pune,Pune,2023-12-01,2023-12-09,13.49,1319.3,Failed,1111.64
SHP00436,Hyderabad,Hyderabad,2023-08-16,2023-08-20,6.53,1438.3,Failed,1176.63
SHP00437,Pune,Delhi,2023-10-11,2023-10-14,25.73,1120.5,Delivered,1004.28
SHP00438,Bangalore,Ahmedabad,2023-09-02,2023-09-06,29.47,122.7,Delivered,301.27
SHP00439,Mumbai,Hyderabad,2023-07-12,2023-07-17,18.29,348.1,Delayed,387.29
SHP00440,Ahmedabad,Hyderabad,2023-09-26,2023-10-05,24.03,577.7,Delayed,599.75
SHP00441,Bangalore,Chennai,2023-08-19,2023-08-23,18.49,572.4,Delivered,564.7
SHP00442,Ahmedabad,Delhi,2023-04-25,2023-04-26,32.23,1350.1,Delivered,1227.15
SHP00443,Mumbai,Delhi,2023-02-15,2023-02-20,45.11,46.5,Delivered,302.49
SHP00444,Pune,Mumbai,2023-05-02,2023-05-07,8.61,1513.8,Delivered,1233.89
SHP00445,Mumbai,Pune,2023-06-19,2023-06-22,19.38,538.0,Delivered,545.1
SHP00446,Ahmedabad,Ahmedabad,2023-03-23,2023-03-28,7.47,626.9,Delivered,571.96
SHP00447,Ahmedabad,Delhi,2023-12-18,2023-12-22,31.43,1060.5,Delivered,1007.88
SHP00448,Chennai,Mumbai,2023-02-19,2023-02-20,36.58,439.7,Delivered,551.29
SHP00449,Kolkata,Ahmedabad,2023-03-18,2023-03-22,46.63,1770.1,Delivered,1604.17
SHP00450,Bangalore,Bangalore,2023-11-20,2023-11-23,14.3,179.9,Delivered,270.32
SHP00451,Hyderabad,Bangalore,2023-04-10,2023-04-16,47.54,894.3,Failed,953.88
SHP00452,Ahmedabad,Ahmedabad,2023-07-28,2023-07-29,3.63,1700.4,Delivered,1344.88
SHP00453,Bangalore,Bangalore,2023-04-05,2023-04-10,30.35,1235.5,Delivered,1134.33
SHP00454,Chennai,Kolkata,2023-12-04,2023-12-06,3.33,591.7,Delivered,504.34
SHP00455,Mumbai,Delhi,2023-12-15,2023-12-22,44.74,847.3,Delayed,900.93
SHP00456,Chennai,Kolkata,2023-06-30,2023-07-14,26.73,1416.3,Failed,1244.89
SHP00457,Delhi,Pune,2023-11-15,2023-11-17,33.63,1946.8,Delivered,1666.85
SHP00458,Delhi,Delhi,2023-01-27,2023-02-06,41.66,1787.3,Delayed,1590.14
SHP00459,Hyderabad,Mumbai,2023-11-29,2023-12-04,7.94,691.4,Delivered,590.73
SHP00460,Chennai,Kolkata,2023-08-23,2023-08-30,2.41,1996.4,Delayed,1551.51
SHP00461,Pune,Kolkata,2023-11-01,2023-11-04,44.0,17.0,Delivered,275.58
SHP00462,Hyderabad,Pune,2023-09-25,2023-10-02,16.09,65.0,Delivered,197.67
SHP00463,Pune,Kolkata,2023-09-11,2023-09-16,6.88,1649.4,Delivered,1325.04
SHP00464,Hyderabad,Hyderabad,2023-09-27,2023-10-01,23.69,406.9,Delivered,485.12
SHP00465,Delhi,Mumbai,2023-06-21,2023-06-23,30.12,130.9,Delivered,280.59
SHP00466,Hyderabad,Bangalore,2023-10-10,2023-10-16,2.03,481.9,Failed,405.84
SHP00467,Delhi,Mumbai,2023-08-13,2023-08-24,14.11,857.9,Failed,776.56
SHP00468,Ahmedabad,Hyderabad,2023-06-22,2023-06-28,2.12,1463.8,Delivered,1163.39
SHP00469,Mumbai,Pune,2023-10-04,2023-10-08,21.31,1252.4,Delivered,1083.49
SHP00470,Pune,Pune,2023-12-15,2023-12-21,44.81,482.9,Delivered,632.42
SHP00471,Chennai,Delhi,2023-03-26,2023-03-31,49.14,1011.5,Delivered,1055.87
SHP00472,Ahmedabad,Mumbai,2023-01-28,2023-01-31,32.03,1853.2,Delivered,1613.79
SHP00473,Ahmedabad,Ahmedabad,2023-10-02,2023-10-04,8.5,1631.9,Delivered,1298.84
SHP00474,Hyderabad,Ahmedabad,2023-12-12,2023-12-13,45.34,653.1,Delivered,770.39
SHP00475,Delhi,Pune,2023-03-25,2023-03-28,26.05,1964.7,Delivered,1662.46
SHP00476,Bangalore,Kolkata,2023-05-02,2023-05-03,8.11,1420.2,Delivered,1174.82
SHP00477,Pune,Pune,2023-05-24,2023-05-27,46.13,134.3,Delivered,393.66
SHP00478,Ahmedabad,Pune,2023-11-21,2023-11-24,37.99,80.0,Delivered,291.0
SHP00479,Hyderabad,Pune,2023-05-23,2023-05-27,36.72,345.1,Delivered,500.81
SHP00480,Kolkata,Pune,2023-12-11,2023-12-25,35.6,1458.4,Failed,1332.33
SHP00481,Mumbai,Ahmedabad,2023-08-21,2023-08-27,10.42,375.6,Delivered,392.99
SHP00482,Mumbai,Ahmedabad,2023-08-13,2023-08-16,10.94,1027.9,Delivered,888.43
SHP00483,Bangalore,Bangalore,2023-01-18,2023-01-24,34.57,195.6,Delivered,385.7
SHP00484,Delhi,Bangalore,2023-05-20,2023-05-23,11.38,1842.6,Delivered,1472.79
SHP00485,Hyderabad,Delhi,2023-04-08,2023-04-13,22.21,694.5,Delivered,666.12
SHP00486,Pune,Pune,2023-02-02,2023-02-09,39.21,1817.2,Delivered,1620.81
SHP00487,Delhi,Ahmedabad,2023-05-13,2023-05-20,39.31,1890.3,Delivered,1654.37
SHP00488,Mumbai,Mumbai,2023-03-30,2023-04-08,22.94,22.2,Delayed,163.69
SHP00489,Delhi,Hyderabad,2023-05-17,2023-05-18,39.71,933.6,Delivered,944.8
SHP00490,Mumbai,Delhi,2023-01-19,2023-01-21,42.01,59.1,Delivered,317.17
SHP00491,Delhi,Ahmedabad,2023-06-04,2023-06-10,32.91,1818.3,Delivered,1563.34
SHP00492,Bangalore,Mumbai,2023-10-20,2023-10-23,11.81,1041.6,Delayed,897.12
SHP00493,Chennai,Pune,2023-02-26,2023-03-05,14.06,159.1,Delivered,219.77
SHP00494,Bangalore,Chennai,2023-02-28,2023-03-04,16.08,229.5,Delivered,286.91
SHP00495,Bangalore,Pune,2023-02-05,2023-02-11,6.28,773.2,Delivered,655.33
SHP00496,Chennai,Bangalore,2023-04-27,2023-04-29,14.02,1881.1,Delivered,1514.27
SHP00497,Chennai,Hyderabad,2023-09-21,2023-10-05,10.87,1388.9,Failed,1159.86
SHP00498,Ahmedabad,Ahmedabad,2023-08-12,2023-08-18,23.04,1736.6,Delivered,1482.21
SHP00499,Ahmedabad,Ahmedabad,2023-10-05,2023-10-09,45.47,739.2,Delivered,841.97
SHP00500,Hyderabad,Kolkata,2023-06-20,2023-07-05,5.67,96.0,Failed,140.05
SHP00501,Pune,Hyderabad,2023-12-27,2024-01-01,36.15,1948.9,Delivered,1693.35
SHP00502,Pune,Kolkata,2023-12-15,2023-12-19,34.52,44.2,Delivered,243.12
SHP00503,Hyderabad,Hyderabad,2023-09-10,2023-09-11,5.24,1895.8,Delivered,1489.3
SHP00504,Bangalore,Bangalore,2023-05-21,2023-05-26,46.17,743.7,Delivered,839.27
SHP00505,Bangalore,Kolkata,2023-10-04,2023-10-13,28.64,30.1,Delayed,225.18
SHP00506,Mumbai,Mumbai,2023-10-19,2023-10-21,18.5,1381.4,Delivered,1162.34
SHP00507,Mumbai,Kolkata,2023-04-07,2023-04-09,37.95,1961.3,Delivered,1702.59
SHP00508,Pune,Delhi,2023-10-30,2023-11-14,13.24,1931.6,Delayed,1581.96
SHP00509,Hyderabad,Mumbai,2023-09-20,2023-09-24,34.83,330.3,Delivered,469.04
SHP00510,Kolkata,Delhi,2023-04-13,2023-04-17,2.47,370.7,Delivered,357.93
SHP00511,Ahmedabad,Pune,2023-11-02,2023-11-08,42.05,1135.4,Delivered,1131.46
SHP00512,Kolkata,Hyderabad,2023-06-03,2023-06-10,22.68,1278.2,Delayed,1123.12
SHP00513,Hyderabad,Mumbai,2023-12-19,2023-12-26,32.02,1481.4,Failed,1312.67
SHP00514,Mumbai,Hyderabad,2023-04-04,2023-04-09,11.45,370.3,Delivered,396.61
SHP00515,Pune,Pune,2023-06-25,2023-06-28,34.02,1918.4,Delivered,1645.27
SHP00516,Pune,Chennai,2023-04-09,2023-04-16,38.73,1281.1,Delayed,1194.56
SHP00517,Mumbai,Ahmedabad,2023-03-23,2023-03-28,23.92,1695.6,Delivered,1452.7
SHP00518,Kolkata,Hyderabad,2023-04-06,2023-04-15,31.08,1084.7,Delayed,1016.27
SHP00519,Delhi,Pune,2023-09-20,2023-09-23,23.09,834.4,Delivered,779.31
SHP00520,Delhi,Hyderabad,2023-09-09,2023-09-12,44.76,1954.6,Delivered,1745.8
SHP00521,Mumbai,Pune,2023-04-23,2023-04-24,25.14,1168.4,Delivered,1061.31
SHP00522,Delhi,Delhi,2023-02-11,2023-02-13,42.17,1735.1,Delivered,1547.18
SHP00523,Chennai,Pune,2023-01-26,2023-01-30,40.17,1907.1,Delivered,1672.25
SHP00524,Hyderabad,Kolkata,2023-05-19,2023-05-27,20.82,1354.0,Delayed,1158.45
SHP00525,Hyderabad,Chennai,2023-11-23,2023-11-25,11.89,1102.4,Delivered,931.44
SHP00526,Mumbai,Hyderabad,2023-11-17,2023-11-29,20.6,17.0,Delayed,176.29
SHP00527,Bangalore,Pune,2023-08-17,2023-08-18,41.4,89.6,Delivered,332.75
SHP00528,Ahmedabad,Pune,2023-10-09,2023-10-13,11.77,409.7,Failed,422.63
SHP00529,Kolkata,Hyderabad,2023-05-06,2023-05-16,26.46,380.2,Failed,447.7
SHP00530,Mumbai,Ahmedabad,2023-07-06,2023-07-08,40.4,517.0,Delivered,625.44
SHP00531,Delhi,Chennai,2023-07-03,2023-07-09,18.0,616.8,Delivered,591.53
SHP00532,Kolkata,Chennai,2023-08-23,2023-08-24,32.29,726.5,Delivered,747.2
SHP00533,Bangalore,Pune,2023-04-05,2023-04-11,12.66,846.9,Delivered,734.33
SHP00534,Delhi,Mumbai,2023-08-24,2023-08-28,5.91,206.7,Delivered,230.99
SHP00535,Pune,Delhi,2023-08-25,2023-09-02,39.82,94.3,Failed,302.83
SHP00536,Ahmedabad,Chennai,2023-02-19,2023-02-28,5.4,1351.1,Delayed,1100.33
SHP00537,Chennai,Chennai,2023-03-13,2023-03-18,13.93,1079.3,Delivered,940.63
SHP00538,Delhi,Bangalore,2023-06-03,2023-06-05,42.83,893.8,Delivered,937.47
SHP00539,Chennai,Kolkata,2023-03-07,2023-03-13,17.65,1272.5,Delivered,1076.21
SHP00540,Kolkata,Chennai,2023-04-26,2023-04-29,48.67,1657.1,Delivered,1551.78
SHP00541,Chennai,Delhi,2023-05-15,2023-05-18,49.0,861.1,Delivered,959.45
SHP00542,Kolkata,Kolkata,2023-06-08,2023-06-19,13.78,1285.8,Delayed,1071.34
SHP00543,Kolkata,Kolkata,2023-10-01,2023-10-03,2.53,1907.6,Delivered,1501.54
SHP00544,Kolkata,Hyderabad,2023-08-12,2023-08-15,35.4,1680.9,Delivered,1501.35
SHP00545,Kolkata,Hyderabad,2023-07-01,2023-07-04,22.82,857.7,Failed,808.97
SHP00546,Kolkata,Hyderabad,2023-02-25,2023-03-03,5.49,1293.0,Delivered,1040.13
SHP00547,Delhi,Hyderabad,2023-04-13,2023-04-24,35.52,362.4,Failed,498.54
SHP00548,Kolkata,Bangalore,2023-06-19,2023-06-22,2.04,1125.4,Delivered,904.74
SHP00549,Delhi,Chennai,2023-08-26,2023-08-28,43.57,1962.8,Delivered,1735.98
SHP00550,Kolkata,Hyderabad,2023-02-04,2023-02-08,7.36,1041.4,Delayed,885.04
SHP00551,Chennai,Pune,2023-09-11,2023-09-14,6.8,1856.0,Delivered,1485.76
SHP00552,Pune,Mumbai,2023-06-07,2023-06-20,9.2,820.6,Failed,701.1
SHP00553,Kolkata,Hyderabad,2023-02-27,2023-03-04,48.03,1997.7,Failed,1791.85
SHP00554,Bangalore,Chennai,2023-01-24,2023-01-31,34.81,1162.6,Delivered,1103.55
SHP00555,Kolkata,Hyderabad,2023-04-22,2023-04-27,40.17,94.1,Delivered,307.03
SHP00556,Kolkata,Bangalore,2023-01-03,2023-01-05,20.18,1177.6,Delivered,1028.44
SHP00557,Chennai,Delhi,2023-11-03,2023-11-11,17.15,556.4,Delayed,569.27
SHP00558,Ahmedabad,Delhi,2023-03-31,2023-04-03,12.11,74.6,Delivered,169.19
SHP00559,Hyderabad,Chennai,2023-07-08,2023-07-15,24.29,1643.5,Delivered,1392.75
SHP00560,Chennai,Pune,2023-04-28,2023-05-02,27.82,558.7,Delivered,593.04
SHP00561,Bangalore,Delhi,2023-12-19,2023-12-20,31.77,1595.1,Delivered,1405.9
SHP00562,Hyderabad,Ahmedabad,2023-07-28,2023-08-02,13.23,583.6,Delayed,555.76
SHP00563,Mumbai,Delhi,2023-11-18,2023-11-29,47.46,396.7,Delayed,578.2
SHP00564,Mumbai,Mumbai,2023-10-20,2023-10-24,8.9,1948.1,Delayed,1560.79
SHP00565,Ahmedabad,Chennai,2023-02-13,2023-02-16,48.3,729.7,Delivered,821.52
SHP00566,Bangalore,Pune,2023-06-15,2023-06-29,1.24,1206.7,Failed,947.03
SHP00567,Chennai,Chennai,2023-09-06,2023-09-11,24.32,1223.9,Delivered,1091.38
SHP00568,Delhi,Delhi,2023-08-20,2023-08-26,17.0,1125.3,Delivered,961.45
SHP00569,Bangalore,Delhi,2023-07-09,2023-07-13,22.73,1830.2,Delivered,1551.54
SHP00570,Pune,Delhi,2023-07-22,2023-07-24,28.75,1352.1,Delayed,1193.51
SHP00571,Hyderabad,Kolkata,2023-09-29,2023-10-12,22.06,813.4,Failed,777.31
SHP00572,Hyderabad,Bangalore,2023-07-12,2023-07-14,21.03,1726.1,Delayed,1445.37
SHP00573,Kolkata,Hyderabad,2023-06-07,2023-06-13,36.77,370.3,Delayed,507.57
SHP00574,Mumbai,Ahmedabad,2023-05-14,2023-05-20,34.45,1093.0,Delayed,1052.6
SHP00575,Ahmedabad,Bangalore,2023-09-22,2023-09-28,41.75,1901.6,Delivered,1684.93
SHP00576,Hyderabad,Chennai,2023-06-09,2023-06-15,12.87,1254.5,Failed,1064.25
SHP00577,Bangalore,Ahmedabad,2023-05-30,2023-05-31,30.67,1635.8,Delivered,1430.41
SHP00578,Hyderabad,Mumbai,2023-07-28,2023-07-29,29.47,1310.6,Delivered,1184.02
SHP00579,Ahmedabad,Hyderabad,2023-06-18,2023-06-19,18.8,1680.3,Delivered,1414.65
SHP00580,Ahmedabad,Mumbai,2023-06-13,2023-06-18,24.56,1889.5,Delivered,1594.22
SHP00581,Ahmedabad,Pune,2023-12-19,2023-12-22,16.03,553.1,Delivered,549.6
SHP00582,Bangalore,Kolkata,2023-10-27,2023-10-30,7.52,347.6,Delivered,359.87
SHP00583,Delhi,Chennai,2023-03-14,2023-03-20,11.08,973.1,Delivered,853.19
SHP00584,Kolkata,Kolkata,2023-08-15,2023-08-26,5.72,1406.7,Delayed,1128.69
SHP00585,Mumbai,Chennai,2023-02-20,2023-02-27,34.31,462.1,Failed,571.21
SHP00586,Hyderabad,Mumbai,2023-04-18,2023-04-20,33.21,18.2,Delivered,213.15
SHP00587,Bangalore,Mumbai,2023-09-16,2023-09-23,47.56,692.4,Delivered,801.45
SHP00588,Chennai,Mumbai,2023-04-24,2023-04-26,36.62,1938.0,Delivered,1683.08
SHP00589,Mumbai,Chennai,2023-02-05,2023-02-06,3.08,1393.0,Delivered,1123.56
SHP00590,Delhi,Delhi,2023-12-31,2024-01-04,44.27,808.6,Delivered,878.34
SHP00591,Bangalore,Mumbai,2023-01-05,2023-01-19,43.2,393.2,Delayed,570.14
SHP00592,Pune,Kolkata,2023-10-17,2023-10-21,22.44,718.6,Delivered,681.91
SHP00593,Pune,Pune,2023-02-25,2023-03-03,29.5,348.0,Delivered,457.08
SHP00594,Kolkata,Hyderabad,2023-08-18,2023-08-25,48.82,221.5,Delivered,476.28
SHP00595,Kolkata,Chennai,2023-03-05,2023-03-11,26.85,1814.4,Delivered,1534.02
SHP00596,Delhi,Ahmedabad,2023-01-09,2023-01-15,45.31,1995.3,Delivered,1754.29
SHP00597,Delhi,Kolkata,2023-03-01,2023-03-06,4.61,336.6,Delivered,322.84
SHP00598,Kolkata,Bangalore,2023-12-04,2023-12-14,9.96,118.5,Delayed,196.85
SHP00599,Hyderabad,Pune,2023-12-08,2023-12-13,22.32,666.2,Delivered,659.43
SHP00600,Hyderabad,Bangalore,2023-09-06,2023-09-08,29.45,928.7,Delivered,892.17
SHP00601,Bangalore,Hyderabad,2023-01-07,2023-01-12,40.9,417.6,Delivered,574.49
SHP00602,Chennai,Delhi,2023-12-05,2023-12-12,49.42,609.8,Delivered,744.63
SHP00603,Bangalore,Mumbai,2023-06-06,2023-06-07,19.75,409.7,Delivered,466.1
SHP00604,Chennai,Chennai,2023-04-18,2023-04-20,2.85,1550.8,Delivered,1213.47
SHP00605,Delhi,Kolkata,2023-08-31,2023-09-05,40.16,1428.0,Delivered,1317.63
SHP00606,Mumbai,Ahmedabad,2023-04-15,2023-04-19,30.42,1273.6,Delivered,1163.54
SHP00607,Bangalore,Mumbai,2023-05-24,2023-05-26,10.33,780.6,Delivered,700.23
SHP00608,Bangalore,Kolkata,2023-04-23,2023-04-25,24.99,1819.0,Delivered,1550.86
SHP00609,Chennai,Chennai,2023-12-18,2023-12-23,37.24,1939.4,Delivered,1699.62
SHP00610,Ahmedabad,Bangalore,2023-12-09,2023-12-10,38.64,355.5,Delivered,504.19
SHP00611,Delhi,Mumbai,2023-12-19,2023-12-20,25.23,453.8,Delivered,501.39
SHP00612,Delhi,Hyderabad,2023-02-28,2023-03-07,15.61,1056.0,Delivered,908.72
SHP00613,Pune,Delhi,2023-07-24,2023-07-26,48.7,191.6,Delivered,451.79
SHP00614,Ahmedabad,Hyderabad,2023-07-08,2023-07-11,33.34,878.5,Delivered,889.87
SHP00615,Chennai,Delhi,2023-09-16,2023-09-23,20.71,1167.8,Delivered,1047.46
SHP00616,Delhi,Pune,2023-02-04,2023-02-06,14.38,1048.9,Delivered,891.61
SHP00617,Ahmedabad,Kolkata,2023-11-01,2023-11-06,36.69,668.5,Delivered,736.3
SHP00618,Kolkata,Mumbai,2023-09-17,2023-09-21,12.49,1089.5,Delayed,935.52
SHP00619,Ahmedabad,Mumbai,2023-05-20,2023-05-25,9.0,1918.0,Delivered,1541.93
SHP00620,Hyderabad,Pune,2023-10-20,2023-10-28,26.73,420.0,Failed,504.4
SHP00621,Pune,Delhi,2023-04-28,2023-05-13,14.85,1313.1,Delayed,1119.88
SHP00622,Kolkata,Bangalore,2023-03-21,2023-04-02,31.63,96.4,Delayed,274.83
SHP00623,Mumbai,Chennai,2023-03-24,2023-03-31,6.34,142.2,Failed,175.53
SHP00624,Bangalore,Hyderabad,2023-10-20,2023-10-25,32.92,1108.1,Delivered,1033.86
SHP00625,Pune,Pune,2023-07-19,2023-07-21,14.52,218.8,Delivered,267.18
SHP00626,Mumbai,Ahmedabad,2023-12-31,2024-01-02,0.51,54.5,Delivered,87.44
SHP00627,Bangalore,Ahmedabad,2023-03-15,2023-03-21,6.78,351.3,Delivered,331.04
SHP00628,Hyderabad,Kolkata,2023-06-13,2023-06-17,46.71,1134.0,Delayed,1126.91
SHP00629,Ahmedabad,Pune,2023-11-14,2023-11-18,43.43,1409.6,Delivered,1329.48
SHP00630,Delhi,Hyderabad,2023-12-31,2024-01-01,12.06,412.9,Delivered,435.75
SHP00631,Kolkata,Hyderabad,2023-04-27,2023-05-02,39.03,1339.8,Delivered,1263.58
SHP00632,Chennai,Kolkata,2023-08-12,2023-08-14,30.62,373.1,Delivered,473.03
SHP00633,Kolkata,Kolkata,2023-09-28,2023-09-30,48.56,1230.8,Delivered,1201.26
SHP00634,Hyderabad,Mumbai,2023-10-10,2023-10-14,18.99,829.8,Delivered,755.02
SHP00635,Mumbai,Hyderabad,2023-12-09,2023-12-15,34.23,1311.1,Delivered,1223.31
SHP00636,Chennai,Chennai,2023-02-11,2023-02-15,3.65,1990.2,Delivered,1562.88
SHP00637,Delhi,Ahmedabad,2023-04-12,2023-04-22,20.11,1876.3,Delayed,1545.08
SHP00638,Hyderabad,Chennai,2023-11-24,2023-12-04,48.21,18.5,Delayed,318.55
SHP00639,Chennai,Delhi,2023-05-19,2023-05-21,27.18,1772.0,Delivered,1510.71
SHP00640,Hyderabad,Pune,2023-12-06,2023-12-18,14.75,142.3,Delayed,246.44
SHP00641,Ahmedabad,Kolkata,2023-03-28,2023-04-04,6.45,1906.6,Delivered,1502.63
SHP00642,Hyderabad,Mumbai,2023-11-22,2023-11-23,35.32,570.8,Delivered,650.43
SHP00643,Delhi,Chennai,2023-08-04,2023-08-09,32.42,770.2,Delivered,789.95
SHP00644,Pune,Bangalore,2023-04-12,2023-04-15,19.01,192.4,Delivered,305.05
SHP00645,Bangalore,Ahmedabad,2023-03-20,2023-03-26,47.57,233.4,Delivered,477.65
SHP00646,Chennai,Mumbai,2023-07-09,2023-07-14,1.6,1456.2,Delivered,1153.12
SHP00647,Ahmedabad,Mumbai,2023-12-03,2023-12-09,15.53,1889.2,Delivered,1533.42
SHP00648,Delhi,Chennai,2023-12-20,2023-12-23,46.09,1225.4,Delivered,1195.63
SHP00649,Hyderabad,Bangalore,2023-01-25,2023-01-27,16.39,1434.5,Delivered,1226.85
SHP00650,Ahmedabad,Delhi,2023-04-27,2023-04-30,12.99,1526.3,Delivered,1263.99
SHP00651,Delhi,Chennai,2023-06-13,2023-06-20,26.94,533.0,Delivered,595.69
SHP00652,Pune,Bangalore,2023-05-03,2023-05-05,41.28,100.0,Delayed,329.39
SHP00653,Ahmedabad,Mumbai,2023-02-11,2023-02-15,5.61,13.7,Delivered,89.61
SHP00654,Ahmedabad,Ahmedabad,2023-05-17,2023-05-21,47.18,707.8,Delivered,813.91
SHP00655,Bangalore,Bangalore,2023-11-05,2023-11-08,39.86,490.5,Delivered,625.29
SHP00656,Kolkata,Mumbai,2023-01-15,2023-01-22,9.47,134.0,Delivered,211.91
SHP00657,Chennai,Pune,2023-07-08,2023-07-11,35.74,367.3,Delivered,504.47
SHP00658,Bangalore,Chennai,2023-10-18,2023-10-24,19.56,257.8,Delivered,340.38
SHP00659,Mumbai,Kolkata,2023-05-25,2023-05-30,20.41,1830.6,Delivered,1518.61
SHP00660,Chennai,Chennai,2023-01-13,2023-01-26,39.27,289.1,Failed,450.26
SHP00661,Bangalore,Pune,2023-08-16,2023-08-21,48.16,1079.9,Delivered,1118.29
SHP00662,Hyderabad,Hyderabad,2023-12-20,2023-12-27,6.77,1190.3,Delivered,969.22
SHP00663,Chennai,Hyderabad,2023-05-23,2023-05-29,21.32,1091.5,Failed,987.25
SHP00664,Chennai,Hyderabad,2023-10-28,2023-11-11,24.31,207.1,Failed,335.49
SHP00665,Delhi,Chennai,2023-05-24,2023-05-25,19.13,644.4,Delivered,640.59
SHP00666,Hyderabad,Delhi,2023-08-28,2023-09-01,18.48,112.0,Delivered,243.87
SHP00667,Mumbai,Chennai,2023-12-05,2023-12-11,3.09,797.4,Delayed,668.43
SHP00668,Kolkata,Ahmedabad,2023-02-12,2023-02-17,34.43,385.3,Delivered,527.04
SHP00669,Ahmedabad,Pune,2023-07-21,2023-07-22,22.09,1127.6,Delivered,992.86
SHP00670,Pune,Ahmedabad,2023-02-07,2023-02-11,10.14,1388.7,Delivered,1147.29
SHP00671,Bangalore,Pune,2023-09-23,2023-09-25,40.89,1068.9,Delivered,1067.02
SHP00672,Delhi,Kolkata,2023-07-29,2023-08-11,40.23,874.1,Delayed,897.59
SHP00673,Bangalore,Bangalore,2023-08-01,2023-08-07,24.58,780.8,Delivered,768.13
SHP00674,Mumbai,Chennai,2023-11-13,2023-11-14,15.27,1685.0,Delivered,1401.24
SHP00675,Ahmedabad,Chennai,2023-10-15,2023-10-26,32.09,446.5,Delayed,558.57
SHP00676,Mumbai,Mumbai,2023-05-29,2023-05-31,14.76,1471.1,Delayed,1219.64
SHP00677,Chennai,Pune,2023-07-07,2023-07-09,12.18,1517.4,Delivered,1256.21
SHP00678,Pune,Mumbai,2023-02-20,2023-02-25,36.66,844.2,Delivered,858.62
SHP00679,Mumbai,Mumbai,2023-03-04,2023-03-10,2.5,601.6,Delivered,523.26
SHP00680,Bangalore,Chennai,2023-11-12,2023-11-14,5.19,946.4,Delivered,784.27
SHP00681,Hyderabad,Delhi,2023-11-19,2023-11-26,0.84,195.5,Delayed,204.73
SHP00682,Hyderabad,Bangalore,2023-07-13,2023-07-16,8.07,101.4,Delivered,163.03
SHP00683,Chennai,Bangalore,2023-05-20,2023-05-21,3.92,232.1,Delivered,230.15
SHP00684,Kolkata,Ahmedabad,2023-10-01,2023-10-07,49.79,382.4,Delivered,572.87
SHP00685,Bangalore,Pune,2023-08-12,2023-08-16,14.8,1013.3,Delivered,867.08
SHP00686,Bangalore,Kolkata,2023-01-27,2023-01-28,7.89,1699.8,Delivered,1369.02
SHP00687,Mumbai,Pune,2023-10-03,2023-10-05,12.43,478.9,Delivered,485.27
SHP00688,Pune,Delhi,2023-04-19,2023-04-24,46.84,1871.0,Failed,1668.28
SHP00689,Bangalore,Delhi,2023-07-09,2023-07-12,26.25,1910.3,Delivered,1596.62
SHP00690,Delhi,Bangalore,2023-02-26,2023-03-12,18.56,1918.2,Delayed,1579.75
SHP00691,Kolkata,Hyderabad,2023-11-03,2023-11-06,43.73,1676.7,Delivered,1535.68
SHP00692,Mumbai,Mumbai,2023-07-11,2023-07-17,20.05,734.0,Delivered,687.06
SHP00693,Delhi,Mumbai,2023-05-27,2023-06-01,17.08,154.6,Delivered,242.22
SHP00694,Chennai,Bangalore,2023-03-12,2023-03-14,10.76,1141.9,Delivered,949.51
SHP00695,Hyderabad,Pune,2023-01-12,2023-01-16,19.2,1121.8,Delivered,983.31
SHP00696,Chennai,Delhi,2023-02-28,2023-03-02,16.18,1701.5,Delivered,1396.02
SHP00697,Hyderabad,Pune,2023-10-26,2023-11-08,34.03,1992.0,Failed,1708.25
SHP00698,Chennai,Kolkata,2023-10-01,2023-10-04,14.83,1021.2,Failed,899.19
SHP00699,Bangalore,Hyderabad,2023-11-08,2023-11-15,29.07,697.0,Delivered,722.54
SHP00700,Delhi,Bangalore,2023-08-17,2023-08-23,3.76,379.9,Delivered,336.97
SHP00701,Hyderabad,Mumbai,2023-03-23,2023-03-27,9.97,19.6,Delayed,120.06
SHP00702,Mumbai,Chennai,2023-09-04,2023-09-05,20.67,1023.1,Delivered,919.76
SHP00703,Delhi,Pune,2023-02-03,2023-02-17,46.88,1115.5,Delayed,1138.41
SHP00704,Mumbai,Delhi,2023-03-31,2023-04-03,19.17,1651.6,Failed,1376.12
SHP00705,Delhi,Chennai,2023-04-15,2023-04-20,33.37,1014.1,Delivered,986.47
SHP00706,Delhi,Kolkata,2023-07-15,2023-07-21,13.13,1833.8,Delivered,1500.23
SHP00707,Chennai,Bangalore,2023-02-18,2023-02-25,6.79,1259.9,Delivered,1017.74
SHP00708,Hyderabad,Pune,2023-07-09,2023-07-13,3.4,1682.3,Delivered,1344.85
SHP00709,Hyderabad,Mumbai,2023-06-26,2023-06-27,15.62,305.1,Delivered,356.57
SHP00710,Pune,Pune,2023-04-22,2023-05-05,8.3,1712.1,Failed,1382.73
SHP00711,Delhi,Hyderabad,2023-08-06,2023-08-12,9.11,1353.5,Delivered,1096.51
SHP00712,Bangalore,Ahmedabad,2023-06-20,2023-06-21,38.16,348.8,Delivered,492.71
SHP00713,Bangalore,Chennai,2023-03-11,2023-03-15,1.28,387.6,Delivered,350.54
SHP00714,Mumbai,Hyderabad,2023-05-08,2023-05-10,28.11,1853.7,Delivered,1573.59
SHP00715,Mumbai,Kolkata,2023-08-02,2023-08-09,19.28,74.1,Delivered,201.96
SHP00716,Chennai,Mumbai,2023-05-21,2023-05-26,25.57,930.4,Delivered,870.61
SHP00717,Delhi,Chennai,2023-12-09,2023-12-16,28.36,633.8,Delivered,672.77
SHP00718,Mumbai,Kolkata,2023-09-20,2023-09-21,16.01,1333.5,Delivered,1129.66
SHP00719,Mumbai,Hyderabad,2023-01-22,2023-01-29,15.11,1680.9,Delivered,1366.41
SHP00720,Kolkata,Hyderabad,2023-01-14,2023-01-17,36.8,727.2,Delivered,785.39
SHP00721,Delhi,Ahmedabad,2023-02-09,2023-02-12,43.63,859.5,Delivered,909.66
SHP00722,Ahmedabad,Chennai,2023-03-13,2023-03-20,10.03,1964.0,Delivered,1566.82
SHP00723,Chennai,Mumbai,2023-03-29,2023-04-10,5.33,1570.0,Failed,1237.92
SHP00724,Mumbai,Hyderabad,2023-08-18,2023-08-30,44.94,1795.4,Delayed,1610.06
SHP00725,Chennai,Bangalore,2023-05-28,2023-05-30,17.82,883.1,Delivered,790.38
SHP00726,Hyderabad,Ahmedabad,2023-08-11,2023-08-15,27.79,475.8,Delivered,563.21
SHP00727,Chennai,Kolkata,2023-07-05,2023-07-07,18.3,829.6,Delivered,761.0
SHP00728,Ahmedabad,Chennai,2023-06-26,2023-07-03,6.73,1435.0,Failed,1141.58
SHP00729,Bangalore,Delhi,2023-01-31,2023-02-06,29.67,227.8,Failed,354.75
SHP00730,Ahmedabad,Delhi,2023-09-11,2023-09-18,26.49,548.2,Delivered,576.76
SHP00731,Bangalore,Mumbai,2023-11-21,2023-11-24,10.55,102.8,Delivered,183.4
SHP00732,Chennai,Bangalore,2023-07-27,2023-08-02,22.87,870.4,Delivered,804.61
SHP00733,Bangalore,Hyderabad,2023-08-27,2023-09-02,39.95,1656.6,Delivered,1492.14
SHP00734,Hyderabad,Delhi,2023-09-08,2023-09-10,29.73,59.1,Delivered,237.78
SHP00735,Delhi,Mumbai,2023-02-24,2023-03-02,5.3,1353.9,Delivered,1104.08
SHP00736,Bangalore,Kolkata,2023-08-26,2023-08-27,27.63,1865.7,Delivered,1580.24
SHP00737,Bangalore,Ahmedabad,2023-01-04,2023-01-06,35.29,481.5,Delivered,585.91
SHP00738,Chennai,Bangalore,2023-04-02,2023-04-09,39.74,1390.3,Delivered,1300.28
SHP00739,Hyderabad,Bangalore,2023-10-18,2023-10-21,31.64,1950.5,Delivered,1668.41
SHP00740,Pune,Pune,2023-02-24,2023-02-26,8.06,1924.9,Delivered,1545.7
SHP00741,Pune,Mumbai,2023-06-17,2023-06-21,35.65,477.5,Delivered,592.84
SHP00742,Pune,Mumbai,2023-08-18,2023-08-24,34.03,209.7,Delivered,373.85
SHP00743,Pune,Pune,2023-01-14,2023-01-18,1.71,305.1,Delivered,287.53
SHP00744,Delhi,Ahmedabad,2023-04-14,2023-04-20,20.88,1407.1,Delivered,1228.41
SHP00745,Ahmedabad,Hyderabad,2023-10-29,2023-11-02,16.98,1454.3,Delivered,1232.09
SHP00746,Chennai,Mumbai,2023-06-10,2023-06-17,33.64,1351.7,Delivered,1248.17
SHP00747,Chennai,Pune,2023-08-13,2023-08-15,11.2,678.8,Delivered,602.25
SHP00748,Kolkata,Hyderabad,2023-04-12,2023-04-17,29.75,347.9,Delivered,459.0
SHP00749,Hyderabad,Ahmedabad,2023-03-11,2023-03-12,45.7,1165.7,Delivered,1169.12
SHP00750,Pune,Hyderabad,2023-06-22,2023-06-25,39.99,972.5,Delivered,972.23
SHP00751,Delhi,Chennai,2023-02-01,2023-02-02,46.11,1460.4,Delivered,1394.56
SHP00752,Hyderabad,Bangalore,2023-05-22,2023-05-29,48.94,888.3,Delivered,944.81
SHP00753,Pune,Kolkata,2023-03-15,2023-03-16,1.03,683.9,Delivered,584.18
SHP00754,Delhi,Bangalore,2023-03-21,2023-03-28,31.33,594.0,Delivered,649.96
SHP00755,Hyderabad,Bangalore,2023-04-29,2023-05-05,20.94,430.8,Failed,460.75
SHP00756,Chennai,Chennai,2023-10-23,2023-10-27,43.06,538.8,Delivered,684.58
SHP00757,Chennai,Hyderabad,2023-06-21,2023-06-26,12.96,198.7,Delivered,253.9
SHP00758,Ahmedabad,Hyderabad,2023-03-19,2023-03-24,49.06,700.2,Delivered,801.34
SHP00759,Mumbai,Mumbai,2023-05-31,2023-06-11,30.88,82.8,Failed,251.93
SHP00760,Ahmedabad,Chennai,2023-07-07,2023-07-13,39.78,381.0,Delivered,541.01
SHP00761,Bangalore,Mumbai,2023-12-05,2023-12-09,4.74,1496.1,Delivered,1214.89
SHP00762,Ahmedabad,Chennai,2023-08-15,2023-08-18,9.58,657.7,Delivered,575.63
SHP00763,Pune,Mumbai,2023-07-02,2023-07-09,38.04,1339.8,Delivered,1243.53
SHP00764,Kolkata,Delhi,2023-02-11,2023-02-19,1.59,1436.6,Delayed,1122.63
SHP00765,Hyderabad,Pune,2023-03-29,2023-04-02,40.94,1166.6,Delivered,1139.45
SHP00766,Kolkata,Bangalore,2023-11-02,2023-11-17,1.19,1917.8,Failed,1479.02
SHP00767,Mumbai,Bangalore,2023-07-20,2023-07-25,33.03,52.7,Delivered,244.27
SHP00768,Bangalore,Ahmedabad,2023-12-11,2023-12-18,18.57,1479.9,Delivered,1240.63
SHP00769,Hyderabad,Kolkata,2023-08-24,2023-08-25,30.77,1918.0,Delivered,1644.45
SHP00770,Delhi,Pune,2023-08-13,2023-08-18,34.95,1725.9,Delivered,1534.1
SHP00771,Pune,Hyderabad,2023-10-23,2023-10-25,17.45,344.1,Delivered,395.77
SHP00772,Bangalore,Kolkata,2023-12-16,2023-12-20,5.84,660.4,Delivered,556.83
SHP00773,Chennai,Delhi,2023-07-11,2023-07-16,3.95,353.2,Delivered,337.19
SHP00774,Mumbai,Ahmedabad,2023-05-25,2023-05-29,29.65,1206.6,Failed,1115.1
SHP00775,Bangalore,Kolkata,2023-03-31,2023-04-07,26.27,1427.3,Delivered,1237.11
SHP00776,Pune,Ahmedabad,2023-08-12,2023-08-19,37.24,641.0,Delivered,699.86
SHP00777,Ahmedabad,Bangalore,2023-04-07,2023-04-11,25.73,1083.6,Delivered,978.86
SHP00778,Bangalore,Hyderabad,2023-08-25,2023-08-29,21.41,1384.9,Delivered,1205.57
SHP00779,Ahmedabad,Delhi,2023-09-28,2023-09-30,20.21,848.5,Delivered,791.09
SHP00780,Pune,Bangalore,2023-09-04,2023-09-10,1.81,1709.5,Delivered,1342.8
SHP00781,Chennai,Pune,2023-11-04,2023-11-12,17.11,1545.4,Delayed,1284.58
SHP00782,Hyderabad,Mumbai,2023-08-30,2023-08-31,48.81,138.7,Delivered,391.36
SHP00783,Delhi,Chennai,2023-12-25,2023-12-29,43.74,1246.0,Delivered,1221.84
SHP00784,Chennai,Delhi,2023-04-07,2023-04-11,16.8,478.3,Delivered,482.35
SHP00785,Ahmedabad,Hyderabad,2023-05-10,2023-05-22,29.6,1119.5,Delayed,1053.69
SHP00786,Ahmedabad,Ahmedabad,2023-12-23,2023-12-26,42.44,1914.2,Delivered,1701.07
SHP00787,Delhi,Kolkata,2023-07-11,2023-07-18,22.34,1759.3,Delivered,1466.11
SHP00788,Hyderabad,Pune,2023-04-06,2023-04-11,1.39,815.0,Delayed,666.89
SHP00789,Bangalore,Kolkata,2023-11-18,2023-11-23,4.19,590.1,Failed,531.47
SHP00790,Delhi,Delhi,2023-01-19,2023-01-25,25.76,476.5,Delivered,532.92
SHP00791,Mumbai,Pune,2023-02-09,2023-02-14,48.49,1069.7,Delayed,1109.26
SHP00792,Mumbai,Hyderabad,2023-07-08,2023-07-14,34.81,237.4,Delivered,392.36
SHP00793,Pune,Delhi,2023-11-06,2023-11-11,4.01,1103.1,Delivered,900.21
SHP00794,Chennai,Hyderabad,2023-05-18,2023-05-24,9.87,12.7,Delivered,122.63
SHP00795,Ahmedabad,Kolkata,2023-01-24,2023-01-30,38.68,654.5,Failed,751.1
SHP00796,Hyderabad,Bangalore,2023-04-15,2023-04-20,42.15,447.7,Delivered,595.96
SHP00797,Pune,Pune,2023-07-06,2023-07-11,31.08,1942.7,Delivered,1668.01
SHP00798,Chennai,Mumbai,2023-07-03,2023-07-06,32.4,1457.2,Delayed,1285.02
SHP00799,Chennai,Bangalore,2023-03-02,2023-03-08,1.9,705.8,Delivered,578.98
SHP00800,Pune,Mumbai,2023-06-19,2023-06-25,41.51,194.8,Delivered,394.8
SHP00801,Kolkata,Kolkata,2023-06-20,2023-06-25,39.52,1038.4,Delivered,1010.14
SHP00802,Chennai,Ahmedabad,2023-01-21,2023-01-26,13.32,434.8,Delivered,433.89
SHP00803,Kolkata,Pune,2023-08-16,2023-08-21,35.58,1077.5,Delivered,1028.87
SHP00804,Mumbai,Bangalore,2023-04-20,2023-04-30,11.14,1672.4,Delayed,1378.75
SHP00805,Mumbai,Bangalore,2023-12-04,2023-12-08,2.5,1235.4,Delivered,995.79
SHP00806,Chennai,Delhi,2023-09-07,2023-09-11,10.46,1271.2,Delivered,1052.74
SHP00807,Mumbai,Chennai,2023-01-20,2023-01-21,9.34,1086.7,Delivered,931.25
SHP00808,Hyderabad,Kolkata,2023-12-05,2023-12-11,17.22,1855.3,Delivered,1513.7
SHP00809,Kolkata,Hyderabad,2023-04-27,2023-04-28,21.21,1864.5,Delivered,1553.47
SHP00810,Kolkata,Kolkata,2023-06-05,2023-06-11,25.67,1030.3,Delivered,956.96
SHP00811,Chennai,Hyderabad,2023-05-26,2023-06-01,24.1,618.5,Delivered,616.6
SHP00812,Mumbai,Pune,2023-12-31,2024-01-12,13.9,924.6,Delayed,821.63
SHP00813,Delhi,Hyderabad,2023-04-04,2023-04-08,1.94,381.3,Delivered,329.67
SHP00814,Ahmedabad,Ahmedabad,2023-05-03,2023-05-06,30.45,1276.3,Delivered,1145.09
SHP00815,Pune,Mumbai,2023-02-10,2023-02-23,20.09,1005.2,Delayed,890.74
SHP00816,Pune,Hyderabad,2023-04-07,2023-04-14,15.28,215.6,Failed,305.26
SHP00817,Kolkata,Hyderabad,2023-05-30,2023-06-03,43.41,403.3,Delivered,576.85
SHP00818,Chennai,Delhi,2023-03-03,2023-03-09,37.46,964.5,Delayed,966.89
SHP00819,Chennai,Bangalore,2023-11-26,2023-12-01,42.96,1776.3,Delivered,1599.24
SHP00820,Hyderabad,Kolkata,2023-12-13,2023-12-15,25.0,1137.1,Delivered,1019.54
SHP00821,Bangalore,Kolkata,2023-07-18,2023-07-23,6.98,1366.3,Delivered,1114.46
SHP00822,Ahmedabad,Pune,2023-06-27,2023-06-29,34.96,684.7,Delivered,734.73
SHP00823,Bangalore,Pune,2023-12-30,2024-01-09,10.7,1147.1,Failed,949.64
SHP00824,Kolkata,Ahmedabad,2023-01-29,2023-01-31,22.34,900.3,Delivered,844.51
SHP00825,Pune,Hyderabad,2023-06-11,2023-06-16,3.72,1321.7,Delivered,1045.06
SHP00826,Hyderabad,Chennai,2023-05-03,2023-05-07,41.35,110.6,Delivered,327.33
SHP00827,Hyderabad,Kolkata,2023-03-20,2023-03-24,6.73,991.7,Delivered,840.13
SHP00828,Hyderabad,Pune,2023-02-09,2023-02-12,45.2,599.0,Delivered,731.65
SHP00829,Kolkata,Hyderabad,2023-05-22,2023-05-23,43.28,659.1,Delivered,765.96
SHP00830,Bangalore,Pune,2023-07-07,2023-07-10,23.5,1922.2,Delivered,1605.88
SHP00831,Pune,Ahmedabad,2023-03-17,2023-03-22,37.35,373.6,Failed,512.8
SHP00832,Hyderabad,Mumbai,2023-09-14,2023-09-19,31.16,629.4,Delivered,685.46
SHP00833,Pune,Mumbai,2023-11-01,2023-11-07,40.25,1024.7,Delivered,1029.38
SHP00834,Mumbai,Pune,2023-01-29,2023-02-02,21.87,1727.4,Delivered,1455.31
SHP00835,Chennai,Mumbai,2023-03-29,2023-04-02,39.4,839.2,Delivered,895.17
SHP00836,Chennai,Pune,2023-06-30,2023-07-10,23.39,1490.3,Delayed,1302.9
SHP00837,Pune,Hyderabad,2023-09-25,2023-10-05,47.08,1714.2,Failed,1567.55
SHP00838,Delhi,Delhi,2023-05-30,2023-06-02,24.58,626.9,Delivered,655.9
SHP00839,Delhi,Chennai,2023-05-09,2023-05-14,23.4,791.6,Delivered,762.43
SHP00840,Kolkata,Hyderabad,2023-05-21,2023-05-22,39.36,719.5,Delivered,786.9
SHP00841,Kolkata,Delhi,2023-07-30,2023-08-03,41.17,1667.4,Delivered,1488.6
SHP00842,Chennai,Delhi,2023-02-21,2023-02-26,27.95,98.3,Delivered,266.43
SHP00843,Mumbai,Kolkata,2024-01-01,2024-01-08,9.4,623.8,Failed,580.87
SHP00844,Ahmedabad,Hyderabad,2023-05-08,2023-05-18,23.65,1362.0,Failed,1200.96
SHP00845,Bangalore,Hyderabad,2023-06-20,2023-06-23,48.42,1135.2,Delivered,1154.95
SHP00846,Bangalore,Pune,2023-10-10,2023-10-14,37.77,878.2,Delayed,883.9
SHP00847,Kolkata,Delhi,2023-04-15,2023-04-27,40.65,1084.5,Failed,1060.96
SHP00848,Mumbai,Delhi,2023-12-19,2024-01-01,2.12,403.2,Failed,352.33
SHP00849,Kolkata,Delhi,2023-12-16,2023-12-31,23.66,867.1,Delayed,811.26
SHP00850,Ahmedabad,Pune,2023-09-21,2023-09-28,32.51,1008.4,Delivered,972.03
SHP00851,Bangalore,Kolkata,2023-11-29,2023-11-30,41.59,1803.4,Delivered,1605.09
SHP00852,Pune,Hyderabad,2023-07-24,2023-08-08,2.94,529.1,Delayed,463.95
SHP00853,Kolkata,Delhi,2023-10-13,2023-10-24,42.7,1737.0,Failed,1563.79
SHP00854,Hyderabad,Mumbai,2023-08-27,2023-09-07,27.65,1292.0,Delayed,1148.71
SHP00855,Pune,Hyderabad,2023-07-09,2023-07-15,10.27,50.5,Delivered,123.04
SHP00856,Ahmedabad,Pune,2023-10-13,2023-10-15,16.2,1452.0,Delivered,1235.67
SHP00857,Ahmedabad,Kolkata,2023-07-30,2023-08-03,14.46,80.7,Delivered,163.28
SHP00858,Kolkata,Mumbai,2023-10-13,2023-10-18,26.78,1994.8,Delivered,1660.07
SHP00859,Chennai,Pune,2023-06-16,2023-06-21,3.06,1746.5,Delivered,1388.25
SHP00860,Kolkata,Bangalore,2023-06-11,2023-06-12,8.35,601.7,Delivered,562.9
SHP00861,Chennai,Hyderabad,2023-09-14,2023-09-18,40.73,522.2,Delivered,654.38
SHP00862,Ahmedabad,Bangalore,2023-04-27,2023-04-28,7.06,769.1,Delivered,642.74
SHP00863,Mumbai,Pune,2023-11-26,2023-11-28,12.05,718.8,Delivered,638.42
SHP00864,Ahmedabad,Pune,2023-08-16,2023-08-20,22.94,751.0,Delivered,746.82
SHP00865,Bangalore,Pune,2023-01-15,2023-01-21,26.1,643.4,Delivered,675.39
SHP00866,Pune,Delhi,2023-12-10,2023-12-17,38.3,1246.1,Delivered,1178.75
SHP00867,Pune,Kolkata,2023-12-13,2023-12-18,22.64,336.9,Delayed,405.35
SHP00868,Delhi,Delhi,2023-06-01,2023-06-04,39.6,1693.5,Delivered,1498.7
SHP00869,Delhi,Kolkata,2023-07-27,2023-07-31,31.11,1626.7,Delivered,1406.41
SHP00870,Ahmedabad,Chennai,2023-04-22,2023-05-03,6.1,958.2,Failed,803.63
SHP00871,Bangalore,Delhi,2023-06-25,2023-06-29,8.24,1706.9,Delivered,1352.25
SHP00872,Delhi,Bangalore,2023-05-15,2023-05-22,22.13,501.8,Delivered,556.75
SHP00873,Pune,Kolkata,2023-06-02,2023-06-04,20.15,45.0,Delivered,171.84
SHP00874,Kolkata,Delhi,2023-12-04,2023-12-10,37.31,1242.2,Delayed,1176.63
SHP00875,Mumbai,Hyderabad,2023-09-19,2023-09-20,29.25,921.2,Delivered,873.35
SHP00876,Mumbai,Pune,2023-08-09,2023-08-17,19.71,1138.7,Delayed,1004.18
SHP00877,Bangalore,Kolkata,2023-04-07,2023-04-13,8.95,1799.7,Failed,1427.75
SHP00878,Ahmedabad,Kolkata,2023-03-20,2023-03-22,11.73,1940.2,Delivered,1574.47
SHP00879,Delhi,Delhi,2023-10-31,2023-11-01,28.99,1272.6,Delivered,1152.8
SHP00880,Kolkata,Chennai,2023-01-18,2023-01-25,21.46,1530.5,Delivered,1288.62
SHP00881,Mumbai,Delhi,2023-05-11,2023-05-14,25.99,176.8,Delivered,326.49
SHP00882,Mumbai,Ahmedabad,2023-03-22,2023-03-23,8.95,329.8,Delivered,343.98
SHP00883,Hyderabad,Bangalore,2023-12-18,2023-12-26,33.31,1469.1,Delayed,1335.24
SHP00884,Ahmedabad,Bangalore,2023-08-21,2023-08-23,42.7,868.4,Delivered,931.46
SHP00885,Hyderabad,Kolkata,2023-07-04,2023-07-11,13.27,897.5,Delivered,806.3
SHP00886,Pune,Kolkata,2023-08-07,2023-08-18,24.83,624.1,Failed,625.34
SHP00887,Mumbai,Delhi,2023-06-28,2023-07-01,48.79,1218.6,Delivered,1192.74
SHP00888,Bangalore,Bangalore,2023-08-07,2023-08-12,17.0,378.5,Delivered,438.38
SHP00889,Chennai,Bangalore,2023-04-16,2023-04-19,29.95,1257.6,Delivered,1142.45
SHP00890,Chennai,Chennai,2023-08-26,2023-08-28,4.96,355.9,Delivered,331.25
SHP00891,Kolkata,Hyderabad,2023-12-22,2023-12-24,30.5,137.0,Delivered,316.04
SHP00892,Mumbai,Chennai,2023-03-03,2023-03-11,4.94,667.4,Delayed,565.82
SHP00893,Mumbai,Ahmedabad,2023-04-02,2023-04-09,47.98,470.0,Delivered,651.49
SHP00894,Pune,Mumbai,2023-01-06,2023-01-12,35.93,1779.1,Delivered,1577.47
SHP00895,Mumbai,Pune,2023-06-15,2023-06-19,39.51,119.4,Delivered,348.47
SHP00896,Bangalore,Chennai,2023-06-30,2023-07-04,35.35,361.5,Delivered,488.84
SHP00897,Hyderabad,Ahmedabad,2023-07-11,2023-07-18,29.69,1102.0,Delivered,1021.01
SHP00898,Mumbai,Delhi,2023-09-21,2023-09-22,22.77,967.3,Delivered,885.86
SHP00899,Mumbai,Hyderabad,2023-11-28,2023-12-01,42.99,101.2,Failed,340.5
SHP00900,Pune,Delhi,2023-11-03,2023-11-05,47.86,24.4,Delivered,294.29
SHP00901,Ahmedabad,Pune,2023-04-09,2023-04-19,25.2,1976.3,Failed,1656.32
SHP00902,Delhi,Ahmedabad,2023-05-10,2023-05-15,46.61,1321.1,Delivered,1274.31
SHP00903,Ahmedabad,Mumbai,2023-06-04,2023-06-14,29.37,737.2,Delayed,751.02
SHP00904,Pune,Hyderabad,2023-09-15,2023-09-19,27.15,946.2,Delivered,908.2
SHP00905,Ahmedabad,Kolkata,2023-02-21,2023-02-24,23.0,540.4,Delivered,570.99
SHP00906,Pune,Bangalore,2023-08-06,2023-08-13,10.86,696.3,Delivered,615.76
SHP00907,Bangalore,Chennai,2023-05-25,2023-06-01,0.68,1301.6,Delayed,1036.13
SHP00908,Kolkata,Ahmedabad,2023-05-21,2023-05-25,12.45,1766.8,Failed,1449.24
SHP00909,Mumbai,Delhi,2023-06-02,2023-06-05,25.73,376.4,Delivered,453.72
SHP00910,Pune,Mumbai,2023-11-01,2023-11-07,19.31,1682.3,Delivered,1414.09
SHP00911,Pune,Bangalore,2023-02-12,2023-02-16,22.7,251.9,Delivered,338.3
SHP00912,Delhi,Chennai,2023-02-08,2023-02-10,49.04,437.8,Delayed,617.23
SHP00913,Pune,Bangalore,2023-04-04,2023-04-18,17.84,84.0,Delayed,218.57
SHP00914,Chennai,Chennai,2023-06-20,2023-06-29,22.88,290.2,Delayed,398.5
SHP00915,Kolkata,Ahmedabad,2023-10-21,2023-10-23,7.11,1835.4,Delayed,1465.11
SHP00916,Mumbai,Kolkata,2023-05-06,2023-05-21,2.87,924.3,Delayed,765.67
SHP00917,Mumbai,Hyderabad,2023-08-04,2023-08-07,38.88,164.6,Delivered,382.01
SHP00918,Delhi,Ahmedabad,2023-09-07,2023-09-11,28.75,1919.9,Failed,1652.02
SHP00919,Bangalore,Bangalore,2023-07-28,2023-07-30,38.15,1759.2,Delivered,1559.75
SHP00920,Mumbai,Bangalore,2023-05-12,2023-05-17,7.92,1511.8,Delayed,1225.91
SHP00921,Chennai,Bangalore,2023-06-05,2023-06-10,28.81,1867.6,Delivered,1591.38
SHP00922,Mumbai,Hyderabad,2023-09-30,2023-10-04,13.06,448.1,Delivered,434.25
SHP00923,Chennai,Mumbai,2023-09-17,2023-09-21,11.79,1674.4,Delivered,1361.66
SHP00924,Kolkata,Chennai,2023-11-19,2023-11-20,1.07,1383.1,Delivered,1104.3
SHP00925,Kolkata,Ahmedabad,2023-01-09,2023-01-11,6.95,1740.8,Delivered,1402.55
SHP00926,Hyderabad,Ahmedabad,2023-01-13,2023-01-18,15.81,1595.9,Delivered,1341.67
SHP00927,Hyderabad,Kolkata,2023-07-06,2023-07-09,6.29,699.5,Delivered,588.13
SHP00928,Chennai,Bangalore,2023-10-18,2023-10-21,49.3,1551.1,Delivered,1460.91
SHP00929,Bangalore,Pune,2023-12-17,2023-12-21,15.78,532.3,Delivered,512.42
SHP00930,Mumbai,Ahmedabad,2023-11-08,2023-11-13,6.95,663.9,Delivered,570.7
SHP00931,Pune,Hyderabad,2023-12-21,2023-12-31,10.35,224.7,Delayed,286.28
SHP00932,Mumbai,Mumbai,2023-02-25,2023-02-28,29.59,1870.8,Failed,1600.92
SHP00933,Hyderabad,Ahmedabad,2023-01-18,2023-01-23,3.67,589.1,Delivered,520.52
SHP00934,Ahmedabad,Chennai,2023-03-24,2023-04-06,43.19,1046.0,Failed,1033.03
SHP00935,Pune,Hyderabad,2023-09-10,2023-09-16,48.09,788.8,Delivered,878.72
SHP00936,Chennai,Kolkata,2023-12-01,2023-12-06,12.71,1920.3,Delivered,1560.74
SHP00937,Pune,Kolkata,2023-05-13,2023-05-14,22.78,676.7,Delivered,656.76
SHP00938,Ahmedabad,Chennai,2023-10-26,2023-10-28,1.6,1559.3,Delivered,1220.51
SHP00939,Mumbai,Bangalore,2023-06-05,2023-06-08,32.22,1712.3,Delivered,1477.91
SHP00940,Mumbai,Kolkata,2023-07-30,2023-08-11,20.99,876.9,Failed,818.68
SHP00941,Bangalore,Mumbai,2023-01-18,2023-01-19,13.87,762.6,Delivered,710.14
SHP00942,Delhi,Hyderabad,2023-12-04,2023-12-11,10.74,1498.0,Delivered,1240.28
SHP00943,Pune,Ahmedabad,2023-12-06,2023-12-11,32.87,1826.7,Delayed,1603.36
SHP00944,Hyderabad,Mumbai,2023-08-22,2023-08-29,21.1,1512.3,Delivered,1303.55
SHP00945,Ahmedabad,Bangalore,2023-12-28,2023-12-29,9.39,462.0,Delivered,457.66
SHP00946,Ahmedabad,Mumbai,2023-07-11,2023-07-16,34.61,1777.7,Delivered,1559.41
SHP00947,Ahmedabad,Mumbai,2023-03-30,2023-04-06,28.47,781.3,Delivered,779.06
SHP00948,Hyderabad,Delhi,2023-06-13,2023-06-15,43.0,1156.7,Delivered,1128.78
SHP00949,Delhi,Mumbai,2023-10-28,2023-11-04,6.32,1664.6,Delivered,1342.77
SHP00950,Mumbai,Chennai,2023-07-06,2023-07-13,39.39,384.9,Delivered,522.91
SHP00951,Bangalore,Hyderabad,2023-11-29,2023-12-02,33.84,1571.2,Delivered,1379.85
SHP00952,Bangalore,Delhi,2023-07-21,2023-07-22,6.19,1196.4,Delivered,996.17
SHP00953,Hyderabad,Hyderabad,2023-12-02,2023-12-05,34.89,1787.7,Delivered,1545.38
SHP00954,Bangalore,Hyderabad,2023-11-06,2023-11-08,22.36,352.2,Delivered,445.02
SHP00955,Ahmedabad,Bangalore,2023-03-03,2023-03-09,47.28,847.2,Delayed,930.95
SHP00956,Kolkata,Bangalore,2023-03-28,2023-03-31,7.51,1667.4,Delivered,1331.24
SHP00957,Delhi,Delhi,2023-07-18,2023-07-24,32.32,48.3,Delivered,255.74
SHP00958,Mumbai,Kolkata,2023-08-21,2023-08-28,19.41,233.3,Delivered,334.74
SHP00959,Kolkata,Pune,2023-07-04,2023-07-10,47.86,1981.2,Delivered,1765.01
SHP00960,Delhi,Bangalore,2023-10-18,2023-10-23,16.83,568.0,Delivered,570.99
SHP00961,Chennai,Pune,2023-01-25,2023-01-29,48.13,1951.3,Delivered,1766.3
SHP00962,Pune,Bangalore,2023-03-05,2023-03-19,45.12,373.2,Failed,545.47
SHP00963,Hyderabad,Bangalore,2023-09-04,2023-09-07,13.88,728.6,Delivered,647.53
SHP00964,Ahmedabad,Hyderabad,2023-04-18,2023-04-25,40.28,1508.2,Delivered,1370.71
SHP00965,Bangalore,Delhi,2023-01-25,2023-01-26,49.78,1319.0,Delivered,1276.18
SHP00966,Chennai,Hyderabad,2023-09-26,2023-10-05,13.01,1166.4,Failed,972.46
SHP00967,Bangalore,Ahmedabad,2023-04-20,2023-04-23,22.12,1064.5,Delivered,968.02
SHP00968,Kolkata,Chennai,2023-04-11,2023-04-15,26.25,1688.4,Delivered,1442.75
SHP00969,Mumbai,Hyderabad,2023-04-01,2023-04-06,15.1,477.5,Delivered,499.0
SHP00970,Mumbai,Pune,2023-07-31,2023-08-06,1.26,890.5,Delivered,714.26
SHP00971,Mumbai,Pune,2023-03-27,2023-03-30,11.4,319.4,Delivered,344.68
SHP00972,Ahmedabad,Chennai,2023-04-18,2023-04-28,14.46,1195.9,Failed,1024.79
SHP00973,Bangalore,Mumbai,2023-06-06,2023-06-12,22.46,508.6,Delivered,558.85
SHP00974,Chennai,Mumbai,2023-07-01,2023-07-02,8.97,674.3,Delivered,601.56
SHP00975,Mumbai,Chennai,2023-06-21,2023-06-28,43.73,947.8,Delayed,974.44
SHP00976,Chennai,Chennai,2023-11-30,2023-12-04,35.39,63.3,Delivered,289.11
SHP00977,Bangalore,Hyderabad,2023-03-16,2023-03-23,4.72,193.0,Delivered,210.76
SHP00978,Ahmedabad,Chennai,2023-07-23,2023-07-30,32.68,1375.0,Delivered,1227.83
SHP00979,Kolkata,Ahmedabad,2023-12-21,2023-12-22,32.86,863.7,Delivered,859.88
SHP00980,Ahmedabad,Delhi,2023-02-23,2023-02-27,47.83,1730.9,Delivered,1598.73
SHP00981,Chennai,Mumbai,2023-05-26,2023-05-27,0.65,1392.4,Delivered,1078.78
SHP00982,Ahmedabad,Mumbai,2023-05-05,2023-05-15,12.77,26.1,Delayed,136.86
SHP00983,Ahmedabad,Ahmedabad,2023-11-19,2023-11-29,46.43,1237.3,Delayed,1213.9
SHP00984,Kolkata,Kolkata,2023-01-24,2023-01-27,46.64,196.5,Delivered,447.72
SHP00985,Bangalore,Ahmedabad,2023-11-20,2023-11-25,36.17,1564.1,Delivered,1395.38
SHP00986,Bangalore,Ahmedabad,2023-11-26,2023-12-02,38.41,1983.1,Delivered,1720.53
SHP00987,Hyderabad,Chennai,2023-07-13,2023-07-15,5.03,1067.1,Delivered,873.09
SHP00988,Ahmedabad,Bangalore,2023-12-23,2023-12-29,25.94,1368.7,Delivered,1200.5
SHP00989,Bangalore,Bangalore,2023-07-05,2023-07-20,11.96,482.3,Failed,480.98
SHP00990,Bangalore,Ahmedabad,2023-06-25,2023-06-27,9.47,880.8,Delivered,763.62
SHP00991,Delhi,Chennai,2023-02-10,2023-02-13,40.61,1713.6,Delayed,1548.61
SHP00992,Mumbai,Delhi,2023-02-17,2023-02-21,7.18,343.2,Delivered,356.1
SHP00993,Hyderabad,Bangalore,2023-01-19,2023-01-22,23.7,538.4,Delivered,589.22
SHP00994,Pune,Kolkata,2023-04-22,2023-04-29,46.96,896.4,Delivered,954.34
SHP00995,Hyderabad,Pune,2023-01-13,2023-01-20,9.7,1427.4,Delivered,1188.44
SHP00996,Hyderabad,Chennai,2023-03-04,2023-03-06,48.91,758.0,Delayed,851.68
SHP00997,Pune,Ahmedabad,2023-03-29,2023-04-05,49.72,1856.2,Delayed,1699.32
SHP00998,Delhi,Delhi,2023-02-21,2023-02-26,28.0,198.0,Delivered,339.86
SHP00999,Ahmedabad,Delhi,2023-05-05,2023-05-07,8.92,747.9,Delivered,668.2
SHP01000,Kolkata,Hyderabad,2023-03-13,2023-03-18,16.15,1420.8,Delivered,1195.42
SHP01001,Bangalore,Delhi,2023-10-21,2023-10-28,21.51,459.7,Delivered,513.68
SHP01002,Mumbai,Bangalore,2023-06-20,2023-06-25,15.81,1316.3,Delivered,1133.48
SHP01003,Chennai,Ahmedabad,2023-07-15,2023-07-22,14.39,336.8,Delivered,383.84
SHP01004,Ahmedabad,Pune,2023-11-28,2023-11-30,48.63,121.4,Delivered,395.24
SHP01005,Pune,Bangalore,2023-02-26,2023-03-04,8.09,250.8,Delivered,261.24
SHP01006,Kolkata,Chennai,2023-04-21,2023-04-24,36.8,1860.7,Failed,1617.72
SHP01007,Ahmedabad,Pune,2023-02-07,2023-02-11,0.52,1108.0,Delivered,902.57
SHP01008,Pune,Chennai,2023-05-25,2023-05-28,30.01,1594.7,Delivered,1403.8
SHP01009,Bangalore,Delhi,2023-02-23,2023-02-24,45.84,672.0,Delivered,785.66
SHP01010,Delhi,Kolkata,2023-10-29,2023-11-02,14.75,1189.4,Delivered,1010.48
SHP01011,Ahmedabad,Mumbai,2023-03-13,2023-03-14,9.68,995.0,Delivered,826.43
SHP01012,Pune,Pune,2023-05-15,2023-05-19,32.76,1892.0,Delivered,1627.57
SHP01013,Bangalore,Ahmedabad,2023-07-22,2023-07-28,35.77,1497.7,Delayed,1352.08
SHP01014,Bangalore,Hyderabad,2023-12-15,2023-12-20,34.56,1463.8,Delayed,1309.11
SHP01015,Delhi,Mumbai,2023-02-14,2023-02-22,16.31,102.2,Failed,195.13
SHP01016,Hyderabad,Delhi,2023-01-22,2023-01-25,12.98,1103.8,Delivered,943.09
SHP01017,Ahmedabad,Delhi,2023-06-03,2023-06-08,47.82,939.3,Delivered,997.01
SHP01018,Ahmedabad,Ahmedabad,2023-10-18,2023-10-20,46.2,1856.4,Delivered,1662.9
SHP01019,Hyderabad,Mumbai,2023-08-03,2023-08-04,23.14,522.1,Delivered,560.77
SHP01020,Mumbai,Hyderabad,2023-02-25,2023-03-02,42.39,547.0,Delivered,688.21
SHP01021,Mumbai,Pune,2023-06-22,2023-06-27,22.89,828.6,Delivered,784.83
SHP01022,Hyderabad,Pune,2023-10-29,2023-11-05,21.51,494.3,Delivered,542.57
SHP01023,Kolkata,Mumbai,2023-01-28,2023-02-03,8.26,267.1,Delivered,308.72
SHP01024,Chennai,Chennai,2023-06-09,2023-06-16,21.61,1716.3,Delayed,1428.97
SHP01025,Bangalore,Bangalore,2023-09-15,2023-09-17,27.1,1121.0,Delivered,1010.08
SHP01026,Chennai,Kolkata,2023-03-23,2023-04-01,1.61,1724.1,Delayed,1350.17
SHP01027,Bangalore,Chennai,2023-02-17,2023-02-24,22.48,1664.0,Delivered,1413.92
SHP01028,Hyderabad,Pune,2023-10-19,2023-10-23,39.18,571.3,Delivered,671.41
SHP01029,Mumbai,Bangalore,2023-09-22,2023-09-28,34.16,1100.0,Delivered,1038.86
SHP01030,Kolkata,Kolkata,2023-07-31,2023-08-07,31.94,175.6,Delivered,347.04
SHP01031,Mumbai,Kolkata,2023-08-30,2023-09-04,45.52,1831.4,Delivered,1631.23
SHP01032,Chennai,Kolkata,2023-10-13,2023-10-17,1.39,814.5,Delivered,686.55
SHP01033,Mumbai,Delhi,2023-06-19,2023-06-23,28.07,793.4,Delivered,774.68
SHP01034,Hyderabad,Ahmedabad,2023-01-19,2023-01-23,39.47,612.5,Delivered,723.41
SHP01035,Kolkata,Kolkata,2023-06-22,2023-06-24,27.3,926.7,Delivered,865.89
SHP01036,Chennai,Hyderabad,2023-04-03,2023-04-08,16.53,511.0,Delivered,505.42
SHP01037,Kolkata,Mumbai,2023-12-15,2023-12-22,7.24,756.0,Delivered,642.59
SHP01038,Ahmedabad,Pune,2023-06-09,2023-06-17,44.43,1601.9,Delayed,1493.42
SHP01039,Bangalore,Hyderabad,2023-09-12,2023-09-14,23.8,1670.2,Delivered,1401.83
SHP01040,Mumbai,Mumbai,2023-08-28,2023-09-02,43.97,615.3,Delivered,736.91
SHP01041,Kolkata,Chennai,2023-12-18,2024-01-01,29.5,943.3,Failed,919.76
SHP01042,Delhi,Ahmedabad,2023-01-03,2023-01-08,33.87,1748.9,Delayed,1537.92
SHP01043,Ahmedabad,Chennai,2023-01-26,2023-01-27,40.31,114.8,Delivered,332.16
SHP01044,Mumbai,Mumbai,2023-09-19,2023-09-25,33.13,1779.4,Delivered,1568.53
SHP01045,Bangalore,Hyderabad,2023-06-18,2023-06-23,20.2,446.2,Delivered,501.39
SHP01046,Kolkata,Mumbai,2023-02-02,2023-02-09,25.92,1360.3,Delivered,1197.18
SHP01047,Chennai,Kolkata,2023-05-26,2023-06-02,40.25,1169.3,Delivered,1131.16
SHP01048,Bangalore,Delhi,2023-02-22,2023-02-25,19.0,1110.4,Delivered,996.5
SHP01049,Delhi,Pune,2023-05-28,2023-06-02,19.71,1720.1,Delayed,1457.93
SHP01050,Kolkata,Chennai,2023-06-19,2023-06-22,5.24,212.1,Delivered,233.27
SHP01051,Pune,Pune,2023-07-14,2023-07-23,45.77,700.6,Delayed,818.19
SHP01052,Pune,Delhi,2023-05-26,2023-06-09,5.01,1081.1,Delayed,877.95
SHP01053,Hyderabad,Kolkata,2023-05-12,2023-05-19,32.59,1624.5,Delivered,1426.2
SHP01054,Mumbai,Kolkata,2023-12-06,2023-12-08,20.95,440.7,Delivered,471.87
SHP01055,Chennai,Chennai,2023-09-07,2023-09-08,20.58,1607.8,Delivered,1347.12
SHP01056,Hyderabad,Chennai,2023-04-27,2023-05-02,34.14,805.3,Delayed,830.95
SHP01057,Kolkata,Kolkata,2023-05-11,2023-05-14,3.82,385.9,Delivered,358.96
SHP01058,Pune,Bangalore,2023-11-09,2023-11-10,29.89,1520.4,Delivered,1329.0
SHP01059,Pune,Pune,2023-01-07,2023-01-09,38.72,190.9,Delivered,382.89
SHP01060,Pune,Ahmedabad,2023-02-27,2023-03-03,41.5,1034.4,Delayed,1028.23
SHP01061,Kolkata,Delhi,2023-08-05,2023-08-11,8.94,137.1,Failed,217.02
SHP01062,Pune,Pune,2023-06-04,2023-06-09,44.92,719.3,Delivered,828.22
SHP01063,Bangalore,Delhi,2023-08-23,2023-08-30,32.98,1206.1,Delivered,1114.99
SHP01064,Ahmedabad,Bangalore,2023-08-07,2023-08-11,44.15,1116.7,Delivered,1124.83
SHP01065,Kolkata,Ahmedabad,2023-10-05,2023-10-08,24.52,815.3,Delivered,777.78
SHP01066,Chennai,Hyderabad,2023-07-27,2023-08-03,27.33,863.8,Delayed,841.22
SHP01067,Ahmedabad,Delhi,2023-12-23,2023-12-26,45.99,461.3,Delivered,644.59
SHP01068,Hyderabad,Pune,2023-09-25,2023-10-10,45.05,917.2,Failed,958.76
SHP01069,Chennai,Mumbai,2023-11-04,2023-11-05,22.68,1907.0,Delivered,1600.85
SHP01070,Ahmedabad,Ahmedabad,2023-01-20,2023-01-26,14.08,1702.4,Delivered,1389.04
SHP01071,Delhi,Kolkata,2023-09-02,2023-09-09,19.96,299.0,Delivered,364.7
SHP01072,Pune,Kolkata,2023-04-03,2023-04-10,19.69,69.3,Delivered,203.39
SHP01073,Delhi,Bangalore,2023-06-21,2023-06-28,14.7,1867.7,Delivered,1543.45
SHP01074,Mumbai,Delhi,2023-12-16,2023-12-23,13.79,1058.2,Delivered,910.73
SHP01075,Mumbai,Hyderabad,2023-05-29,2023-06-05,43.12,1080.3,Delivered,1093.33
SHP01076,Ahmedabad,Delhi,2023-01-28,2023-01-31,3.96,1563.6,Delivered,1259.07
SHP01077,Delhi,Kolkata,2023-12-24,2023-12-28,34.04,636.2,Delivered,687.5
SHP01078,Kolkata,Chennai,2023-07-02,2023-07-06,9.05,969.0,Delivered,818.07
SHP01079,Chennai,Mumbai,2023-08-08,2023-08-12,17.55,1937.6,Delivered,1596.68
SHP01080,Delhi,Ahmedabad,2023-12-19,2023-12-20,3.55,1347.6,Delivered,1079.17
SHP01081,Mumbai,Bangalore,2023-11-30,2023-12-05,13.86,316.0,Delivered,340.14
SHP01082,Delhi,Chennai,2023-08-26,2023-09-02,38.54,275.1,Delivered,468.77
SHP01083,Kolkata,Pune,2023-10-08,2023-10-15,44.31,416.5,Delivered,594.03
SHP01084,Delhi,Hyderabad,2023-03-29,2023-04-10,11.47,1535.8,Failed,1256.71
SHP01085,Chennai,Chennai,2023-10-17,2023-10-23,23.45,597.8,Failed,620.33
SHP01086,Hyderabad,Pune,2023-08-06,2023-08-12,23.78,52.6,Delivered,191.85
SHP01087,Kolkata,Chennai,2023-12-17,2023-12-18,43.74,1888.9,Delivered,1685.19
SHP01088,Mumbai,Hyderabad,2023-03-31,2023-04-04,38.26,347.7,Delivered,519.31
SHP01089,Chennai,Ahmedabad,2023-04-16,2023-04-17,25.9,29.0,Delivered,217.11
SHP01090,Delhi,Chennai,2023-05-19,2023-05-26,33.7,481.9,Delivered,573.42
SHP01091,Delhi,Bangalore,2023-09-11,2023-09-14,42.44,477.7,Delivered,621.73
SHP01092,Hyderabad,Kolkata,2023-11-12,2023-11-15,0.97,849.8,Delivered,700.1
SHP01093,Mumbai,Delhi,2023-12-11,2023-12-18,20.44,1841.6,Delivered,1527.0
SHP01094,Mumbai,Chennai,2023-06-29,2023-07-03,45.41,1759.6,Failed,1579.35
SHP01095,Bangalore,Bangalore,2023-04-02,2023-04-09,37.15,919.2,Delivered,925.37
SHP01096,Mumbai,Delhi,2023-04-15,2023-04-21,27.37,827.7,Delayed,811.69
SHP01097,Hyderabad,Ahmedabad,2023-06-04,2023-06-08,26.72,1114.5,Delivered,999.71
SHP01098,Pune,Pune,2023-07-05,2023-07-09,17.71,494.5,Delivered,493.25
SHP01099,Bangalore,Delhi,2023-08-06,2023-08-10,26.27,113.8,Delivered,254.99
SHP01100,Bangalore,Pune,2023-09-21,2023-09-28,32.94,1879.1,Delivered,1617.95
SHP01101,Delhi,Chennai,2023-02-23,2023-02-26,21.21,381.5,Delivered,443.82
SHP01102,Delhi,Bangalore,2023-02-27,2023-03-04,35.85,404.8,Delivered,524.6
SHP01103,Mumbai,Kolkata,2023-12-18,2023-12-24,43.13,950.2,Delivered,969.35
SHP01104,Bangalore,Chennai,2023-05-24,2023-05-30,8.16,988.3,Delivered,846.8
SHP01105,Ahmedabad,Pune,2023-01-05,2023-01-06,22.85,46.7,Delivered,185.08
SHP01106,Delhi,Hyderabad,2023-08-27,2023-08-29,20.7,304.4,Delivered,381.62
SHP01107,Hyderabad,Delhi,2023-12-06,2023-12-09,34.53,762.5,Failed,812.64
SHP01108,Ahmedabad,Chennai,2023-01-26,2023-01-29,12.87,1370.6,Delivered,1147.3
SHP01109,Delhi,Pune,2023-08-20,2023-08-26,32.19,464.6,Delayed,568.09
SHP01110,Kolkata,Ahmedabad,2023-09-24,2023-10-01,43.94,851.8,Delivered,905.8
SHP01111,Kolkata,Delhi,2023-10-03,2023-10-07,21.2,1119.1,Delayed,976.12
SHP01112,Delhi,Ahmedabad,2023-07-16,2023-07-17,45.6,1778.3,Delivered,1617.57
SHP01113,Bangalore,Pune,2023-03-09,2023-03-12,49.66,658.9,Delivered,797.75
SHP01114,Pune,Bangalore,2023-12-12,2023-12-16,5.75,275.8,Delivered,270.02
SHP01115,Pune,Mumbai,2023-09-28,2023-10-05,12.04,983.7,Failed,846.46
SHP01116,Bangalore,Ahmedabad,2023-01-03,2023-01-05,47.54,1496.0,Delivered,1426.31
SHP01117,Chennai,Chennai,2023-01-22,2023-01-24,47.94,228.6,Delivered,449.35
SHP01118,Pune,Kolkata,2023-01-29,2023-02-02,5.34,855.1,Delayed,716.47
SHP01119,Kolkata,Chennai,2023-11-28,2023-12-03,1.24,45.4,Delivered,88.69
SHP01120,Hyderabad,Delhi,2023-10-01,2023-10-08,8.47,76.8,Delivered,162.38
SHP01121,Bangalore,Bangalore,2023-03-07,2023-03-14,49.8,971.1,Delivered,1040.31
SHP01122,Mumbai,Pune,2023-07-15,2023-07-16,9.41,603.4,Delivered,559.97
SHP01123,Kolkata,Hyderabad,2023-10-20,2023-10-22,25.38,1691.8,Delivered,1440.37
SHP01124,Hyderabad,Kolkata,2023-06-20,2023-06-25,42.5,1208.3,Delivered,1151.61
SHP01125,Hyderabad,Bangalore,2023-12-08,2023-12-14,1.51,913.3,Delayed,736.5
SHP01126,Bangalore,Ahmedabad,2023-11-11,2023-11-17,30.42,821.8,Delivered,825.64
SHP01127,Hyderabad,Ahmedabad,2023-10-07,2023-10-12,14.21,999.5,Delivered,878.78
SHP01128,Bangalore,Chennai,2023-07-14,2023-07-18,43.19,90.5,Delivered,352.43
SHP01129,Pune,Hyderabad,2023-07-16,2023-07-25,14.53,1786.7,Delayed,1460.82
SHP01130,Delhi,Bangalore,2023-09-27,2023-10-01,34.49,1996.6,Delivered,1725.2
SHP01131,Kolkata,Mumbai,2023-03-13,2023-03-16,33.87,371.2,Delayed,499.32
SHP01132,Chennai,Kolkata,2023-09-10,2023-09-12,11.46,249.6,Delivered,280.52
SHP01133,Delhi,Delhi,2023-03-17,2023-03-23,2.22,295.7,Delivered,281.32
SHP01134,Kolkata,Bangalore,2023-04-10,2023-04-14,20.76,1325.4,Delivered,1149.64
SHP01135,Bangalore,Bangalore,2023-07-27,2023-07-30,14.82,1326.3,Delivered,1136.85
SHP01136,Kolkata,Mumbai,2023-11-07,2023-11-11,40.54,1697.4,Delivered,1520.41
SHP01137,Pune,Chennai,2023-01-25,2023-01-29,40.12,1506.1,Delivered,1399.38
SHP01138,Bangalore,Pune,2023-09-11,2023-09-13,23.12,904.9,Delivered,845.97
SHP01139,Delhi,Pune,2023-08-12,2023-08-26,30.52,1229.6,Failed,1114.5
SHP01140,Mumbai,Kolkata,2023-10-17,2023-10-28,30.41,1379.7,Failed,1224.49
SHP01141,Mumbai,Kolkata,2023-12-22,2024-01-05,41.44,1030.3,Delayed,1015.59
SHP01142,Ahmedabad,Delhi,2023-01-30,2023-02-09,21.54,956.5,Failed,873.19
SHP01143,Ahmedabad,Bangalore,2023-03-11,2023-03-18,14.13,1293.7,Delivered,1071.8
SHP01144,Kolkata,Hyderabad,2023-08-15,2023-08-18,13.62,1119.4,Delivered,955.45
SHP01145,Mumbai,Bangalore,2023-11-06,2023-11-12,27.04,1291.4,Failed,1173.29
SHP01146,Bangalore,Pune,2023-02-24,2023-03-03,22.73,1229.6,Delivered,1092.65
SHP01147,Hyderabad,Delhi,2023-06-23,2023-06-24,22.29,1441.2,Delivered,1252.74
SHP01148,Bangalore,Bangalore,2023-06-20,2023-06-24,5.01,1289.2,Delivered,1026.71
SHP01149,Hyderabad,Mumbai,2023-07-15,2023-07-21,36.07,1044.3,Delivered,1012.5
SHP01150,Delhi,Pune,2023-12-08,2023-12-10,11.08,1366.8,Delivered,1121.95
SHP01151,Chennai,Bangalore,2023-09-08,2023-09-10,10.25,904.5,Delivered,795.39
SHP01152,Hyderabad,Bangalore,2023-07-23,2023-07-27,20.93,490.9,Delivered,510.08
SHP01153,Mumbai,Pune,2023-01-04,2023-01-17,11.78,12.8,Delayed,116.85
SHP01154,Bangalore,Hyderabad,2023-03-21,2023-03-25,29.4,1124.3,Failed,1043.75
SHP01155,Delhi,Pune,2023-07-08,2023-07-23,18.89,1185.4,Failed,1034.06
SHP01156,Mumbai,Mumbai,2023-01-24,2023-01-28,22.72,1944.4,Delivered,1635.11
SHP01157,Delhi,Mumbai,2023-02-21,2023-02-23,27.09,729.3,Failed,721.68
SHP01158,Chennai,Bangalore,2023-04-03,2023-04-10,10.58,794.3,Failed,693.72
SHP01159,Pune,Kolkata,2023-03-11,2023-03-18,8.21,411.6,Delivered,411.43
SHP01160,Bangalore,Hyderabad,2023-10-07,2023-10-11,44.08,150.4,Delayed,384.32
SHP01161,Kolkata,Bangalore,2023-01-24,2023-01-28,21.97,1547.9,Delivered,1316.86
SHP01162,Bangalore,Pune,2023-09-13,2023-09-18,20.9,506.9,Delayed,515.85
SHP01163,Ahmedabad,Bangalore,2023-03-04,2023-03-11,2.26,1221.7,Delivered,987.71
SHP01164,Chennai,Delhi,2023-09-27,2023-09-28,25.15,1378.7,Delivered,1228.66
SHP01165,Bangalore,Delhi,2023-02-14,2023-02-19,27.93,947.8,Delivered,905.31
SHP01166,Ahmedabad,Kolkata,2023-06-09,2023-06-15,28.16,1753.9,Delivered,1520.49
SHP01167,Kolkata,Hyderabad,2023-09-20,2023-09-25,35.5,893.2,Delivered,898.08
SHP01168,Hyderabad,Chennai,2023-05-12,2023-05-20,9.29,577.0,Delayed,518.47
SHP01169,Delhi,Ahmedabad,2023-02-25,2023-03-08,12.99,1793.1,Delayed,1440.35
SHP01170,Kolkata,Delhi,2023-02-02,2023-02-05,40.63,1724.5,Delayed,1552.66
SHP01171,Mumbai,Chennai,2023-04-27,2023-05-04,47.38,336.4,Delivered,538.92
SHP01172,Chennai,Mumbai,2023-06-23,2023-07-01,7.23,61.7,Delayed,143.71
SHP01173,Hyderabad,Delhi,2023-07-19,2023-07-25,25.13,189.1,Delivered,325.26
SHP01174,Mumbai,Delhi,2023-07-17,2023-07-20,11.1,580.2,Delayed,560.17
SHP01175,Mumbai,Hyderabad,2023-01-16,2023-01-22,3.47,1944.8,Delivered,1526.36
SHP01176,Chennai,Kolkata,2023-02-28,2023-03-05,16.61,1121.4,Delivered,971.19
SHP01177,Hyderabad,Chennai,2023-12-25,2024-01-05,7.61,752.8,Delayed,644.12
SHP01178,Pune,Pune,2023-01-15,2023-01-25,35.64,1778.5,Delayed,1561.15
SHP01179,Mumbai,Delhi,2023-07-28,2023-07-29,26.92,911.7,Delivered,883.29
SHP01180,Mumbai,Delhi,2023-04-29,2023-05-05,7.62,637.3,Failed,547.77
SHP01181,Hyderabad,Hyderabad,2023-03-03,2023-03-08,0.96,1883.0,Delivered,1486.17
SHP01182,Bangalore,Hyderabad,2023-12-08,2023-12-13,40.5,1700.5,Delivered,1547.61
SHP01183,Mumbai,Kolkata,2023-04-01,2023-04-05,9.22,1688.9,Delivered,1366.69
SHP01184,Delhi,Chennai,2023-08-28,2023-08-30,30.51,1029.4,Delivered,967.86
SHP01185,Hyderabad,Mumbai,2023-11-16,2023-11-18,17.18,1581.0,Delivered,1310.57
SHP01186,Mumbai,Pune,2023-07-20,2023-07-27,29.48,366.9,Delivered,463.63
SHP01187,Chennai,Kolkata,2023-04-17,2023-04-24,16.12,1150.7,Delivered,975.63
SHP01188,Kolkata,Ahmedabad,2023-10-15,2023-10-16,4.8,1967.9,Delivered,1548.93
SHP01189,Delhi,Mumbai,2023-06-29,2023-07-06,11.54,589.0,Delivered,531.74
SHP01190,Ahmedabad,Bangalore,2023-12-07,2023-12-09,9.81,1590.8,Delivered,1300.89
SHP01191,Ahmedabad,Delhi,2023-12-25,2024-01-01,21.69,986.1,Delivered,892.9
SHP01192,Kolkata,Chennai,2023-04-03,2023-04-07,33.09,89.2,Delivered,270.32
SHP01193,Ahmedabad,Kolkata,2023-05-14,2023-05-20,13.56,1528.4,Delivered,1265.89
SHP01194,Kolkata,Delhi,2023-12-15,2023-12-19,1.1,345.5,Delivered,333.58
SHP01195,Mumbai,Chennai,2023-12-19,2023-12-24,26.19,1266.6,Delivered,1138.71
SHP01196,Delhi,Chennai,2023-09-15,2023-09-18,30.49,180.5,Delivered,337.49
SHP01197,Delhi,Chennai,2023-08-09,2023-08-19,48.16,1894.3,Delayed,1722.6
SHP01198,Bangalore,Delhi,2023-07-22,2023-07-25,29.68,590.5,Delivered,650.77
SHP01199,Kolkata,Kolkata,2023-11-04,2023-11-09,23.82,460.7,Delivered,530.29
SHP01200,Delhi,Pune,2023-09-22,2023-09-24,28.88,267.0,Delivered,382.84
SHP01201,Bangalore,Hyderabad,2023-06-21,2023-06-28,46.43,1892.5,Delivered,1715.88
SHP01202,Hyderabad,Delhi,2023-01-29,2023-02-01,41.5,1426.7,Failed,1319.57
SHP01203,Bangalore,Ahmedabad,2023-10-15,2023-10-19,16.49,1485.9,Delivered,1264.51
SHP01204,Chennai,Chennai,2023-11-07,2023-11-13,12.24,1003.8,Delivered,855.29
SHP01205,Pune,Kolkata,2023-08-11,2023-08-14,13.5,954.7,Delivered,850.6
SHP01206,Mumbai,Pune,2023-08-14,2023-08-21,25.47,228.9,Delivered,367.58
SHP01207,Hyderabad,Bangalore,2023-08-23,2023-08-29,37.33,1124.1,Delivered,1065.54
SHP01208,Pune,Ahmedabad,2023-04-24,2023-04-30,25.41,501.4,Failed,572.08
SHP01209,Pune,Mumbai,2023-01-10,2023-01-25,3.86,1954.5,Delayed,1518.6
SHP01210,Hyderabad,Ahmedabad,2023-12-18,2023-12-21,36.32,1595.2,Delivered,1416.74
SHP01211,Chennai,Chennai,2023-02-26,2023-03-02,40.4,831.9,Failed,873.69
SHP01212,Bangalore,Bangalore,2023-10-13,2023-10-14,14.83,311.2,Delivered,377.29
SHP01213,Mumbai,Hyderabad,2023-10-03,2023-10-11,33.37,1572.8,Delayed,1395.99
SHP01214,Bangalore,Pune,2023-02-18,2023-03-01,21.62,252.9,Failed,349.79
SHP01215,Delhi,Pune,2023-04-05,2023-04-10,44.51,386.8,Delivered,570.43
SHP01216,Bangalore,Chennai,2023-03-27,2023-04-01,42.34,430.9,Delivered,603.61
SHP01217,Ahmedabad,Ahmedabad,2023-08-18,2023-08-21,26.51,1118.2,Delivered,1032.53
SHP01218,Hyderabad,Ahmedabad,2023-12-15,2023-12-17,34.73,1576.2,Delivered,1394.77
SHP01219,Mumbai,Pune,2023-03-10,2023-03-17,44.23,635.5,Delivered,739.89
SHP01220,Bangalore,Bangalore,2023-04-22,2023-04-24,25.04,178.5,Delayed,292.98
SHP01221,Mumbai,Chennai,2023-08-31,2023-09-13,16.01,934.4,Delayed,836.63
SHP01222,Mumbai,Delhi,2023-07-18,2023-08-02,37.81,1498.7,Failed,1350.3
SHP01223,Delhi,Kolkata,2023-11-05,2023-11-12,11.39,451.1,Delayed,435.57
SHP01224,Delhi,Bangalore,2023-04-29,2023-05-10,19.73,447.6,Failed,499.87
SHP01225,Hyderabad,Kolkata,2023-04-28,2023-05-02,43.35,1895.0,Delivered,1681.07
SHP01226,Chennai,Delhi,2023-09-27,2023-09-29,36.36,1908.8,Delivered,1666.07
SHP01227,Ahmedabad,Delhi,2023-03-09,2023-03-13,20.49,1981.0,Delivered,1634.1
SHP01228,Pune,Kolkata,2023-11-20,2023-11-27,11.13,1617.2,Delivered,1301.51
SHP01229,Mumbai,Bangalore,2023-12-09,2023-12-11,18.12,384.5,Delivered,423.49
SHP01230,Chennai,Kolkata,2023-12-26,2023-12-31,14.56,431.8,Delivered,442.97
SHP01231,Pune,Kolkata,2023-10-30,2023-11-08,9.22,687.0,Failed,627.18
SHP01232,Pune,Mumbai,2023-12-28,2024-01-11,37.29,643.1,Delayed,711.75
SHP01233,Ahmedabad,Bangalore,2023-08-01,2023-08-03,12.98,1913.5,Delivered,1545.19
SHP01234,Hyderabad,Ahmedabad,2023-08-18,2023-09-01,22.98,1580.3,Delayed,1361.44
SHP01235,Pune,Ahmedabad,2023-10-23,2023-10-25,19.6,1450.8,Delivered,1246.46
SHP01236,Ahmedabad,Mumbai,2023-11-06,2023-11-13,49.11,380.1,Delayed,592.56
SHP01237,Pune,Chennai,2023-03-05,2023-03-09,19.86,1820.0,Delivered,1532.45
SHP01238,Mumbai,Pune,2023-06-12,2023-06-19,4.46,1657.5,Delivered,1327.25
SHP01239,Mumbai,Ahmedabad,2023-02-25,2023-03-09,4.95,335.6,Delayed,322.75
SHP01240,Kolkata,Kolkata,2023-06-10,2023-06-13,29.74,1743.6,Delivered,1519.26
SHP01241,Chennai,Chennai,2023-12-11,2023-12-15,30.17,551.8,Delivered,615.05
SHP01242,Bangalore,Ahmedabad,2023-11-09,2023-11-16,21.23,170.9,Delivered,275.43
SHP01243,Ahmedabad,Bangalore,2023-06-22,2023-06-28,21.88,1317.1,Delivered,1139.34
SHP01244,Delhi,Kolkata,2023-01-12,2023-01-21,3.17,1311.1,Delayed,1038.13
SHP01245,Ahmedabad,Pune,2023-04-14,2023-04-16,26.07,198.9,Delivered,315.32
SHP01246,Bangalore,Chennai,2023-04-14,2023-04-19,25.48,644.5,Delayed,648.15
SHP01247,Chennai,Ahmedabad,2023-06-26,2023-06-29,7.9,1985.7,Delivered,1561.3
SHP01248,Delhi,Ahmedabad,2023-01-12,2023-01-17,5.64,1360.1,Delivered,1113.81
SHP01249,Bangalore,Hyderabad,2023-08-28,2023-09-03,6.62,1462.8,Delivered,1197.44
SHP01250,Kolkata,Ahmedabad,2023-08-12,2023-08-20,5.5,433.7,Failed,406.25
SHP01251,Delhi,Delhi,2023-10-31,2023-11-06,30.68,166.8,Delivered,342.12
SHP01252,Mumbai,Kolkata,2023-02-16,2023-02-22,10.23,561.0,Delivered,509.24
SHP01253,Bangalore,Pune,2023-07-02,2023-07-07,12.95,505.3,Delivered,509.79
SHP01254,Ahmedabad,Delhi,2023-03-08,2023-03-11,9.09,476.7,Delivered,453.23
SHP01255,Delhi,Mumbai,2023-11-18,2023-11-29,47.91,393.6,Failed,567.44
SHP01256,Kolkata,Chennai,2023-02-05,2023-02-12,42.8,1153.8,Delivered,1115.0
SHP01257,Ahmedabad,Ahmedabad,2023-05-05,2023-05-07,11.91,662.9,Delivered,599.08
SHP01258,Pune,Mumbai,2023-02-06,2023-02-07,16.71,1642.5,Delivered,1347.17
SHP01259,Delhi,Pune,2023-04-26,2023-04-30,10.89,376.1,Delivered,378.9
SHP01260,Delhi,Kolkata,2023-10-25,2023-10-26,24.85,934.6,Delivered,857.6
SHP01261,Kolkata,Delhi,2023-12-20,2023-12-25,1.47,37.2,Delivered,74.69
SHP01262,Pune,Delhi,2023-12-22,2023-12-28,33.73,968.5,Delivered,935.65
SHP01263,Bangalore,Chennai,2023-07-18,2023-07-20,26.4,121.1,Delivered,292.6
SHP01264,Hyderabad,Kolkata,2023-12-27,2023-12-29,44.98,1955.7,Delivered,1731.1
SHP01265,Bangalore,Ahmedabad,2023-07-17,2023-08-01,8.64,1583.3,Delayed,1270.24
SHP01266,Pune,Hyderabad,2023-08-25,2023-09-02,40.3,985.3,Failed,997.95
SHP01267,Chennai,Hyderabad,2023-03-23,2023-03-25,39.7,182.3,Delivered,399.6
SHP01268,Ahmedabad,Chennai,2023-02-19,2023-02-21,6.8,1189.0,Delivered,971.23
SHP01269,Kolkata,Kolkata,2023-07-03,2023-07-09,20.23,1519.9,Delivered,1306.1
SHP01270,Bangalore,Chennai,2023-01-24,2023-02-05,8.92,389.5,Failed,380.33
SHP01271,Delhi,Kolkata,2023-11-16,2023-11-23,13.11,1140.7,Delivered,958.96
SHP01272,Kolkata,Pune,2023-03-26,2023-03-29,13.53,1630.3,Failed,1333.56
SHP01273,Mumbai,Pune,2023-05-17,2023-05-20,28.03,1538.8,Delivered,1348.62
SHP01274,Pune,Mumbai,2023-08-27,2023-08-30,20.86,1608.0,Delivered,1354.99
SHP01275,Ahmedabad,Ahmedabad,2023-01-17,2023-01-24,47.41,1759.9,Delivered,1613.89
SHP01276,Bangalore,Chennai,2023-12-30,2024-01-06,6.76,1876.0,Delivered,1480.28
SHP01277,Kolkata,Ahmedabad,2023-08-19,2023-08-25,48.7,817.0,Delivered,914.29
SHP01278,Ahmedabad,Kolkata,2023-10-14,2023-10-18,11.92,1141.9,Failed,959.92
SHP01279,Bangalore,Hyderabad,2023-01-14,2023-01-21,38.76,1583.4,Failed,1429.58
SHP01280,Kolkata,Ahmedabad,2023-06-07,2023-06-12,17.28,1397.3,Failed,1186.68
SHP01281,Delhi,Kolkata,2023-07-26,2023-08-02,7.58,1991.1,Delivered,1588.67
SHP01282,Mumbai,Pune,2023-11-25,2023-11-30,42.97,37.2,Delivered,282.3
SHP01283,Mumbai,Kolkata,2023-04-08,2023-04-13,15.79,716.7,Delivered,679.91
SHP01284,Chennai,Chennai,2023-09-26,2023-09-27,33.11,569.2,Delivered,651.32
SHP01285,Kolkata,Mumbai,2023-10-06,2023-10-21,28.54,532.0,Delayed,581.06
SHP01286,Bangalore,Mumbai,2023-04-10,2023-04-15,23.85,452.8,Delivered,527.85
SHP01287,Mumbai,Mumbai,2023-10-21,2023-10-27,25.04,1421.2,Delivered,1247.69
SHP01288,Pune,Mumbai,2023-05-26,2023-06-01,36.75,178.7,Delayed,365.87
SHP01289,Mumbai,Pune,2023-08-03,2023-08-05,4.84,1485.8,Delayed,1174.85
SHP01290,Hyderabad,Bangalore,2023-04-16,2023-04-19,33.57,1389.9,Delivered,1261.6
SHP01291,Hyderabad,Ahmedabad,2023-09-10,2023-09-13,44.84,509.1,Delivered,642.62
SHP01292,Mumbai,Chennai,2023-07-03,2023-07-12,3.36,513.1,Failed,448.8
SHP01293,Kolkata,Delhi,2023-01-11,2023-01-16,7.46,1261.4,Delivered,1029.7
SHP01294,Chennai,Chennai,2023-09-30,2023-10-03,35.97,1526.7,Delayed,1383.67
SHP01295,Mumbai,Bangalore,2023-04-02,2023-04-05,22.15,1754.2,Delivered,1464.1
SHP01296,Delhi,Mumbai,2023-09-02,2023-09-05,20.48,1705.8,Delivered,1444.62
SHP01297,Ahmedabad,Bangalore,2023-11-16,2023-11-22,7.28,1930.1,Delivered,1527.02
SHP01298,Bangalore,Hyderabad,2023-09-20,2023-09-26,25.59,1167.0,Delayed,1050.96
SHP01299,Chennai,Hyderabad,2023-01-16,2023-01-28,6.76,1818.2,Delayed,1458.34
SHP01300,Delhi,Ahmedabad,2023-10-22,2023-11-03,24.09,1618.9,Delayed,1389.64
SHP01301,Chennai,Pune,2023-10-17,2023-10-20,38.3,1790.4,Delivered,1576.62
SHP01302,Delhi,Chennai,2023-07-01,2023-07-16,13.28,33.1,Failed,136.67
SHP01303,Bangalore,Chennai,2023-01-03,2023-01-09,24.3,1932.1,Delivered,1612.81
SHP01304,Bangalore,Delhi,2023-11-22,2023-11-26,49.6,952.3,Delivered,1016.02
SHP01305,Hyderabad,Pune,2023-09-26,2023-10-03,34.49,1598.4,Delivered,1414.55
SHP01306,Kolkata,Delhi,2023-05-25,2023-06-05,42.15,263.1,Failed,467.1
SHP01307,Delhi,Hyderabad,2023-01-02,2023-01-06,21.03,797.9,Delayed,756.77
SHP01308,Ahmedabad,Mumbai,2023-04-28,2023-05-04,38.51,550.2,Delivered,641.03
SHP01309,Hyderabad,Bangalore,2023-08-20,2023-08-21,2.51,590.4,Delivered,497.76
SHP01310,Delhi,Delhi,2023-01-05,2023-01-17,6.58,255.3,Failed,263.23
SHP01311,Hyderabad,Kolkata,2023-09-22,2023-09-26,10.55,1613.5,Delivered,1308.49
SHP01312,Bangalore,Delhi,2023-04-24,2023-05-03,20.4,28.4,Delayed,173.94
SHP01313,Chennai,Mumbai,2023-08-09,2023-08-12,42.36,631.9,Delivered,736.0
SHP01314,Pune,Mumbai,2023-02-14,2023-02-15,17.64,357.1,Delivered,416.21
SHP01315,Hyderabad,Chennai,2023-10-17,2023-10-20,32.9,1182.2,Delivered,1088.72
SHP01316,Delhi,Bangalore,2023-02-05,2023-02-10,35.61,516.0,Delivered,632.91
SHP01317,Delhi,Mumbai,2023-01-21,2023-01-23,29.52,525.4,Delivered,585.36
SHP01318,Pune,Pune,2023-05-12,2023-05-15,18.18,981.8,Delivered,869.26
SHP01319,Kolkata,Delhi,2023-05-12,2023-05-18,29.06,1308.9,Delivered,1184.38
SHP01320,Ahmedabad,Delhi,2023-12-13,2023-12-20,17.44,251.4,Delivered,337.97
SHP01321,Bangalore,Hyderabad,2023-03-22,2023-03-29,4.65,359.3,Delayed,337.86
SHP01322,Delhi,Mumbai,2023-08-11,2023-08-12,49.64,501.9,Delivered,684.5
SHP01323,Mumbai,Kolkata,2023-02-09,2023-02-14,6.8,1947.8,Delivered,1560.2
SHP01324,Chennai,Chennai,2023-12-17,2023-12-29,4.08,800.3,Delayed,681.3
SHP01325,Hyderabad,Bangalore,2023-04-25,2023-04-30,43.99,1202.0,Delivered,1152.82
SHP01326,Kolkata,Kolkata,2023-06-13,2023-06-15,15.44,490.7,Delivered,508.32
SHP01327,Ahmedabad,Chennai,2023-09-04,2023-09-10,32.69,986.0,Delivered,963.93
SHP01328,Pune,Delhi,2023-12-01,2023-12-08,16.79,157.5,Failed,258.85
SHP01329,Chennai,Kolkata,2023-08-16,2023-08-29,19.88,79.1,Delayed,219.13
SHP01330,Bangalore,Chennai,2023-07-27,2023-07-31,13.47,942.8,Delivered,843.63
SHP01331,Kolkata,Delhi,2023-07-03,2023-07-07,17.48,803.3,Delayed,737.12
SHP01332,Ahmedabad,Delhi,2023-08-04,2023-08-07,20.83,282.4,Delivered,348.64
SHP01333,Hyderabad,Delhi,2023-12-06,2023-12-11,36.16,1378.3,Delivered,1262.96
SHP01334,Hyderabad,Delhi,2023-03-09,2023-03-16,25.82,1985.9,Delayed,1650.38
SHP01335,Pune,Pune,2023-11-08,2023-11-09,47.21,797.3,Delivered,875.8
SHP01336,Mumbai,Delhi,2023-04-08,2023-04-12,2.57,1252.9,Delayed,1006.0
SHP01337,Pune,Hyderabad,2023-02-26,2023-03-02,25.4,1926.3,Delivered,1614.11
SHP01338,Bangalore,Kolkata,2023-09-23,2023-09-28,29.42,1664.8,Delivered,1453.12
SHP01339,Kolkata,Chennai,2023-01-24,2023-02-04,46.05,932.5,Delayed,992.5
SHP01340,Kolkata,Hyderabad,2023-04-13,2023-04-20,2.93,1477.6,Delivered,1169.67
SHP01341,Delhi,Pune,2023-03-21,2023-04-02,28.89,265.0,Delayed,409.21
SHP01342,Mumbai,Ahmedabad,2023-10-19,2023-10-24,42.75,1029.1,Delayed,1018.77
SHP01343,Mumbai,Ahmedabad,2023-12-12,2023-12-16,12.48,565.3,Delayed,549.98
SHP01344,Kolkata,Hyderabad,2023-01-26,2023-01-30,43.88,330.7,Delivered,530.57
SHP01345,Kolkata,Mumbai,2023-04-28,2023-05-03,1.44,858.3,Delivered,693.8
SHP01346,Chennai,Mumbai,2023-03-06,2023-03-10,36.76,270.7,Delayed,428.77
SHP01347,Ahmedabad,Mumbai,2023-02-14,2023-02-24,46.69,1401.0,Failed,1326.4
SHP01348,Chennai,Bangalore,2023-07-27,2023-07-31,33.03,917.9,Delivered,916.03
SHP01349,Chennai,Mumbai,2023-07-07,2023-07-12,22.23,1067.0,Delayed,974.67
SHP01350,Mumbai,Chennai,2023-03-14,2023-03-17,2.72,301.3,Delivered,282.76
SHP01351,Delhi,Hyderabad,2023-05-12,2023-05-14,46.05,288.1,Delayed,500.03
SHP01352,Hyderabad,Chennai,2023-12-25,2024-01-01,23.78,1171.0,Delivered,1032.71
SHP01353,Chennai,Kolkata,2023-08-20,2023-08-26,1.94,1970.2,Delivered,1536.1
SHP01354,Delhi,Mumbai,2023-03-12,2023-03-13,34.65,201.5,Delivered,394.33
SHP01355,Pune,Pune,2023-03-08,2023-03-11,24.35,578.6,Delivered,592.05
SHP01356,Bangalore,Bangalore,2023-11-23,2023-12-07,6.66,1740.2,Failed,1406.35
SHP01357,Chennai,Kolkata,2023-04-26,2023-04-27,11.11,153.8,Delivered,233.87
SHP01358,Pune,Pune,2023-02-21,2023-02-28,3.69,1753.0,Delayed,1402.09
SHP01359,Hyderabad,Bangalore,2023-07-08,2023-07-11,28.93,1053.3,Delivered,971.81
SHP01360,Bangalore,Ahmedabad,2023-11-14,2023-11-17,31.29,822.5,Delivered,811.87
SHP01361,Bangalore,Kolkata,2023-08-05,2023-08-08,25.53,626.3,Delivered,628.05
SHP01362,Hyderabad,Ahmedabad,2023-11-27,2023-12-03,40.95,601.3,Delivered,714.71
SHP01363,Chennai,Hyderabad,2023-06-30,2023-07-04,43.12,618.5,Delivered,735.24
SHP01364,Mumbai,Chennai,2023-08-23,2023-08-26,30.97,1770.8,Delivered,1520.07
SHP01365,Hyderabad,Delhi,2023-05-25,2023-05-28,1.13,1450.4,Delivered,1155.1
SHP01366,Hyderabad,Chennai,2023-05-04,2023-05-07,34.91,1342.7,Delivered,1223.54
SHP01367,Hyderabad,Mumbai,2023-10-08,2023-10-13,21.19,1599.5,Delivered,1340.97
SHP01368,Bangalore,Ahmedabad,2023-02-04,2023-02-15,28.5,521.7,Failed,580.68
SHP01369,Ahmedabad,Pune,2023-10-12,2023-10-15,32.63,1239.9,Delivered,1126.71
SHP01370,Delhi,Delhi,2023-08-30,2023-09-02,17.84,925.5,Delivered,823.85
SHP01371,Pune,Bangalore,2023-04-21,2023-04-25,45.9,1567.1,Delivered,1449.68
SHP01372,Mumbai,Ahmedabad,2023-02-17,2023-02-18,7.13,625.4,Delivered,568.77
SHP01373,Chennai,Hyderabad,2023-08-09,2023-08-11,33.74,1289.9,Delivered,1197.83
SHP01374,Chennai,Hyderabad,2023-08-02,2023-08-08,0.72,1765.6,Delivered,1375.51
SHP01375,Pune,Ahmedabad,2023-10-31,2023-11-02,46.27,810.3,Delayed,898.06
SHP01376,Delhi,Ahmedabad,2023-02-09,2023-02-17,6.07,142.6,Delayed,190.05
SHP01377,Hyderabad,Ahmedabad,2023-06-15,2023-06-21,5.2,1036.9,Delivered,847.31
SHP01378,Ahmedabad,Bangalore,2023-02-02,2023-02-15,16.98,698.5,Delayed,667.81
SHP01379,Mumbai,Mumbai,2023-08-31,2023-09-02,18.99,1347.7,Delivered,1163.06
SHP01380,Chennai,Bangalore,2023-02-08,2023-02-13,11.11,1902.6,Delivered,1537.26
SHP01381,Pune,Kolkata,2023-05-06,2023-05-13,29.46,976.4,Delivered,934.32
SHP01382,Kolkata,Pune,2023-01-07,2023-01-10,22.42,937.7,Delivered,872.69
SHP01383,Ahmedabad,Ahmedabad,2023-08-07,2023-08-11,2.19,1312.6,Delivered,1040.78
SHP01384,Pune,Pune,2023-11-26,2023-11-27,16.32,216.0,Delivered,308.36
SHP01385,Ahmedabad,Mumbai,2023-06-07,2023-06-10,40.62,514.5,Failed,625.47
SHP01386,Chennai,Delhi,2023-09-12,2023-09-17,34.64,1838.8,Delivered,1617.66
SHP01387,Hyderabad,Bangalore,2023-07-29,2023-07-31,36.38,1343.2,Delivered,1232.99
SHP01388,Kolkata,Mumbai,2023-08-26,2023-08-29,35.06,36.8,Delivered,237.9
SHP01389,Delhi,Pune,2023-07-29,2023-08-12,15.89,417.2,Delayed,446.35
SHP01390,Mumbai,Delhi,2023-04-24,2023-05-01,5.43,1368.8,Delivered,1098.79
SHP01391,Delhi,Bangalore,2023-11-13,2023-11-15,13.99,1531.2,Delivered,1280.97
SHP01392,Delhi,Hyderabad,2023-08-01,2023-08-02,41.67,1681.3,Delivered,1516.56
SHP01393,Pune,Bangalore,2023-10-31,2023-11-02,49.03,591.4,Delivered,745.44
SHP01394,Ahmedabad,Chennai,2023-05-23,2023-05-27,24.95,1862.7,Delivered,1564.11
SHP01395,Mumbai,Bangalore,2023-07-19,2023-07-20,0.98,1110.4,Delivered,876.08
SHP01396,Mumbai,Chennai,2023-12-25,2023-12-27,7.43,1396.1,Delivered,1129.75
SHP01397,Chennai,Delhi,2023-06-27,2023-07-03,16.44,1197.5,Delivered,1034.6
SHP01398,Chennai,Bangalore,2023-11-20,2023-11-27,29.14,254.3,Delivered,392.7
SHP01399,Mumbai,Delhi,2023-05-04,2023-05-11,4.22,1926.6,Delivered,1519.18
SHP01400,Kolkata,Delhi,2023-12-25,2023-12-28,47.2,254.5,Delivered,496.4
SHP01401,Bangalore,Pune,2023-01-29,2023-02-05,18.57,517.2,Delivered,538.39
SHP01402,Chennai,Mumbai,2023-09-17,2023-09-21,45.67,1629.1,Delivered,1517.44
SHP01403,Bangalore,Delhi,2023-01-28,2023-02-11,39.14,1241.0,Delayed,1161.17
SHP01404,Pune,Delhi,2023-10-18,2023-10-25,37.89,1677.9,Delivered,1480.33
SHP01405,Kolkata,Pune,2023-12-27,2023-12-31,30.53,1036.3,Delivered,972.31
SHP01406,Mumbai,Pune,2023-10-31,2023-11-01,31.53,760.2,Delivered,763.26
SHP01407,Kolkata,Bangalore,2023-12-09,2023-12-24,32.08,1844.5,Failed,1594.81
SHP01408,Chennai,Pune,2023-05-19,2023-05-25,31.62,82.1,Failed,270.43
SHP01409,Delhi,Bangalore,2023-08-31,2023-09-04,27.91,1713.7,Delivered,1477.83
SHP01410,Pune,Hyderabad,2023-12-08,2023-12-09,49.33,469.3,Delivered,658.43
SHP01411,Mumbai,Pune,2023-08-29,2023-09-02,36.75,1699.0,Delivered,1526.85
SHP01412,Hyderabad,Mumbai,2023-02-07,2023-02-14,38.96,287.0,Delivered,475.18
SHP01413,Pune,Delhi,2023-03-21,2023-04-05,43.69,1164.6,Delayed,1126.63
SHP01414,Ahmedabad,Mumbai,2023-08-12,2023-08-13,11.17,1777.3,Delivered,1432.37
SHP01415,Bangalore,Chennai,2023-08-28,2023-09-02,4.65,952.3,Delivered,777.71
SHP01416,Kolkata,Ahmedabad,2023-10-24,2023-10-25,24.4,1495.7,Delivered,1280.85
SHP01417,Mumbai,Pune,2023-06-10,2023-06-12,25.95,1611.3,Delivered,1390.01
SHP01418,Pune,Delhi,2023-08-11,2023-08-18,41.54,1475.6,Failed,1366.53
SHP01419,Kolkata,Mumbai,2023-04-14,2023-04-16,22.47,1851.4,Delivered,1539.99
SHP01420,Mumbai,Pune,2023-10-23,2023-11-04,28.76,899.2,Delayed,876.68
SHP01421,Chennai,Pune,2023-02-21,2023-02-28,26.59,354.5,Delivered,458.14
SHP01422,Pune,Ahmedabad,2023-04-05,2023-04-10,2.39,105.1,Delivered,121.61
SHP01423,Chennai,Hyderabad,2023-01-07,2023-01-14,30.95,500.5,Delivered,575.96
SHP01424,Pune,Hyderabad,2023-01-18,2023-01-21,41.49,295.0,Delivered,494.31
SHP01425,Chennai,Delhi,2023-12-09,2023-12-12,8.3,1120.3,Delivered,932.54
SHP01426,Ahmedabad,Chennai,2023-09-28,2023-09-30,29.92,378.0,Delivered,477.01
SHP01427,Kolkata,Hyderabad,2023-01-16,2023-01-18,29.88,87.5,Delivered,255.17
SHP01428,Hyderabad,Ahmedabad,2023-12-20,2023-12-22,8.63,81.6,Delivered,144.08
SHP01429,Pune,Hyderabad,2023-06-05,2023-06-11,6.61,1664.8,Delivered,1315.64
SHP01430,Ahmedabad,Chennai,2023-10-04,2023-10-09,49.01,1187.0,Delivered,1197.99
SHP01431,Pune,Mumbai,2023-08-05,2023-08-09,19.99,722.6,Delivered,675.37
SHP01432,Chennai,Hyderabad,2023-01-19,2023-02-03,11.76,1789.5,Delayed,1442.62
SHP01433,Mumbai,Ahmedabad,2023-08-20,2023-08-21,8.98,149.7,Delivered,189.0
SHP01434,Pune,Bangalore,2023-05-17,2023-05-18,33.55,1960.8,Delivered,1699.61
SHP01435,Ahmedabad,Ahmedabad,2023-04-23,2023-04-30,30.67,1236.4,Delivered,1112.22
SHP01436,Chennai,Kolkata,2023-01-22,2023-02-02,32.36,375.1,Failed,485.46
SHP01437,Delhi,Kolkata,2023-04-20,2023-04-26,4.86,1361.3,Delivered,1098.21
SHP01438,Chennai,Hyderabad,2023-12-12,2023-12-25,44.73,1529.1,Delayed,1416.86
SHP01439,Kolkata,Mumbai,2023-09-02,2023-09-07,19.77,864.4,Delivered,788.44
SHP01440,Hyderabad,Pune,2023-03-14,2023-03-17,16.01,1724.6,Delivered,1414.51
SHP01441,Delhi,Mumbai,2023-06-05,2023-06-10,23.39,310.0,Delivered,411.36
SHP01442,Kolkata,Ahmedabad,2023-11-27,2023-11-29,19.81,564.9,Delivered,591.68
SHP01443,Kolkata,Delhi,2023-10-02,2023-10-03,43.25,196.0,Delivered,407.17
SHP01444,Kolkata,Bangalore,2023-02-24,2023-03-08,46.5,429.6,Delayed,586.27
SHP01445,Mumbai,Mumbai,2023-06-06,2023-06-11,15.52,485.1,Delivered,472.89
SHP01446,Kolkata,Chennai,2023-04-14,2023-04-16,43.26,1836.1,Delayed,1653.74
SHP01447,Mumbai,Ahmedabad,2023-12-04,2023-12-09,39.19,165.4,Delivered,372.09
SHP01448,Kolkata,Bangalore,2023-01-27,2023-02-03,46.57,860.6,Delivered,939.64
SHP01449,Bangalore,Kolkata,2023-01-18,2023-01-23,12.66,1069.5,Delivered,923.32
SHP01450,Ahmedabad,Ahmedabad,2023-01-02,2023-01-08,29.06,1798.4,Delivered,1560.4
SHP01451,Delhi,Bangalore,2023-10-07,2023-10-22,14.09,1995.4,Delayed,1632.43
SHP01452,Bangalore,Chennai,2023-05-23,2023-05-30,41.29,1509.2,Delivered,1399.88
SHP01453,Kolkata,Hyderabad,2023-03-07,2023-03-11,0.76,1941.9,Delayed,1509.23
SHP01454,Delhi,Chennai,2023-05-05,2023-05-11,28.46,1576.3,Delivered,1366.85
SHP01455,Delhi,Chennai,2023-01-28,2023-02-03,17.29,1926.8,Delivered,1581.83
SHP01456,Pune,Hyderabad,2023-02-16,2023-03-02,16.47,1417.5,Delayed,1195.56
SHP01457,Hyderabad,Hyderabad,2023-06-27,2023-07-04,32.42,168.7,Delivered,343.04
SHP01458,Bangalore,Hyderabad,2023-09-03,2023-09-11,42.65,809.8,Failed,858.04
SHP01459,Hyderabad,Hyderabad,2023-04-24,2023-04-25,30.66,1296.7,Delivered,1182.05
SHP01460,Delhi,Hyderabad,2023-07-16,2023-07-20,42.73,707.9,Delayed,792.84
SHP01461,Mumbai,Chennai,2023-11-05,2023-11-11,13.6,554.0,Delivered,538.31
SHP01462,Delhi,Delhi,2023-09-03,2023-09-04,26.22,1159.0,Delivered,1039.93
SHP01463,Hyderabad,Delhi,2023-07-02,2023-07-08,22.8,1867.7,Delivered,1562.15
SHP01464,Bangalore,Ahmedabad,2023-03-23,2023-03-26,1.08,79.6,Delivered,103.51
SHP01465,Kolkata,Mumbai,2023-11-26,2023-11-29,28.06,1540.8,Delivered,1360.91
SHP01466,Pune,Delhi,2023-08-09,2023-08-11,33.25,1448.2,Delivered,1301.92
SHP01467,Pune,Kolkata,2023-09-30,2023-10-02,29.8,1928.3,Delivered,1634.22
SHP01468,Pune,Delhi,2023-08-09,2023-08-13,36.95,1862.1,Delivered,1612.97
SHP01469,Kolkata,Chennai,2023-02-18,2023-02-20,28.78,1526.8,Delivered,1346.03
SHP01470,Pune,Hyderabad,2023-01-24,2023-01-27,3.8,1045.6,Delivered,841.79
SHP01471,Bangalore,Ahmedabad,2023-01-19,2023-01-21,6.26,416.5,Delivered,413.26
SHP01472,Kolkata,Hyderabad,2023-07-28,2023-07-30,30.03,1095.0,Delivered,1022.75
SHP01473,Pune,Pune,2023-06-29,2023-07-05,14.11,1533.1,Delivered,1261.93
SHP01474,Kolkata,Pune,2023-02-10,2023-02-13,4.44,1792.4,Delivered,1422.81
SHP01475,Hyderabad,Pune,2023-03-14,2023-03-15,21.77,1581.5,Delivered,1335.98
SHP01476,Ahmedabad,Chennai,2023-05-31,2023-06-06,27.94,398.6,Delayed,501.46
SHP01477,Ahmedabad,Kolkata,2023-11-02,2023-11-04,16.77,1203.4,Delivered,1028.73
SHP01478,Bangalore,Delhi,2023-01-08,2023-01-13,36.16,671.0,Delivered,753.58
SHP01479,Chennai,Chennai,2023-06-09,2023-06-13,32.37,28.3,Delivered,237.28
SHP01480,Mumbai,Mumbai,2023-02-02,2023-02-07,16.97,408.4,Delivered,454.93
SHP01481,Pune,Ahmedabad,2023-05-18,2023-05-21,37.87,235.3,Delayed,398.74
SHP01482,Mumbai,Hyderabad,2023-10-16,2023-10-30,32.61,1687.0,Failed,1472.23
SHP01483,Kolkata,Pune,2023-12-18,2023-12-20,32.05,524.4,Delivered,613.05
SHP01484,Mumbai,Bangalore,2023-10-19,2023-10-22,27.89,576.5,Delivered,628.03
SHP01485,Bangalore,Mumbai,2023-05-06,2023-05-07,1.06,1920.3,Delivered,1483.29
SHP01486,Bangalore,Pune,2023-04-25,2023-04-28,34.98,764.4,Delivered,792.45
SHP01487,Delhi,Kolkata,2023-02-26,2023-03-10,19.11,29.1,Delayed,157.91
SHP01488,Ahmedabad,Mumbai,2023-05-18,2023-05-19,47.16,574.9,Delivered,721.51
SHP01489,Pune,Chennai,2023-09-01,2023-09-04,40.99,247.4,Delivered,434.28
SHP01490,Delhi,Delhi,2023-01-24,2023-01-29,29.59,214.6,Delivered,351.26
SHP01491,Mumbai,Hyderabad,2023-12-05,2023-12-08,12.98,164.2,Delivered,226.35
SHP01492,Chennai,Ahmedabad,2023-03-23,2023-03-24,10.58,1190.6,Delivered,992.21
SHP01493,Delhi,Kolkata,2023-09-24,2023-10-06,17.35,386.8,Delayed,414.67
SHP01494,Delhi,Kolkata,2023-08-26,2023-09-02,24.09,728.9,Delivered,735.63
SHP01495,Bangalore,Bangalore,2023-07-20,2023-08-03,15.16,1725.4,Failed,1406.03
SHP01496,Chennai,Mumbai,2023-08-04,2023-08-08,25.99,854.4,Delivered,837.28
SHP01497,Kolkata,Bangalore,2023-02-10,2023-02-13,8.69,1832.2,Delivered,1464.74
SHP01498,Mumbai,Delhi,2023-05-25,2023-06-01,48.9,1000.9,Delivered,1040.29
SHP01499,Delhi,Pune,2023-09-04,2023-09-09,5.84,803.7,Delivered,671.23
SHP01500,Chennai,Delhi,2023-09-19,2023-09-29,46.63,1503.3,Failed,1416.06
SHP01501,Ahmedabad,Pune,2023-09-06,2023-09-09,45.72,155.6,Delivered,402.72
SHP01502,Pune,Bangalore,2023-09-03,2023-09-04,26.51,188.1,Delivered,322.33
SHP01503,Chennai,Hyderabad,2023-10-24,2023-10-30,36.38,1307.4,Delivered,1194.68
SHP01504,Ahmedabad,Delhi,2023-03-08,2023-03-12,22.08,979.0,Delivered,911.39
SHP01505,Mumbai,Bangalore,2023-04-02,2023-04-14,31.69,1582.9,Failed,1414.84
SHP01506,Chennai,Mumbai,2023-07-17,2023-07-23,17.36,1833.4,Delivered,1509.09
SHP01507,Ahmedabad,Bangalore,2023-02-08,2023-02-09,15.41,782.9,Delivered,718.77
SHP01508,Chennai,Bangalore,2023-03-31,2023-04-01,29.12,1196.9,Delivered,1091.29
SHP01509,Chennai,Chennai,2023-11-10,2023-11-17,25.16,1006.4,Delivered,923.48
SHP01510,Pune,Delhi,2023-11-18,2023-11-21,29.19,1963.4,Delivered,1651.59
SHP01511,Ahmedabad,Ahmedabad,2023-05-30,2023-06-03,14.69,1663.9,Failed,1369.62
SHP01512,Ahmedabad,Hyderabad,2023-03-04,2023-03-10,18.66,1824.4,Delivered,1524.34
SHP01513,Delhi,Hyderabad,2023-05-14,2023-05-21,4.65,516.1,Delivered,441.01
SHP01514,Mumbai,Chennai,2023-08-24,2023-08-29,3.09,1547.3,Delivered,1229.21
SHP01515,Pune,Pune,2023-03-11,2023-03-17,13.05,538.3,Delivered,534.21
SHP01516,Chennai,Kolkata,2023-05-25,2023-06-01,4.18,425.4,Delivered,378.65
SHP01517,Chennai,Pune,2023-02-03,2023-02-09,5.64,1889.1,Delivered,1482.36
SHP01518,Delhi,Hyderabad,2023-12-30,2024-01-02,40.74,48.4,Delivered,300.89
SHP01519,Mumbai,Bangalore,2023-09-17,2023-09-22,2.42,1931.1,Delivered,1500.63
SHP01520,Bangalore,Chennai,2023-10-14,2023-10-18,33.12,307.0,Delivered,433.53
SHP01521,Pune,Mumbai,2023-11-12,2023-11-19,13.99,1640.7,Delivered,1345.59
SHP01522,Delhi,Delhi,2023-10-22,2023-11-06,43.64,559.1,Delayed,683.23
SHP01523,Mumbai,Delhi,2023-05-05,2023-05-06,24.51,707.9,Delivered,718.44
SHP01524,Pune,Ahmedabad,2023-12-29,2024-01-07,15.63,441.3,Delayed,463.86
SHP01525,Chennai,Delhi,2023-02-02,2023-02-05,26.12,1175.2,Delivered,1058.24
SHP01526,Mumbai,Bangalore,2023-02-03,2023-02-09,19.41,702.7,Delivered,675.45
SHP01527,Mumbai,Mumbai,2023-10-01,2023-10-05,28.43,1318.2,Delivered,1198.96
SHP01528,Kolkata,Chennai,2023-05-04,2023-05-07,6.17,41.1,Delivered,96.2
SHP01529,Mumbai,Chennai,2023-11-26,2023-11-29,49.85,138.1,Delivered,391.13
SHP01530,Bangalore,Delhi,2023-08-10,2023-08-17,21.57,208.3,Delivered,332.58
SHP01531,Mumbai,Mumbai,2023-01-25,2023-02-06,17.74,843.8,Delayed,789.84
SHP01532,Bangalore,Mumbai,2023-09-30,2023-10-04,35.66,1631.4,Delivered,1438.94
SHP01533,Chennai,Mumbai,2023-12-14,2023-12-16,18.51,1777.5,Delayed,1461.48
SHP01534,Bangalore,Hyderabad,2023-12-09,2023-12-12,41.75,497.2,Delivered,628.49
SHP01535,Pune,Hyderabad,2023-12-29,2024-01-01,22.99,1153.0,Delivered,1011.69
SHP01536,Chennai,Delhi,2023-05-21,2023-05-22,36.12,1539.0,Delivered,1391.05
SHP01537,Chennai,Mumbai,2023-07-27,2023-07-28,5.82,584.8,Delivered,500.8
SHP01538,Bangalore,Kolkata,2023-06-27,2023-07-01,42.38,823.9,Delivered,862.15
SHP01539,Ahmedabad,Mumbai,2023-09-13,2023-09-26,36.92,1052.7,Delayed,1023.53
SHP01540,Delhi,Chennai,2023-01-20,2023-01-25,10.98,278.4,Delivered,332.01
SHP01541,Hyderabad,Chennai,2023-01-16,2023-01-19,7.69,61.7,Delivered,131.8
SHP01542,Ahmedabad,Delhi,2023-01-16,2023-01-20,16.16,314.1,Delivered,360.63
SHP01543,Mumbai,Kolkata,2023-04-12,2023-04-18,48.82,1257.4,Delivered,1257.07
SHP01544,Kolkata,Mumbai,2023-11-17,2023-11-23,13.21,156.5,Delivered,234.7
SHP01545,Hyderabad,Pune,2023-06-28,2023-07-01,23.08,387.5,Delivered,451.03
SHP01546,Mumbai,Kolkata,2023-01-14,2023-01-18,1.99,682.3,Delivered,567.11
SHP01547,Ahmedabad,Ahmedabad,2023-04-06,2023-04-09,20.16,165.0,Delivered,262.35
SHP01548,Ahmedabad,Delhi,2023-08-19,2023-08-25,28.78,391.5,Delivered,488.01
SHP01549,Mumbai,Chennai,2023-08-28,2023-08-30,47.68,1823.4,Delivered,1653.5
SHP01550,Chennai,Pune,2023-04-13,2023-04-19,26.08,48.4,Delivered,207.53
SHP01551,Mumbai,Chennai,2023-06-08,2023-06-15,41.05,1310.3,Delivered,1224.4
SHP01552,Kolkata,Hyderabad,2023-02-11,2023-02-13,27.58,775.0,Delivered,761.6
SHP01553,Ahmedabad,Delhi,2023-02-06,2023-02-15,2.52,1348.6,Delayed,1074.4
SHP01554,Mumbai,Delhi,2023-03-14,2023-03-26,16.09,1181.5,Delayed,998.91
SHP01555,Bangalore,Mumbai,2023-02-11,2023-02-16,28.99,454.8,Delivered,522.2
SHP01556,Hyderabad,Mumbai,2023-11-25,2023-12-03,47.55,1695.9,Delayed,1577.58
SHP01557,Bangalore,Hyderabad,2023-09-29,2023-10-05,43.03,989.0,Delivered,1008.61
SHP01558,Kolkata,Pune,2023-08-03,2023-08-04,11.8,1646.8,Delivered,1326.64
SHP01559,Mumbai,Ahmedabad,2023-06-21,2023-06-25,11.4,818.0,Delivered,728.22
SHP01560,Pune,Bangalore,2023-01-18,2023-01-21,10.46,1969.5,Delayed,1561.9
SHP01561,Kolkata,Kolkata,2023-09-22,2023-09-27,46.16,1543.3,Delivered,1447.83
SHP01562,Chennai,Bangalore,2023-12-22,2023-12-28,42.71,1932.2,Failed,1722.7
SHP01563,Bangalore,Bangalore,2023-12-14,2023-12-21,38.86,1033.5,Delayed,1025.47
SHP01564,Bangalore,Delhi,2023-03-21,2023-03-22,19.94,952.6,Delivered,873.44
SHP01565,Delhi,Kolkata,2023-01-19,2023-01-24,25.47,1513.4,Delivered,1295.92
SHP01566,Mumbai,Delhi,2023-09-28,2023-10-04,23.48,1761.8,Delivered,1497.82
SHP01567,Chennai,Ahmedabad,2023-12-29,2024-01-01,13.04,1928.7,Delivered,1547.19
SHP01568,Pune,Kolkata,2023-10-19,2023-10-25,25.5,655.9,Delivered,663.01
SHP01569,Bangalore,Chennai,2023-02-06,2023-02-07,2.01,1599.4,Delivered,1277.31
SHP01570,Bangalore,Delhi,2023-04-20,2023-04-23,7.02,429.2,Delivered,407.12
SHP01571,Chennai,Delhi,2023-11-15,2023-11-17,44.39,1095.7,Delivered,1112.42
SHP01572,Kolkata,Delhi,2023-10-22,2023-10-24,37.71,367.9,Delivered,498.03
SHP01573,Kolkata,Pune,2023-09-10,2023-09-14,21.43,701.3,Delivered,682.23
SHP01574,Mumbai,Hyderabad,2023-11-23,2023-11-29,26.1,1863.4,Delivered,1560.55
SHP01575,Ahmedabad,Delhi,2023-04-05,2023-04-10,18.81,300.7,Delivered,374.78
SHP01576,Delhi,Ahmedabad,2023-01-25,2023-01-31,37.17,1268.5,Delivered,1170.37
SHP01577,Bangalore,Mumbai,2023-06-14,2023-06-18,39.32,1190.0,Delayed,1126.11
SHP01578,Ahmedabad,Mumbai,2023-08-05,2023-08-10,38.28,250.3,Delivered,419.48
SHP01579,Ahmedabad,Kolkata,2023-08-20,2023-08-26,36.27,658.7,Delivered,735.32
SHP01580,Delhi,Chennai,2023-02-26,2023-02-28,10.62,1130.3,Delayed,937.38
SHP01581,Ahmedabad,Hyderabad,2023-04-20,2023-04-27,17.23,382.5,Delivered,436.89
SHP01582,Ahmedabad,Pune,2023-05-09,2023-05-16,23.76,1603.2,Failed,1356.48
SHP01583,Kolkata,Kolkata,2023-11-10,2023-11-14,16.87,1944.6,Delivered,1574.21
SHP01584,Kolkata,Mumbai,2023-08-01,2023-08-04,37.87,437.4,Failed,563.2
SHP01585,Hyderabad,Hyderabad,2023-09-17,2023-10-01,16.8,382.0,Delayed,439.68
SHP01586,Pune,Hyderabad,2023-02-27,2023-03-05,7.34,915.3,Delivered,757.59
SHP01587,Mumbai,Chennai,2023-10-08,2023-10-11,20.25,1498.1,Delivered,1258.89
SHP01588,Ahmedabad,Ahmedabad,2023-11-26,2023-12-02,49.01,570.4,Delayed,732.9
SHP01589,Hyderabad,Hyderabad,2023-07-15,2023-07-17,11.68,49.6,Failed,138.09
SHP01590,Pune,Delhi,2023-08-03,2023-08-17,30.8,1087.0,Failed,1027.94
SHP01591,Hyderabad,Hyderabad,2023-10-29,2023-11-04,21.93,1913.6,Delivered,1582.85
SHP01592,Hyderabad,Chennai,2023-12-21,2023-12-25,4.02,788.6,Failed,659.95
SHP01593,Mumbai,Kolkata,2023-06-30,2023-07-01,24.65,846.1,Delivered,798.44
SHP01594,Mumbai,Chennai,2023-10-09,2023-10-11,35.26,1938.1,Delivered,1677.94
SHP01595,Chennai,Pune,2023-10-27,2023-11-01,25.9,1392.3,Delivered,1234.49
SHP01596,Delhi,Chennai,2023-06-22,2023-06-24,43.67,1441.2,Delivered,1359.73
SHP01597,Delhi,Mumbai,2023-11-20,2023-11-22,14.8,1129.8,Delivered,971.98
SHP01598,Chennai,Delhi,2023-11-20,2023-11-27,4.77,1949.5,Delivered,1553.11
SHP01599,Chennai,Ahmedabad,2023-02-23,2023-02-25,46.86,1380.8,Delivered,1310.45
SHP01600,Kolkata,Mumbai,2023-10-01,2023-10-02,19.22,1791.1,Delivered,1479.04
SHP01601,Pune,Kolkata,2023-02-01,2023-02-15,29.03,1401.8,Delayed,1251.05
SHP01602,Hyderabad,Bangalore,2023-07-25,2023-07-28,39.7,1472.9,Delivered,1358.03
SHP01603,Ahmedabad,Kolkata,2023-07-21,2023-07-28,16.55,587.9,Delivered,555.54
SHP01604,Chennai,Delhi,2023-06-10,2023-06-13,35.95,613.9,Delivered,694.49
SHP01605,Bangalore,Hyderabad,2023-02-03,2023-02-07,7.2,1568.1,Delivered,1257.05
SHP01606,Delhi,Chennai,2023-08-28,2023-09-03,14.92,600.4,Delivered,584.8
SHP01607,Chennai,Bangalore,2023-07-14,2023-07-21,7.66,1129.9,Delivered,948.05
SHP01608,Bangalore,Delhi,2023-02-18,2023-02-19,40.66,506.2,Delivered,635.04
SHP01609,Bangalore,Mumbai,2023-09-07,2023-09-22,11.52,1635.8,Delayed,1314.52
SHP01610,Bangalore,Chennai,2023-11-08,2023-11-13,36.01,229.9,Delivered,407.93
SHP01611,Kolkata,Kolkata,2023-07-18,2023-07-23,47.19,1660.6,Delivered,1541.36
SHP01612,Kolkata,Mumbai,2023-08-01,2023-08-07,26.62,1209.4,Delivered,1080.11
SHP01613,Ahmedabad,Delhi,2023-11-11,2023-11-16,27.23,381.9,Delivered,471.16
SHP01614,Ahmedabad,Delhi,2023-03-26,2023-03-27,23.32,1088.7,Delivered,1001.75
SHP01615,Bangalore,Kolkata,2023-06-17,2023-06-21,16.63,572.2,Delivered,554.22
SHP01616,Pune,Bangalore,2023-06-25,2023-06-29,24.04,653.7,Delivered,649.4
SHP01617,Kolkata,Kolkata,2023-09-08,2023-09-09,30.34,709.5,Delivered,722.26
SHP01618,Hyderabad,Hyderabad,2023-10-21,2023-10-28,49.31,136.0,Delivered,400.9
SHP01619,Bangalore,Mumbai,2023-02-27,2023-02-28,46.92,1972.1,Delivered,1781.67
SHP01620,Hyderabad,Bangalore,2023-10-24,2023-11-01,43.18,72.8,Failed,324.85
SHP01621,Hyderabad,Chennai,2023-12-22,2023-12-28,44.51,1328.4,Delivered,1260.98
SHP01622,Bangalore,Pune,2023-05-06,2023-05-09,23.66,748.7,Delivered,735.37
SHP01623,Delhi,Hyderabad,2023-09-15,2023-09-16,33.04,1295.6,Delivered,1191.89
SHP01624,Pune,Bangalore,2023-02-09,2023-02-14,44.81,718.9,Delayed,817.1
SHP01625,Bangalore,Pune,2023-06-08,2023-06-22,19.95,1350.8,Failed,1149.23
SHP01626,Ahmedabad,Pune,2023-11-24,2023-11-27,48.11,1461.2,Delivered,1391.83
SHP01627,Bangalore,Mumbai,2023-04-28,2023-05-03,21.08,1384.2,Delayed,1190.76
SHP01628,Kolkata,Delhi,2023-07-16,2023-07-21,30.25,236.8,Delivered,359.59
SHP01629,Bangalore,Chennai,2023-10-23,2023-10-31,35.64,1317.2,Delayed,1217.69
SHP01630,Delhi,Kolkata,2023-06-20,2023-06-24,47.55,567.2,Delivered,732.72
SHP01631,Kolkata,Mumbai,2023-04-28,2023-05-04,12.61,67.3,Delivered,157.51
SHP01632,Ahmedabad,Hyderabad,2023-03-25,2023-03-31,37.43,835.5,Delivered,882.4
SHP01633,Mumbai,Ahmedabad,2023-04-16,2023-04-20,26.28,872.8,Delivered,819.85
SHP01634,Mumbai,Pune,2023-05-06,2023-05-10,13.79,939.7,Delivered,833.02
SHP01635,Hyderabad,Hyderabad,2023-07-21,2023-07-28,38.94,1412.6,Delivered,1288.72
SHP01636,Pune,Pune,2023-02-13,2023-02-19,27.84,624.6,Delivered,648.59
SHP01637,Hyderabad,Delhi,2023-02-20,2023-02-26,33.22,637.4,Delivered,696.98
SHP01638,Delhi,Ahmedabad,2023-06-16,2023-06-22,16.48,130.5,Delivered,233.99
SHP01639,Chennai,Delhi,2023-05-24,2023-05-31,24.32,1376.8,Delayed,1215.21
SHP01640,Ahmedabad,Chennai,2023-02-18,2023-02-20,31.06,1140.0,Delayed,1064.91
SHP01641,Pune,Kolkata,2023-09-12,2023-09-19,20.54,705.4,Delayed,685.49
SHP01642,Ahmedabad,Chennai,2023-11-01,2023-11-03,10.32,1413.3,Delivered,1178.07
SHP01643,Mumbai,Delhi,2023-12-07,2023-12-13,48.1,1079.3,Delivered,1098.06
SHP01644,Hyderabad,Delhi,2023-10-26,2023-10-30,25.82,943.8,Delivered,875.96
SHP01645,Ahmedabad,Hyderabad,2023-05-01,2023-05-02,36.83,1027.5,Delivered,991.25
SHP01646,Mumbai,Delhi,2023-11-23,2023-11-28,20.85,1276.3,Delivered,1107.47
SHP01647,Delhi,Ahmedabad,2023-03-24,2023-03-30,18.08,1323.4,Delivered,1141.46
SHP01648,Delhi,Ahmedabad,2023-12-28,2024-01-09,20.65,585.0,Delayed,573.7
SHP01649,Chennai,Bangalore,2023-03-03,2023-03-08,20.76,290.1,Delivered,356.54
SHP01650,Ahmedabad,Pune,2023-01-07,2023-01-16,27.44,321.7,Delayed,412.72
SHP01651,Chennai,Mumbai,2023-09-29,2023-10-02,27.4,1282.4,Delivered,1152.21
SHP01652,Kolkata,Delhi,2023-10-13,2023-10-17,25.11,1747.0,Delivered,1475.51
SHP01653,Pune,Chennai,2023-02-03,2023-02-05,7.17,824.9,Delivered,691.18
SHP01654,Ahmedabad,Kolkata,2023-03-04,2023-03-09,25.06,347.3,Delivered,439.49
SHP01655,Delhi,Pune,2023-09-05,2023-09-12,8.87,1515.6,Delayed,1241.5
SHP01656,Hyderabad,Pune,2023-02-28,2023-03-05,6.74,1666.7,Delivered,1327.01
SHP01657,Mumbai,Kolkata,2023-01-21,2023-01-25,46.67,1762.4,Delivered,1608.28
SHP01658,Bangalore,Kolkata,2023-10-07,2023-10-10,30.45,1217.6,Delivered,1099.37
SHP01659,Chennai,Pune,2023-11-27,2023-12-02,33.14,1722.8,Delivered,1525.21
SHP01660,Bangalore,Bangalore,2023-07-20,2023-07-21,20.39,40.7,Delivered,175.95
SHP01661,Ahmedabad,Chennai,2023-10-22,2023-10-23,45.49,223.4,Delivered,464.9
SHP01662,Hyderabad,Bangalore,2023-10-18,2023-10-23,32.08,194.2,Delivered,375.19
SHP01663,Chennai,Delhi,2023-11-05,2023-11-11,38.57,1428.1,Delivered,1325.08
SHP01664,Bangalore,Mumbai,2023-03-15,2023-03-17,18.74,148.5,Delivered,235.88
SHP01665,Pune,Kolkata,2023-02-26,2023-03-07,48.02,997.8,Failed,1040.19
SHP01666,Hyderabad,Ahmedabad,2023-06-02,2023-06-06,41.11,950.7,Failed,952.05
SHP01667,Mumbai,Chennai,2023-09-01,2023-09-03,42.77,628.3,Delivered,750.88
SHP01668,Pune,Kolkata,2023-06-14,2023-06-19,9.02,1742.1,Delivered,1413.26
SHP01669,Hyderabad,Bangalore,2023-11-14,2023-11-17,13.91,349.2,Delivered,400.34
SHP01670,Kolkata,Hyderabad,2023-06-11,2023-06-23,14.64,711.4,Failed,661.09
SHP01671,Chennai,Delhi,2023-08-30,2023-09-05,13.91,1550.6,Delivered,1283.39
SHP01672,Delhi,Mumbai,2023-08-06,2023-08-15,42.84,70.5,Delayed,317.83
SHP01673,Mumbai,Delhi,2023-06-20,2023-06-26,2.08,1349.2,Delivered,1067.76
SHP01674,Ahmedabad,Hyderabad,2023-03-09,2023-03-12,4.27,1634.6,Delivered,1296.05
SHP01675,Pune,Mumbai,2023-03-09,2023-03-12,14.06,1865.2,Delivered,1524.62
SHP01676,Pune,Hyderabad,2023-03-09,2023-03-12,10.39,1753.8,Delivered,1434.62
SHP01677,Bangalore,Delhi,2023-12-14,2023-12-19,11.98,645.6,Delivered,597.94
SHP01678,Chennai,Bangalore,2023-07-23,2023-07-24,40.0,1176.9,Delivered,1146.96
SHP01679,Ahmedabad,Pune,2023-06-11,2023-06-12,28.37,163.8,Delivered,329.21
SHP01680,Delhi,Delhi,2023-08-10,2023-08-15,0.79,523.2,Delivered,447.1
SHP01681,Hyderabad,Delhi,2023-09-19,2023-10-01,21.75,197.5,Failed,300.77
SHP01682,Delhi,Delhi,2023-01-07,2023-01-14,20.69,637.2,Delivered,636.93
SHP01683,Chennai,Chennai,2023-11-17,2023-12-01,6.14,1751.6,Delayed,1392.24
SHP01684,Chennai,Hyderabad,2023-01-01,2023-01-16,33.97,700.9,Delayed,728.78
SHP01685,Kolkata,Ahmedabad,2023-12-29,2023-12-31,35.25,1128.2,Delayed,1067.51
SHP01686,Kolkata,Hyderabad,2023-06-25,2023-07-05,36.18,872.4,Failed,904.96
SHP01687,Delhi,Kolkata,2023-03-30,2023-04-12,36.56,923.2,Failed,907.14
SHP01688,Hyderabad,Hyderabad,2023-12-31,2024-01-06,0.5,1939.4,Delivered,1514.92
SHP01689,Delhi,Kolkata,2023-11-06,2023-11-08,47.72,599.3,Delivered,751.72
SHP01690,Chennai,Chennai,2023-06-15,2023-06-17,40.8,1258.4,Delivered,1203.75
SHP01691,Chennai,Bangalore,2023-03-06,2023-03-09,45.25,845.9,Delivered,913.46
SHP01692,Bangalore,Kolkata,2023-12-16,2023-12-26,1.27,131.7,Delayed,163.43
SHP01693,Kolkata,Delhi,2023-09-27,2023-10-03,46.73,983.8,Delivered,1018.67
SHP01694,Ahmedabad,Bangalore,2023-12-10,2023-12-12,40.58,1628.6,Delivered,1458.0
SHP01695,Ahmedabad,Pune,2023-09-22,2023-09-23,41.94,206.5,Delivered,433.07
SHP01696,Ahmedabad,Chennai,2023-03-02,2023-03-11,5.12,148.5,Delayed,184.27
SHP01697,Bangalore,Hyderabad,2023-04-30,2023-05-04,37.07,315.7,Delivered,478.74
SHP01698,Mumbai,Kolkata,2023-12-20,2023-12-26,48.02,1531.2,Delivered,1439.75
SHP01699,Ahmedabad,Ahmedabad,2023-12-20,2023-12-23,34.09,1450.8,Delivered,1290.74
SHP01700,Chennai,Delhi,2023-04-16,2023-04-22,28.74,1134.4,Delivered,1062.61
SHP01701,Bangalore,Mumbai,2023-10-08,2023-10-15,47.31,941.8,Delivered,1004.6
SHP01702,Delhi,Pune,2023-07-05,2023-07-10,22.43,1777.8,Delivered,1481.46
SHP01703,Kolkata,Mumbai,2023-03-26,2023-03-29,30.17,1535.7,Delayed,1371.89
SHP01704,Kolkata,Bangalore,2023-09-27,2023-10-04,24.08,1625.8,Delivered,1399.23
SHP01705,Hyderabad,Hyderabad,2023-04-22,2023-04-23,46.68,1628.4,Delivered,1503.59
SHP01706,Delhi,Ahmedabad,2023-01-12,2023-01-20,4.27,1289.0,Failed,1042.55
SHP01707,Hyderabad,Mumbai,2023-06-29,2023-07-12,25.31,921.4,Delayed,851.87
SHP01708,Bangalore,Bangalore,2023-01-15,2023-01-24,34.5,1730.7,Delayed,1522.94
SHP01709,Pune,Chennai,2023-11-01,2023-11-06,39.7,1852.8,Delivered,1621.05
SHP01710,Ahmedabad,Bangalore,2023-12-09,2023-12-14,29.36,57.4,Delayed,241.64
SHP01711,Mumbai,Pune,2023-09-05,2023-09-07,45.49,112.6,Delivered,364.01
SHP01712,Delhi,Ahmedabad,2023-04-26,2023-05-01,47.13,1917.9,Delivered,1739.05
SHP01713,Delhi,Ahmedabad,2023-08-27,2023-08-31,3.68,561.5,Delivered,498.53
SHP01714,Delhi,Bangalore,2023-01-29,2023-01-30,20.42,1748.0,Delivered,1453.08
SHP01715,Hyderabad,Pune,2023-12-29,2023-12-30,1.66,783.7,Delivered,661.61
SHP01716,Bangalore,Bangalore,2023-11-25,2023-12-02,16.81,247.0,Delivered,322.23
SHP01717,Delhi,Ahmedabad,2023-07-23,2023-08-02,27.07,170.1,Delayed,317.18
SHP01718,Pune,Ahmedabad,2023-09-11,2023-09-13,45.58,321.5,Delivered,505.78
SHP01719,Delhi,Delhi,2023-02-23,2023-03-02,42.4,507.3,Delivered,656.79
SHP01720,Kolkata,Bangalore,2023-07-11,2023-07-15,6.81,982.2,Delivered,837.94
SHP01721,Ahmedabad,Kolkata,2023-02-04,2023-02-10,5.11,1406.0,Delivered,1141.05
SHP01722,Mumbai,Bangalore,2023-08-25,2023-09-06,29.67,1972.9,Delayed,1695.66
SHP01723,Ahmedabad,Ahmedabad,2023-04-04,2023-04-17,26.84,888.6,Failed,842.74
SHP01724,Kolkata,Delhi,2023-12-25,2024-01-09,13.69,1041.2,Delayed,913.79
SHP01725,Kolkata,Delhi,2023-03-27,2023-03-30,45.02,1048.4,Delivered,1060.96
SHP01726,Mumbai,Chennai,2023-11-25,2023-11-28,46.4,1083.5,Delivered,1081.18
SHP01727,Pune,Pune,2023-11-24,2023-11-28,20.43,1040.3,Delivered,939.13
SHP01728,Bangalore,Hyderabad,2023-07-03,2023-07-04,44.57,27.5,Delivered,300.84
SHP01729,Kolkata,Mumbai,2023-12-12,2023-12-13,19.51,13.4,Delivered,149.08
SHP01730,Bangalore,Mumbai,2023-08-15,2023-08-17,36.97,204.4,Delivered,369.25
SHP01731,Kolkata,Bangalore,2023-06-08,2023-06-15,24.06,212.1,Delivered,317.37
SHP01732,Chennai,Chennai,2023-07-16,2023-07-21,6.57,1412.7,Delivered,1138.37
SHP01733,Mumbai,Bangalore,2023-08-01,2023-08-07,46.43,417.8,Delivered,582.2
SHP01734,Kolkata,Mumbai,2023-12-08,2023-12-10,22.98,1790.5,Delivered,1495.54
SHP01735,Chennai,Pune,2023-11-21,2023-11-27,36.86,1857.9,Delivered,1623.38
SHP01736,Ahmedabad,Ahmedabad,2023-09-28,2023-10-02,18.68,1952.0,Delivered,1625.87
SHP01737,Hyderabad,Pune,2023-06-24,2023-06-26,1.43,1878.8,Delivered,1476.82
SHP01738,Chennai,Pune,2023-09-30,2023-10-07,5.48,551.1,Delivered,483.51
SHP01739,Delhi,Delhi,2023-03-07,2023-03-20,25.06,1024.5,Delayed,961.74
SHP01740,Kolkata,Ahmedabad,2023-08-10,2023-08-15,34.65,359.2,Delayed,498.48
SHP01741,Chennai,Hyderabad,2023-03-15,2023-03-21,17.07,1614.4,Delivered,1344.37
SHP01742,Bangalore,Ahmedabad,2023-10-09,2023-10-16,34.93,1778.0,Delivered,1556.88
SHP01743,Hyderabad,Chennai,2023-01-12,2023-01-15,35.08,1704.1,Delivered,1499.9
SHP01744,Pune,Delhi,2023-09-02,2023-09-06,35.34,872.4,Delivered,870.32
SHP01745,Kolkata,Hyderabad,2023-02-23,2023-02-27,24.88,1519.8,Delayed,1309.72
SHP01746,Delhi,Chennai,2023-11-25,2023-11-28,45.79,204.2,Delayed,433.22
SHP01747,Pune,Chennai,2023-06-21,2023-06-27,24.72,90.1,Delayed,242.3
SHP01748,Chennai,Mumbai,2023-03-26,2023-03-27,22.79,1508.9,Delivered,1306.09
SHP01749,Pune,Delhi,2023-05-16,2023-05-25,10.37,856.5,Delayed,738.58
SHP01750,Pune,Chennai,2023-04-22,2023-04-25,15.73,1991.1,Delivered,1630.65
SHP01751,Hyderabad,Kolkata,2023-02-24,2023-03-03,2.6,203.5,Failed,218.75
SHP01752,Ahmedabad,Pune,2023-05-28,2023-05-29,31.86,1712.7,Delivered,1512.3
SHP01753,Pune,Chennai,2023-06-09,2023-06-12,12.8,965.2,Delivered,833.31
SHP01754,Pune,Hyderabad,2023-01-22,2023-01-26,15.56,1656.0,Delivered,1385.85
SHP01755,Kolkata,Mumbai,2023-04-01,2023-04-06,38.66,1636.1,Delivered,1483.2
SHP01756,Ahmedabad,Bangalore,2023-10-02,2023-10-04,16.7,1832.8,Delivered,1513.61
SHP01757,Hyderabad,Pune,2023-03-15,2023-03-21,12.49,602.7,Delayed,570.66
SHP01758,Delhi,Mumbai,2023-12-19,2023-12-24,8.87,1900.1,Delivered,1502.81
SHP01759,Chennai,Bangalore,2023-05-24,2023-05-27,38.86,311.8,Delivered,496.16
SHP01760,Hyderabad,Delhi,2023-11-25,2023-11-28,6.92,173.1,Delivered,198.7
SHP01761,Hyderabad,Delhi,2023-07-09,2023-07-13,22.96,868.9,Delivered,819.0
SHP01762,Mumbai,Chennai,2023-05-02,2023-05-16,25.59,1658.4,Delayed,1414.95
SHP01763,Hyderabad,Kolkata,2023-09-16,2023-09-23,34.53,952.1,Delivered,933.92
SHP01764,Ahmedabad,Delhi,2023-10-13,2023-10-14,31.85,1660.3,Delivered,1458.88
SHP01765,Mumbai,Ahmedabad,2023-08-06,2023-08-20,40.63,1462.1,Delayed,1366.08
SHP01766,Chennai,Chennai,2023-08-01,2023-08-15,2.72,426.8,Delayed,382.0
SHP01767,Pune,Pune,2023-11-07,2023-11-12,15.17,1898.3,Delivered,1569.08
SHP01768,Kolkata,Mumbai,2023-01-13,2023-01-23,14.37,131.0,Failed,223.81
SHP01769,Kolkata,Delhi,2023-04-17,2023-04-20,7.73,1797.6,Delivered,1423.27
SHP01770,Chennai,Ahmedabad,2023-01-10,2023-01-22,14.81,615.8,Failed,573.5
SHP01771,Chennai,Mumbai,2023-04-22,2023-04-28,15.83,1005.3,Delivered,891.77
SHP01772,Ahmedabad,Mumbai,2023-08-04,2023-08-14,26.33,850.5,Delayed,801.54
SHP01773,Bangalore,Kolkata,2023-06-20,2023-06-21,33.35,352.0,Delivered,479.96
SHP01774,Pune,Delhi,2023-01-19,2023-01-21,19.36,722.7,Delivered,674.75
SHP01775,Chennai,Mumbai,2023-08-17,2023-08-24,36.11,393.9,Delivered,523.3
SHP01776,Hyderabad,Kolkata,2023-08-13,2023-08-15,17.14,415.7,Delivered,457.47
SHP01777,Ahmedabad,Kolkata,2023-09-14,2023-09-20,14.87,382.2,Delayed,409.35
SHP01778,Kolkata,Delhi,2023-04-09,2023-04-10,27.29,983.1,Delivered,910.31
SHP01779,Delhi,Kolkata,2023-11-17,2023-11-21,1.67,1597.9,Delivered,1246.85
SHP01780,Ahmedabad,Delhi,2023-09-17,2023-09-23,4.45,1142.3,Delivered,923.68
SHP01781,Kolkata,Ahmedabad,2023-09-28,2023-10-01,21.19,1787.5,Delivered,1479.36
SHP01782,Mumbai,Delhi,2023-05-26,2023-06-08,47.17,1276.7,Delayed,1246.75
SHP01783,Ahmedabad,Bangalore,2023-08-21,2023-08-23,36.21,1381.8,Delivered,1271.7
SHP01784,Kolkata,Mumbai,2023-12-11,2023-12-18,4.86,1338.5,Delivered,1060.66
SHP01785,Bangalore,Ahmedabad,2023-06-02,2023-06-07,42.39,904.4,Delivered,936.34
SHP01786,Ahmedabad,Hyderabad,2023-01-17,2023-01-23,36.75,1381.8,Failed,1266.66
SHP01787,Ahmedabad,Delhi,2023-03-06,2023-03-12,30.74,148.7,Delivered,308.58
SHP01788,Pune,Mumbai,2023-02-02,2023-02-04,41.1,1721.1,Delivered,1548.63
SHP01789,Chennai,Pune,2023-11-25,2023-12-06,20.5,1557.8,Delayed,1314.69
SHP01790,Pune,Kolkata,2023-05-09,2023-05-15,11.46,498.0,Delivered,477.46
SHP01791,Ahmedabad,Chennai,2023-11-28,2023-11-29,25.85,1538.4,Delivered,1344.95
SHP01792,Chennai,Delhi,2023-04-16,2023-04-21,27.67,35.2,Delayed,201.23
SHP01793,Kolkata,Kolkata,2023-08-14,2023-08-29,27.15,442.3,Failed,522.24
SHP01794,Delhi,Kolkata,2023-08-16,2023-08-26,28.47,139.6,Failed,297.27
SHP01795,Delhi,Kolkata,2023-03-04,2023-03-14,47.46,1562.7,Delayed,1451.53
SHP01796,Ahmedabad,Kolkata,2023-07-16,2023-07-18,45.16,1514.2,Delivered,1420.55
SHP01797,Bangalore,Kolkata,2023-04-10,2023-04-17,43.85,1629.1,Delivered,1493.12
SHP01798,Mumbai,Delhi,2023-09-10,2023-09-13,40.17,18.9,Delivered,264.12
SHP01799,Kolkata,Pune,2023-12-02,2023-12-03,47.2,1007.5,Delivered,1048.33
SHP01800,Chennai,Hyderabad,2023-06-14,2023-06-25,5.38,1412.6,Failed,1148.44
SHP01801,Ahmedabad,Bangalore,2023-01-20,2023-02-04,13.62,319.2,Failed,376.41
SHP01802,Kolkata,Kolkata,2023-09-07,2023-09-10,25.01,1303.1,Delivered,1157.55
SHP01803,Ahmedabad,Kolkata,2023-09-14,2023-09-16,42.4,177.4,Delayed,410.03
SHP01804,Bangalore,Bangalore,2023-09-29,2023-10-01,25.51,370.8,Delivered,435.69
SHP01805,Hyderabad,Pune,2023-07-18,2023-07-20,37.53,956.8,Delivered,956.46
SHP01806,Hyderabad,Ahmedabad,2023-07-26,2023-07-28,7.38,1310.6,Delivered,1058.44
SHP01807,Bangalore,Pune,2023-04-20,2023-04-25,12.99,300.3,Delivered,323.94
SHP01808,Chennai,Ahmedabad,2023-04-26,2023-05-02,36.72,378.6,Delivered,518.83
SHP01809,Pune,Delhi,2023-08-27,2023-09-09,8.65,416.8,Delayed,415.72
SHP01810,Bangalore,Mumbai,2023-07-24,2023-07-30,17.89,485.0,Delivered,499.69
SHP01811,Ahmedabad,Chennai,2023-01-31,2023-02-03,13.61,460.8,Failed,470.45
SHP01812,Chennai,Chennai,2023-11-05,2023-11-07,17.82,796.3,Delivered,735.91
SHP01813,Delhi,Mumbai,2023-03-17,2023-03-19,35.56,1311.0,Delivered,1208.53
SHP01814,Bangalore,Delhi,2023-07-11,2023-07-16,18.71,881.7,Delivered,796.44
SHP01815,Chennai,Chennai,2023-07-21,2023-07-27,27.99,1554.2,Delivered,1350.9
SHP01816,Bangalore,Pune,2023-11-02,2023-11-11,5.45,1441.3,Delayed,1152.22
SHP01817,Bangalore,Bangalore,2023-06-20,2023-06-25,40.35,261.8,Delivered,453.95
SHP01818,Pune,Mumbai,2023-08-27,2023-09-03,18.81,107.2,Delayed,209.09
SHP01819,Pune,Pune,2023-10-17,2023-10-22,32.6,1757.1,Delayed,1514.53
SHP01820,Ahmedabad,Hyderabad,2023-08-18,2023-08-31,36.41,168.9,Delayed,365.13
SHP01821,Chennai,Delhi,2023-05-04,2023-05-07,10.88,305.2,Delivered,335.15
SHP01822,Chennai,Mumbai,2023-04-08,2023-04-12,44.29,54.0,Delayed,309.16
SHP01823,Mumbai,Chennai,2023-05-30,2023-06-06,31.0,1260.4,Delivered,1136.4
SHP01824,Bangalore,Delhi,2023-12-08,2023-12-13,21.72,1168.9,Delivered,1031.72
SHP01825,Hyderabad,Bangalore,2023-12-14,2023-12-16,9.53,1973.9,Delivered,1589.66
SHP01826,Bangalore,Delhi,2023-09-23,2023-09-29,47.14,1775.0,Delayed,1632.53
SHP01827,Bangalore,Delhi,2023-04-12,2023-04-16,37.88,827.6,Delivered,868.2
SHP01828,Chennai,Bangalore,2023-03-14,2023-03-19,10.8,749.5,Delivered,648.52
SHP01829,Bangalore,Kolkata,2023-10-30,2023-11-03,17.22,600.7,Delivered,593.44
SHP01830,Kolkata,Bangalore,2023-07-06,2023-07-08,40.58,313.3,Delivered,477.51
SHP01831,Bangalore,Pune,2023-07-20,2023-07-23,34.94,284.8,Delivered,430.91
SHP01832,Kolkata,Delhi,2023-07-17,2023-07-21,38.41,273.2,Delayed,434.78
SHP01833,Pune,Ahmedabad,2023-03-16,2023-03-20,22.34,237.1,Delivered,350.56
SHP01834,Hyderabad,Bangalore,2023-09-12,2023-09-25,35.97,488.6,Delayed,602.24
SHP01835,Ahmedabad,Kolkata,2023-03-10,2023-03-15,19.63,620.3,Delivered,617.85
SHP01836,Chennai,Pune,2023-05-12,2023-05-18,10.96,1923.5,Delayed,1554.14
SHP01837,Bangalore,Ahmedabad,2023-07-08,2023-07-10,31.82,1161.2,Delivered,1069.47
SHP01838,Kolkata,Ahmedabad,2023-12-05,2023-12-12,48.81,1975.3,Delivered,1773.31
SHP01839,Kolkata,Mumbai,2023-04-20,2023-04-26,15.87,751.2,Delivered,698.08
SHP01840,Pune,Bangalore,2023-06-12,2023-06-14,23.32,920.7,Delivered,862.59
SHP01841,Kolkata,Bangalore,2023-01-31,2023-02-07,33.86,655.9,Failed,722.9
SHP01842,Ahmedabad,Delhi,2023-12-21,2023-12-28,27.3,373.9,Delivered,458.41
SHP01843,Delhi,Pune,2023-09-14,2023-09-21,42.25,294.9,Failed,493.24
SHP01844,Mumbai,Mumbai,2023-01-17,2023-01-21,38.21,1890.7,Failed,1656.68
SHP01845,Ahmedabad,Hyderabad,2023-04-10,2023-04-14,3.39,1973.8,Delivered,1554.11
SHP01846,Hyderabad,Hyderabad,2023-05-18,2023-05-20,49.92,99.4,Delivered,372.38
SHP01847,Ahmedabad,Chennai,2023-05-28,2023-05-29,37.74,309.2,Delivered,488.54
SHP01848,Pune,Bangalore,2023-01-21,2023-01-27,43.26,852.8,Delivered,893.07
SHP01849,Pune,Bangalore,2023-07-14,2023-07-21,32.73,380.8,Delivered,506.25
SHP01850,Ahmedabad,Mumbai,2023-06-07,2023-06-15,42.89,734.1,Delayed,818.09
SHP01851,Bangalore,Kolkata,2023-07-19,2023-07-25,6.06,266.9,Delivered,267.38
SHP01852,Delhi,Hyderabad,2023-10-04,2023-10-10,17.71,918.5,Delivered,810.07
SHP01853,Bangalore,Chennai,2023-02-07,2023-02-11,43.88,550.7,Delivered,694.39
SHP01854,Bangalore,Mumbai,2023-05-18,2023-05-21,10.48,710.3,Delivered,621.42
SHP01855,Ahmedabad,Bangalore,2023-08-30,2023-09-09,4.37,197.7,Failed,207.59
SHP01856,Chennai,Hyderabad,2023-07-18,2023-08-01,39.51,862.0,Failed,913.19
SHP01857,Chennai,Pune,2023-09-05,2023-09-11,41.86,1966.7,Delivered,1743.02
SHP01858,Chennai,Chennai,2023-10-14,2023-10-16,8.55,664.4,Delayed,581.07
SHP01859,Delhi,Delhi,2023-03-15,2023-03-22,42.79,1754.1,Delivered,1583.16
SHP01860,Bangalore,Hyderabad,2023-04-27,2023-05-03,34.5,1688.0,Delivered,1489.86
SHP01861,Mumbai,Chennai,2023-04-15,2023-04-22,26.24,1904.6,Delivered,1623.43
SHP01862,Hyderabad,Mumbai,2023-09-18,2023-09-20,41.6,1582.3,Delayed,1453.9
SHP01863,Chennai,Delhi,2023-01-25,2023-01-30,21.25,1322.6,Delivered,1161.47
SHP01864,Chennai,Chennai,2023-12-26,2023-12-27,10.1,1714.6,Delivered,1374.91
SHP01865,Pune,Chennai,2023-12-31,2024-01-07,14.6,160.5,Delivered,248.98
SHP01866,Bangalore,Ahmedabad,2023-05-12,2023-05-15,25.51,931.0,Delivered,857.41
SHP01867,Bangalore,Ahmedabad,2023-02-05,2023-02-15,26.8,1978.6,Delayed,1650.71
SHP01868,Delhi,Ahmedabad,2023-01-29,2023-02-03,40.38,1541.5,Delivered,1416.57
SHP01869,Delhi,Bangalore,2023-03-16,2023-03-31,39.67,1924.5,Failed,1672.7
SHP01870,Chennai,Kolkata,2023-10-11,2023-10-18,29.28,1561.5,Delivered,1370.72
SHP01871,Bangalore,Hyderabad,2023-09-10,2023-09-12,39.15,1751.0,Delivered,1572.62
SHP01872,Mumbai,Bangalore,2023-11-02,2023-11-07,9.99,1416.0,Delivered,1157.15
SHP01873,Hyderabad,Pune,2023-02-18,2023-02-25,2.98,1523.4,Delivered,1189.24
SHP01874,Ahmedabad,Delhi,2023-01-17,2023-01-19,43.74,1051.1,Delivered,1065.58
SHP01875,Bangalore,Kolkata,2023-02-28,2023-03-06,4.24,1849.2,Delivered,1475.29
SHP01876,Pune,Chennai,2023-08-15,2023-08-19,12.71,1651.8,Delivered,1361.09
SHP01877,Ahmedabad,Bangalore,2023-07-07,2023-07-09,34.92,1689.3,Failed,1494.71
SHP01878,Bangalore,Ahmedabad,2023-09-06,2023-09-13,20.77,1349.3,Delivered,1155.03
SHP01879,Kolkata,Kolkata,2023-08-31,2023-09-04,43.88,616.1,Delivered,712.09
SHP01880,Delhi,Pune,2023-03-18,2023-03-20,15.25,80.9,Delivered,194.71
SHP01881,Pune,Hyderabad,2023-12-07,2023-12-09,1.09,1872.0,Delivered,1448.69
SHP01882,Hyderabad,Pune,2023-06-16,2023-06-18,15.38,1176.4,Delivered,1023.53
SHP01883,Chennai,Delhi,2023-03-06,2023-03-11,29.11,603.3,Delayed,646.68
SHP01884,Pune,Mumbai,2023-11-14,2023-11-21,19.11,306.8,Delivered,376.88
SHP01885,Bangalore,Bangalore,2023-03-05,2023-03-15,26.98,1660.8,Delayed,1440.66
SHP01886,Chennai,Ahmedabad,2023-01-30,2023-02-06,43.89,1674.7,Delayed,1536.65
SHP01887,Bangalore,Delhi,2023-04-21,2023-04-25,45.67,1630.9,Delivered,1507.23
SHP01888,Chennai,Mumbai,2023-07-09,2023-07-12,13.67,1293.7,Delivered,1106.16
SHP01889,Hyderabad,Ahmedabad,2023-05-02,2023-05-07,23.38,738.4,Delivered,739.99
SHP01890,Delhi,Ahmedabad,2023-05-02,2023-05-07,27.68,615.1,Delivered,667.6
SHP01891,Hyderabad,Ahmedabad,2023-07-10,2023-07-16,47.48,27.0,Delayed,320.62
SHP01892,Kolkata,Bangalore,2023-01-22,2023-01-25,49.93,1668.9,Failed,1559.55
SHP01893,Mumbai,Delhi,2023-08-07,2023-08-09,12.15,184.0,Delivered,255.28
SHP01894,Delhi,Ahmedabad,2023-05-04,2023-05-05,36.49,1265.2,Delivered,1165.5
SHP01895,Hyderabad,Pune,2023-09-02,2023-09-11,19.21,1013.1,Delayed,896.73
SHP01896,Kolkata,Delhi,2023-03-12,2023-03-17,0.9,1058.1,Delivered,828.3
SHP01897,Mumbai,Kolkata,2023-01-03,2023-01-09,0.96,1854.2,Failed,1430.95
SHP01898,Kolkata,Pune,2023-12-07,2023-12-11,23.3,72.9,Failed,218.74
SHP01899,Bangalore,Bangalore,2023-03-30,2023-04-06,24.67,1549.1,Delivered,1321.04
SHP01900,Ahmedabad,Ahmedabad,2023-10-19,2023-10-26,1.62,113.6,Delivered,159.37
SHP01901,Bangalore,Delhi,2023-08-15,2023-08-22,34.5,85.9,Delivered,299.15
SHP01902,Chennai,Chennai,2023-01-30,2023-02-04,15.05,865.3,Delivered,757.09
SHP01903,Delhi,Bangalore,2023-12-24,2023-12-31,28.21,135.5,Delivered,282.63
SHP01904,Bangalore,Delhi,2023-03-10,2023-03-16,15.4,1580.4,Delivered,1325.06
SHP01905,Pune,Kolkata,2023-01-18,2023-01-23,8.77,1063.8,Failed,903.82
SHP01906,Kolkata,Ahmedabad,2023-10-15,2023-10-22,20.66,67.8,Delivered,221.97
SHP01907,Delhi,Mumbai,2023-10-16,2023-10-20,12.0,90.6,Delivered,197.85
SHP01908,Ahmedabad,Ahmedabad,2023-10-27,2023-10-28,26.97,1229.2,Delivered,1125.8
SHP01909,Pune,Mumbai,2023-11-18,2023-11-21,10.34,1614.2,Delivered,1308.76
SHP01910,Bangalore,Chennai,2023-06-21,2023-06-25,25.67,881.2,Delivered,829.26
SHP01911,Chennai,Bangalore,2023-04-22,2023-04-23,8.29,1113.6,Delivered,936.99
SHP01912,Hyderabad,Kolkata,2023-02-28,2023-03-07,33.71,1601.7,Delivered,1411.8
SHP01913,Chennai,Delhi,2023-07-23,2023-07-25,37.82,1224.9,Delivered,1170.03
SHP01914,Pune,Delhi,2023-04-19,2023-04-24,5.96,457.3,Delivered,424.13
SHP01915,Mumbai,Mumbai,2023-12-26,2023-12-30,23.66,1230.0,Delivered,1102.56
SHP01916,Bangalore,Kolkata,2023-03-26,2023-03-28,4.01,1260.3,Delivered,1006.31
SHP01917,Pune,Pune,2023-01-24,2023-01-25,30.11,1470.9,Delivered,1304.05
SHP01918,Mumbai,Chennai,2023-10-18,2023-10-24,13.59,1245.5,Delayed,1054.64
SHP01919,Mumbai,Mumbai,2023-08-04,2023-08-06,26.62,1938.8,Delivered,1654.92
SHP01920,Kolkata,Mumbai,2023-04-13,2023-04-15,26.11,402.6,Delivered,473.16
SHP01921,Delhi,Chennai,2023-02-21,2023-02-24,46.26,1902.7,Delayed,1725.79
SHP01922,Kolkata,Bangalore,2023-05-30,2023-06-06,27.68,1081.3,Delivered,1011.57
SHP01923,Bangalore,Delhi,2023-07-08,2023-07-12,29.36,1347.2,Delayed,1216.44
SHP01924,Mumbai,Bangalore,2023-09-14,2023-09-16,20.38,207.9,Delivered,319.3
SHP01925,Ahmedabad,Kolkata,2023-11-13,2023-11-16,47.48,767.3,Delivered,867.09
SHP01926,Pune,Pune,2023-05-18,2023-05-23,38.97,1541.1,Delivered,1390.44
SHP01927,Hyderabad,Ahmedabad,2023-07-26,2023-08-01,14.63,1416.8,Delivered,1173.33
SHP01928,Mumbai,Hyderabad,2023-12-31,2024-01-04,42.29,89.9,Delivered,343.53
SHP01929,Pune,Hyderabad,2023-07-21,2023-07-24,21.9,1097.7,Delivered,991.78
SHP01930,Ahmedabad,Hyderabad,2023-03-31,2023-04-06,41.52,185.7,Delivered,385.4
SHP01931,Hyderabad,Chennai,2023-03-03,2023-03-09,41.23,1991.8,Delayed,1754.6
SHP01932,Kolkata,Mumbai,2023-07-21,2023-07-26,9.85,1795.6,Delivered,1443.85
SHP01933,Kolkata,Pune,2023-09-07,2023-09-09,35.21,52.0,Delivered,251.4
SHP01934,Delhi,Bangalore,2023-07-08,2023-07-12,14.89,1718.7,Delivered,1414.75
SHP01935,Pune,Ahmedabad,2023-09-17,2023-09-19,15.23,1839.7,Delivered,1497.19
SHP01936,Mumbai,Delhi,2023-07-30,2023-08-13,15.17,713.6,Failed,644.9
SHP01937,Chennai,Hyderabad,2023-03-13,2023-03-18,36.42,1441.8,Delivered,1312.13
SHP01938,Kolkata,Bangalore,2023-08-03,2023-08-05,11.88,889.8,Delivered,780.35
SHP01939,Kolkata,Hyderabad,2023-08-29,2023-08-30,0.54,1313.9,Delivered,1020.0
SHP01940,Delhi,Pune,2023-01-03,2023-01-05,35.9,687.2,Delayed,740.98
SHP01941,Hyderabad,Hyderabad,2023-06-12,2023-06-13,8.97,651.9,Delivered,574.08
SHP01942,Delhi,Delhi,2023-05-09,2023-05-15,5.67,854.6,Delivered,700.53
SHP01943,Ahmedabad,Ahmedabad,2023-12-17,2023-12-21,12.26,299.7,Delivered,321.1
SHP01944,Mumbai,Kolkata,2023-07-08,2023-07-15,19.31,1664.0,Delivered,1380.11
SHP01945,Pune,Kolkata,2023-08-03,2023-08-06,24.06,703.9,Delivered,685.54
SHP01946,Bangalore,Pune,2023-08-15,2023-08-21,2.71,806.3,Delivered,680.41
SHP01947,Bangalore,Kolkata,2023-06-01,2023-06-09,48.54,1789.2,Delayed,1632.18
SHP01948,Pune,Chennai,2023-03-13,2023-03-16,35.95,998.3,Delivered,964.36
SHP01949,Hyderabad,Mumbai,2023-11-03,2023-11-07,16.5,1093.1,Delivered,936.34
SHP01950,Ahmedabad,Chennai,2023-10-20,2023-10-26,16.28,1913.4,Delivered,1558.37
SHP01951,Kolkata,Bangalore,2023-07-06,2023-07-09,22.7,1774.6,Delivered,1506.37
SHP01952,Hyderabad,Chennai,2023-02-18,2023-02-21,31.5,347.2,Delivered,462.48
SHP01953,Kolkata,Bangalore,2023-03-01,2023-03-05,7.75,951.7,Delivered,788.92
SHP01954,Kolkata,Bangalore,2023-09-04,2023-09-07,9.85,1942.9,Delivered,1552.59
SHP01955,Bangalore,Mumbai,2023-11-10,2023-11-15,43.04,751.0,Delivered,830.66
SHP01956,Hyderabad,Delhi,2023-04-17,2023-04-23,13.18,749.4,Delivered,659.13
SHP01957,Ahmedabad,Ahmedabad,2023-12-28,2023-12-31,19.32,398.1,Delivered,450.28
SHP01958,Delhi,Pune,2023-10-02,2023-10-09,43.63,237.5,Delivered,442.08
SHP01959,Kolkata,Mumbai,2023-01-31,2023-02-04,33.33,1483.2,Delivered,1309.44
SHP01960,Chennai,Pune,2023-03-04,2023-03-06,17.41,1542.4,Delivered,1300.81
SHP01961,Chennai,Kolkata,2023-12-26,2024-01-02,34.34,1938.3,Delivered,1683.92
SHP01962,Delhi,Kolkata,2023-08-16,2023-08-26,1.47,1549.1,Failed,1224.33
SHP01963,Chennai,Chennai,2023-08-28,2023-09-03,36.91,494.3,Delivered,598.95
SHP01964,Mumbai,Bangalore,2023-06-19,2023-06-24,24.61,89.8,Delivered,241.58
SHP01965,Kolkata,Hyderabad,2023-01-09,2023-01-18,40.75,1971.0,Delayed,1727.49
SHP01966,Delhi,Hyderabad,2023-09-24,2023-09-29,47.75,687.5,Delivered,812.4
SHP01967,Hyderabad,Pune,2023-11-02,2023-11-11,46.33,630.8,Delayed,758.09
SHP01968,Kolkata,Bangalore,2023-08-15,2023-08-19,45.51,1812.9,Delivered,1620.5
SHP01969,Delhi,Pune,2023-06-12,2023-06-15,25.85,1174.3,Delivered,1065.7
SHP01970,Bangalore,Mumbai,2023-01-18,2023-01-22,18.33,437.6,Delivered,477.34
SHP01971,Ahmedabad,Delhi,2023-11-15,2023-11-19,23.52,1779.3,Delivered,1496.9
SHP01972,Hyderabad,Ahmedabad,2023-07-07,2023-07-10,34.65,1986.8,Delayed,1728.38
SHP01973,Ahmedabad,Mumbai,2023-11-29,2023-12-05,44.26,182.5,Delivered,421.9
SHP01974,Bangalore,Bangalore,2023-03-01,2023-03-03,10.75,1725.9,Delivered,1385.18
SHP01975,Kolkata,Bangalore,2023-11-21,2023-11-22,45.95,787.1,Delivered,886.25
SHP01976,Hyderabad,Delhi,2023-07-05,2023-07-08,40.85,1052.9,Delivered,1041.56
SHP01977,Ahmedabad,Pune,2023-02-05,2023-02-11,48.95,1830.5,Delivered,1676.57
SHP01978,Chennai,Chennai,2023-08-06,2023-08-10,44.07,1947.0,Delivered,1743.16
SHP01979,Ahmedabad,Chennai,2023-08-01,2023-08-05,14.36,531.7,Delivered,520.78
SHP01980,Delhi,Delhi,2023-11-02,2023-11-07,5.74,433.6,Delayed,399.86
SHP01981,Kolkata,Chennai,2023-11-13,2023-11-20,6.06,170.2,Delivered,224.57
SHP01982,Mumbai,Hyderabad,2023-07-14,2023-07-18,14.92,1128.0,Delivered,959.83
SHP01983,Ahmedabad,Chennai,2023-11-03,2023-11-06,30.9,37.1,Delivered,222.6
SHP01984,Hyderabad,Chennai,2023-01-16,2023-01-30,40.31,829.7,Delayed,868.29
SHP01985,Hyderabad,Chennai,2023-06-26,2023-06-27,45.01,156.0,Delivered,406.43
SHP01986,Pune,Hyderabad,2023-07-29,2023-08-03,31.38,816.4,Delivered,836.75
SHP01987,Ahmedabad,Pune,2023-09-24,2023-09-27,0.78,89.5,Delayed,109.83
SHP01988,Kolkata,Chennai,2023-03-29,2023-04-02,9.72,1672.1,Delivered,1367.23
SHP01989,Kolkata,Kolkata,2023-07-25,2023-07-30,5.44,427.4,Delivered,388.08
SHP01990,Bangalore,Hyderabad,2023-10-13,2023-10-14,18.48,663.3,Delivered,658.7
SHP01991,Pune,Delhi,2023-03-27,2023-03-31,25.32,1741.4,Delayed,1486.55
SHP01992,Ahmedabad,Mumbai,2023-03-01,2023-03-14,2.65,1495.1,Delayed,1164.86
SHP01993,Chennai,Delhi,2023-08-25,2023-08-28,17.75,445.9,Failed,454.54
SHP01994,Bangalore,Mumbai,2023-11-13,2023-11-14,9.37,153.1,Delivered,197.57
SHP01995,Pune,Ahmedabad,2023-09-09,2023-09-14,32.53,1434.2,Delivered,1275.8
SHP01996,Ahmedabad,Delhi,2023-10-15,2023-10-17,23.48,787.5,Delivered,768.73
SHP01997,Ahmedabad,Kolkata,2023-09-20,2023-10-04,25.02,1534.5,Delayed,1314.89
SHP01998,Bangalore,Mumbai,2023-08-10,2023-08-15,21.67,896.1,Delayed,849.19
SHP01999,Chennai,Mumbai,2023-02-16,2023-02-17,47.82,698.5,Delivered,818.42
SHP02000,Pune,Bangalore,2023-08-03,2023-08-09,11.13,907.9,Delivered,794.28
SHP02001,Ahmedabad,Mumbai,2023-04-01,2023-04-04,26.07,1499.6,Delivered,1293.76
SHP02002,Ahmedabad,Mumbai,2023-09-13,2023-09-15,36.93,1805.4,Delivered,1604.41
SHP02003,Pune,Bangalore,2023-04-24,2023-04-29,28.06,109.0,Delivered,278.76
SHP02004,Mumbai,Chennai,2023-09-10,2023-09-15,46.49,1053.0,Delivered,1086.78
SHP02005,Bangalore,Chennai,2023-02-28,2023-03-02,19.21,75.3,Delivered,220.78
SHP02006,Bangalore,Bangalore,2023-08-23,2023-08-27,23.45,942.1,Delivered,858.85
SHP02007,Hyderabad,Hyderabad,2023-12-01,2023-12-03,4.88,1771.7,Failed,1387.04
SHP02008,Chennai,Ahmedabad,2023-07-17,2023-07-29,30.65,729.6,Delayed,762.59
SHP02009,Delhi,Mumbai,2023-02-07,2023-02-21,14.77,1865.6,Delayed,1537.7
SHP02010,Mumbai,Mumbai,2023-02-28,2023-03-01,8.44,1264.9,Delivered,1044.23
SHP02011,Pune,Bangalore,2023-12-06,2023-12-08,27.45,1869.0,Delivered,1583.64
SHP02012,Pune,Bangalore,2023-02-16,2023-02-19,26.85,1516.8,Delivered,1327.96
SHP02013,Pune,Hyderabad,2023-09-16,2023-09-28,4.26,215.8,Delayed,225.38
SHP02014,Mumbai,Kolkata,2023-06-22,2023-06-29,35.06,470.0,Delivered,567.34
SHP02015,Ahmedabad,Chennai,2023-09-29,2023-10-03,31.38,794.4,Delivered,802.23
SHP02016,Pune,Delhi,2023-07-17,2023-07-24,9.86,348.5,Delivered,349.32
SHP02017,Pune,Kolkata,2023-05-16,2023-05-26,23.74,994.9,Failed,914.22
SHP02018,Chennai,Pune,2023-07-18,2023-07-21,36.16,948.0,Delivered,960.06
SHP02019,Kolkata,Chennai,2023-05-28,2023-06-04,26.71,1913.0,Delivered,1631.89
SHP02020,Kolkata,Mumbai,2023-11-01,2023-11-02,20.08,873.1,Delivered,822.89
SHP02021,Hyderabad,Pune,2023-06-16,2023-06-24,16.46,1573.4,Delayed,1324.6
SHP02022,Hyderabad,Kolkata,2023-03-20,2023-03-24,30.71,1884.4,Delivered,1611.04
SHP02023,Pune,Bangalore,2023-09-30,2023-10-01,46.99,1755.2,Delivered,1613.83
SHP02024,Chennai,Hyderabad,2023-06-21,2023-06-28,33.75,425.2,Delivered,554.57
SHP02025,Pune,Chennai,2023-12-17,2023-12-22,4.2,997.1,Delivered,836.71
SHP02026,Hyderabad,Hyderabad,2023-10-30,2023-11-04,23.3,702.0,Delivered,700.33
SHP02027,Mumbai,Pune,2023-06-15,2023-06-20,44.6,805.7,Delivered,865.73
SHP02028,Mumbai,Chennai,2023-10-05,2023-10-07,5.18,728.0,Delivered,603.49
SHP02029,Ahmedabad,Ahmedabad,2023-06-18,2023-06-25,49.45,1654.5,Delayed,1524.01
SHP02030,Delhi,Ahmedabad,2023-12-31,2024-01-04,47.48,909.8,Delivered,988.37
SHP02031,Kolkata,Kolkata,2023-04-22,2023-05-06,4.37,1052.2,Failed,859.48
SHP02032,Chennai,Mumbai,2023-07-26,2023-08-02,46.7,1965.1,Delivered,1771.52
SHP02033,Bangalore,Ahmedabad,2023-09-29,2023-10-01,18.48,129.4,Delivered,238.05
SHP02034,Kolkata,Ahmedabad,2023-05-25,2023-05-30,42.31,981.0,Delayed,1003.73
SHP02035,Bangalore,Delhi,2023-10-16,2023-10-19,21.21,1550.4,Delivered,1299.82
SHP02036,Delhi,Hyderabad,2023-08-10,2023-08-13,22.32,310.8,Delivered,384.69
SHP02037,Delhi,Hyderabad,2023-04-03,2023-04-05,31.9,1226.9,Delivered,1127.13
SHP02038,Pune,Ahmedabad,2023-07-24,2023-08-02,38.84,486.5,Failed,614.3
SHP02039,Hyderabad,Delhi,2023-11-23,2023-11-29,2.17,1736.1,Delivered,1349.79
SHP02040,Delhi,Hyderabad,2023-07-15,2023-07-16,29.86,660.9,Delivered,705.56
SHP02041,Delhi,Hyderabad,2023-11-20,2023-11-25,9.74,664.8,Delayed,591.88
SHP02042,Bangalore,Chennai,2023-08-07,2023-08-11,17.62,1200.4,Delivered,1051.1
SHP02043,Hyderabad,Chennai,2023-12-23,2023-12-30,17.72,375.3,Delivered,403.99
SHP02044,Delhi,Delhi,2023-03-05,2023-03-09,23.72,576.9,Delivered,608.47
SHP02045,Kolkata,Pune,2023-08-20,2023-09-04,17.04,839.1,Delayed,756.26
SHP02046,Ahmedabad,Mumbai,2023-04-08,2023-04-10,5.81,713.7,Delivered,626.14
SHP02047,Delhi,Kolkata,2023-02-09,2023-02-16,7.71,1054.5,Delivered,875.51
SHP02048,Ahmedabad,Ahmedabad,2023-05-27,2023-05-29,2.16,1203.3,Delivered,969.89
SHP02049,Hyderabad,Ahmedabad,2023-10-30,2023-11-10,23.78,1137.7,Delayed,1039.55
SHP02050,Pune,Kolkata,2023-07-19,2023-07-30,47.75,1311.8,Failed,1253.43
SHP02051,Chennai,Ahmedabad,2023-09-15,2023-09-19,6.23,622.4,Delivered,528.39
SHP02052,Hyderabad,Ahmedabad,2023-06-23,2023-06-29,47.34,261.6,Delivered,493.71
SHP02053,Bangalore,Pune,2023-07-05,2023-07-07,36.8,1524.0,Delayed,1382.86
SHP02054,Chennai,Hyderabad,2023-04-19,2023-04-25,32.06,1703.1,Delivered,1479.34
SHP02055,Kolkata,Mumbai,2023-07-05,2023-07-19,32.44,521.4,Delayed,603.03
SHP02056,Mumbai,Ahmedabad,2023-01-20,2023-01-21,41.42,820.1,Delivered,853.85
SHP02057,Ahmedabad,Delhi,2023-10-30,2023-11-05,5.79,1002.2,Delivered,818.3
SHP02058,Ahmedabad,Pune,2023-06-08,2023-06-10,25.49,1071.3,Delivered,977.9
SHP02059,Ahmedabad,Ahmedabad,2023-06-16,2023-06-20,35.01,1322.4,Delivered,1230.21
SHP02060,Hyderabad,Delhi,2023-10-06,2023-10-08,29.55,92.8,Delivered,266.54
SHP02061,Ahmedabad,Chennai,2023-07-29,2023-08-03,41.72,1445.7,Delivered,1346.33
SHP02062,Pune,Hyderabad,2023-07-07,2023-07-14,4.08,133.3,Delivered,185.33
SHP02063,Ahmedabad,Bangalore,2023-12-01,2023-12-03,34.69,941.9,Delivered,922.23
SHP02064,Bangalore,Ahmedabad,2023-11-23,2023-11-29,26.93,1657.1,Delivered,1435.5
SHP02065,Kolkata,Delhi,2023-11-28,2023-11-29,19.27,907.9,Delivered,841.74
SHP02066,Ahmedabad,Pune,2023-11-15,2023-11-30,17.34,306.7,Delayed,354.83
SHP02067,Ahmedabad,Hyderabad,2023-11-11,2023-11-16,31.23,1970.2,Delivered,1678.06
SHP02068,Chennai,Mumbai,2023-10-23,2023-10-26,44.6,1779.7,Delivered,1626.97
SHP02069,Kolkata,Pune,2023-01-01,2023-01-06,25.06,1544.9,Delivered,1353.3
SHP02070,Ahmedabad,Chennai,2023-07-06,2023-07-09,41.32,828.9,Delivered,867.2
SHP02071,Hyderabad,Kolkata,2023-03-21,2023-03-25,20.41,375.9,Delivered,416.63
SHP02072,Delhi,Ahmedabad,2023-04-25,2023-05-03,5.57,1883.4,Delayed,1481.24
SHP02073,Pune,Mumbai,2023-06-01,2023-06-12,3.54,1069.4,Failed,865.66
SHP02074,Hyderabad,Delhi,2023-09-18,2023-09-25,3.04,1706.2,Delivered,1342.49
SHP02075,Mumbai,Ahmedabad,2023-07-07,2023-07-16,19.32,690.8,Failed,669.45
SHP02076,Hyderabad,Delhi,2023-08-20,2023-08-23,17.19,677.2,Delivered,659.83
SHP02077,Chennai,Mumbai,2023-09-03,2023-09-09,36.04,1971.2,Delivered,1701.81
SHP02078,Chennai,Delhi,2023-05-10,2023-05-12,37.27,1048.4,Delivered,1036.65
SHP02079,Ahmedabad,Pune,2023-12-22,2023-12-26,3.02,290.0,Delivered,266.34
SHP02080,Hyderabad,Hyderabad,2023-08-22,2023-08-24,11.45,447.2,Delivered,424.32
SHP02081,Chennai,Delhi,2023-12-07,2023-12-09,14.08,969.1,Delivered,847.39
SHP02082,Delhi,Chennai,2023-10-06,2023-10-13,27.61,94.5,Delivered,241.31
SHP02083,Kolkata,Hyderabad,2023-02-15,2023-02-26,7.65,930.4,Failed,781.75
SHP02084,Hyderabad,Pune,2023-03-29,2023-04-03,7.13,843.7,Delivered,734.3
SHP02085,Pune,Ahmedabad,2023-08-23,2023-08-30,47.22,1560.9,Delivered,1446.43
SHP02086,Delhi,Bangalore,2023-02-16,2023-02-23,40.31,716.3,Delivered,797.01
SHP02087,Ahmedabad,Ahmedabad,2023-04-26,2023-04-28,9.44,1965.3,Failed,1563.27
SHP02088,Kolkata,Delhi,2023-08-19,2023-09-01,20.63,369.7,Delayed,412.22
SHP02089,Pune,Delhi,2023-07-28,2023-07-31,18.1,1186.1,Delivered,1032.34
SHP02090,Ahmedabad,Chennai,2023-02-23,2023-03-01,39.65,188.5,Failed,403.02
SHP02091,Pune,Pune,2023-04-27,2023-05-05,25.76,1470.4,Failed,1277.98
SHP02092,Ahmedabad,Chennai,2023-12-01,2023-12-03,6.83,1989.6,Delivered,1581.04
SHP02093,Pune,Kolkata,2023-06-09,2023-06-13,37.08,1640.1,Delivered,1481.48
SHP02094,Kolkata,Pune,2023-02-05,2023-02-08,20.15,1115.9,Delivered,999.26
SHP02095,Delhi,Mumbai,2023-01-01,2023-01-06,13.51,974.6,Delivered,836.26
SHP02096,Pune,Mumbai,2023-10-03,2023-10-10,19.09,1671.7,Delivered,1408.56
SHP02097,Pune,Mumbai,2023-03-31,2023-04-05,25.14,1872.6,Delayed,1580.23
SHP02098,Bangalore,Chennai,2023-04-03,2023-04-05,17.48,1978.5,Delivered,1631.11
SHP02099,Hyderabad,Mumbai,2023-08-14,2023-08-21,12.47,799.1,Delivered,711.46
SHP02100,Kolkata,Pune,2023-01-19,2023-01-21,20.23,1981.9,Delivered,1622.69
SHP02101,Ahmedabad,Mumbai,2023-09-04,2023-09-10,1.45,320.3,Delivered,300.27
SHP02102,Kolkata,Bangalore,2023-11-09,2023-11-15,38.74,514.6,Delivered,629.34
SHP02103,Chennai,Mumbai,2023-06-19,2023-06-23,8.96,187.1,Delivered,235.84
SHP02104,Ahmedabad,Delhi,2023-04-16,2023-04-22,2.67,550.8,Delivered,491.61
SHP02105,Kolkata,Kolkata,2023-06-14,2023-06-20,32.86,1538.2,Delayed,1383.74
SHP02106,Delhi,Chennai,2023-08-06,2023-08-11,38.81,1707.3,Delivered,1522.67
SHP02107,Ahmedabad,Hyderabad,2023-02-09,2023-02-15,40.78,1560.0,Delayed,1422.13
SHP02108,Ahmedabad,Kolkata,2023-09-27,2023-09-30,24.93,1265.8,Delivered,1124.61
SHP02109,Kolkata,Bangalore,2023-05-28,2023-06-01,10.67,1032.8,Delivered,878.73
SHP02110,Ahmedabad,Chennai,2023-06-08,2023-06-14,36.99,1420.3,Delivered,1318.19
SHP02111,Bangalore,Pune,2023-12-20,2023-12-27,35.14,787.8,Delivered,822.53
SHP02112,Hyderabad,Ahmedabad,2023-04-22,2023-04-29,12.69,1684.2,Delivered,1367.7
SHP02113,Ahmedabad,Chennai,2023-04-09,2023-04-14,45.22,1357.6,Delivered,1295.56
SHP02114,Hyderabad,Delhi,2023-03-07,2023-03-10,5.67,1398.6,Delivered,1132.39
SHP02115,Kolkata,Pune,2023-11-26,2023-11-30,49.14,1076.5,Delivered,1108.67
SHP02116,Pune,Kolkata,2023-05-01,2023-05-08,43.08,1771.6,Delivered,1597.51
SHP02117,Mumbai,Kolkata,2023-02-11,2023-02-18,34.55,511.5,Delivered,593.48
SHP02118,Mumbai,Mumbai,2023-12-29,2024-01-01,46.97,768.5,Delivered,842.57
SHP02119,Pune,Pune,2023-04-17,2023-04-21,36.25,1557.5,Failed,1392.89
SHP02120,Pune,Ahmedabad,2023-11-17,2023-11-29,9.93,990.6,Failed,839.7
SHP02121,Pune,Delhi,2023-04-03,2023-04-10,22.39,1779.5,Failed,1479.05
SHP02122,Delhi,Mumbai,2023-04-26,2023-04-30,4.04,699.3,Delivered,607.27
SHP02123,Mumbai,Mumbai,2023-09-01,2023-09-04,19.79,745.0,Delivered,701.46
SHP02124,Pune,Ahmedabad,2023-12-10,2023-12-13,37.21,1778.6,Failed,1586.55
SHP02125,Delhi,Chennai,2023-02-24,2023-03-01,19.63,934.1,Delivered,834.9
SHP02126,Chennai,Kolkata,2023-04-25,2023-05-01,16.85,1037.1,Delivered,894.35
SHP02127,Ahmedabad,Mumbai,2023-07-29,2023-08-01,29.97,672.2,Delivered,703.29
SHP02128,Delhi,Bangalore,2023-09-29,2023-10-04,43.67,560.6,Delivered,676.37
SHP02129,Mumbai,Bangalore,2023-04-04,2023-04-10,2.86,1315.3,Delivered,1068.27
SHP02130,Kolkata,Kolkata,2023-11-18,2023-11-25,19.58,248.5,Delivered,314.69
SHP02131,Chennai,Bangalore,2023-06-30,2023-07-05,8.33,1759.8,Delivered,1408.0
SHP02132,Mumbai,Ahmedabad,2023-05-29,2023-06-05,34.92,1560.6,Delivered,1412.12
SHP02133,Ahmedabad,Chennai,2023-07-20,2023-07-30,5.73,389.6,Delayed,366.23
SHP02134,Delhi,Delhi,2023-09-13,2023-09-16,33.41,1391.1,Delivered,1244.1
SHP02135,Bangalore,Hyderabad,2023-03-29,2023-04-02,14.67,1209.2,Delivered,1022.37
SHP02136,Hyderabad,Mumbai,2023-08-12,2023-08-19,10.35,377.2,Delivered,384.57
SHP02137,Ahmedabad,Hyderabad,2023-06-29,2023-07-01,46.85,553.7,Delivered,686.93
SHP02138,Mumbai,Delhi,2023-12-13,2023-12-18,1.42,823.9,Delivered,673.69
SHP02139,Pune,Delhi,2023-04-12,2023-04-19,22.17,1401.5,Delivered,1225.43
SHP02140,Delhi,Ahmedabad,2023-10-03,2023-10-04,1.57,1281.1,Delivered,1033.58
SHP02141,Pune,Chennai,2023-02-06,2023-02-08,24.44,1069.1,Delivered,956.0
SHP02142,Pune,Bangalore,2023-04-25,2023-05-01,25.3,1539.1,Delayed,1317.26
SHP02143,Pune,Bangalore,2023-08-08,2023-08-13,16.42,1518.3,Delivered,1261.84
SHP02144,Pune,Ahmedabad,2023-01-19,2023-01-23,7.04,1239.5,Delivered,1018.62
SHP02145,Pune,Delhi,2023-04-05,2023-04-09,19.13,1576.1,Delivered,1322.16
SHP02146,Chennai,Chennai,2023-06-20,2023-06-29,33.78,675.2,Delayed,739.06
SHP02147,Mumbai,Chennai,2023-05-14,2023-05-19,39.23,1763.7,Delivered,1577.59
SHP02148,Ahmedabad,Kolkata,2023-05-19,2023-05-30,26.77,1233.7,Failed,1093.14
SHP02149,Mumbai,Pune,2023-01-18,2023-01-23,29.7,1646.5,Delivered,1438.36
SHP02150,Ahmedabad,Mumbai,2023-06-26,2023-07-03,10.43,1097.1,Delivered,909.5
SHP02151,Hyderabad,Ahmedabad,2023-04-20,2023-04-23,14.72,444.7,Delivered,447.33
SHP02152,Delhi,Pune,2023-05-21,2023-05-26,8.51,1089.4,Delivered,896.71
SHP02153,Bangalore,Ahmedabad,2023-06-15,2023-06-22,12.84,748.5,Delivered,662.5
SHP02154,Chennai,Bangalore,2023-11-07,2023-11-12,11.63,1398.0,Delivered,1161.31
SHP02155,Delhi,Delhi,2023-06-13,2023-06-19,26.21,956.8,Delivered,901.19
SHP02156,Chennai,Ahmedabad,2023-08-01,2023-08-08,28.35,1673.9,Delivered,1434.22
SHP02157,Ahmedabad,Ahmedabad,2023-08-12,2023-08-15,47.27,1359.4,Delivered,1325.51
SHP02158,Mumbai,Kolkata,2023-11-13,2023-11-22,10.18,1372.2,Delayed,1126.92
SHP02159,Pune,Hyderabad,2023-07-28,2023-08-07,32.26,442.1,Delayed,526.76
SHP02160,Hyderabad,Bangalore,2023-11-05,2023-11-08,40.95,1968.7,Delivered,1716.1
SHP02161,Hyderabad,Mumbai,2023-11-25,2023-12-10,28.23,1684.9,Delayed,1458.18
SHP02162,Kolkata,Chennai,2023-06-26,2023-06-29,13.12,1580.1,Delivered,1319.84
SHP02163,Bangalore,Delhi,2023-05-14,2023-05-21,13.5,667.1,Delivered,620.7
SHP02164,Hyderabad,Bangalore,2023-08-27,2023-09-01,2.44,1075.9,Delivered,887.09
SHP02165,Pune,Hyderabad,2024-01-01,2024-01-06,15.62,282.8,Delivered,337.97
SHP02166,Mumbai,Ahmedabad,2023-05-20,2023-05-23,37.36,1081.6,Delivered,1045.43
SHP02167,Bangalore,Mumbai,2023-09-29,2023-10-01,2.85,300.3,Delivered,289.48
SHP02168,Ahmedabad,Ahmedabad,2023-04-10,2023-04-14,11.36,1110.5,Delivered,947.57
SHP02169,Delhi,Mumbai,2023-10-28,2023-10-31,35.46,1301.0,Delivered,1197.75
SHP02170,Ahmedabad,Kolkata,2023-11-19,2023-11-26,39.24,786.5,Delayed,850.63
SHP02171,Pune,Ahmedabad,2023-06-03,2023-06-17,23.04,1002.1,Delayed,897.95
SHP02172,Pune,Bangalore,2023-06-13,2023-06-18,35.05,1752.6,Delivered,1537.29
SHP02173,Hyderabad,Hyderabad,2023-04-17,2023-04-20,19.7,226.0,Delivered,318.44
SHP02174,Bangalore,Mumbai,2023-04-04,2023-04-09,8.42,1585.5,Delivered,1285.51
SHP02175,Mumbai,Delhi,2023-08-11,2023-08-12,20.21,349.8,Delivered,404.44
SHP02176,Ahmedabad,Mumbai,2023-07-07,2023-07-13,29.21,83.0,Delivered,255.4
SHP02177,Kolkata,Hyderabad,2023-02-25,2023-02-28,47.43,379.3,Delivered,571.01
SHP02178,Ahmedabad,Chennai,2023-04-06,2023-04-13,3.9,1532.4,Delivered,1226.28
SHP02179,Chennai,Chennai,2023-05-17,2023-05-22,25.62,816.2,Delivered,801.19
SHP02180,Chennai,Kolkata,2023-03-17,2023-03-25,16.78,1746.3,Delayed,1453.14
SHP02181,Mumbai,Bangalore,2023-08-02,2023-08-07,25.66,1054.2,Failed,962.61
SHP02182,Mumbai,Hyderabad,2023-06-29,2023-07-03,1.69,54.3,Delivered,119.15
SHP02183,Chennai,Kolkata,2023-06-01,2023-06-03,15.99,1436.3,Delivered,1221.12
SHP02184,Kolkata,Pune,2023-03-18,2023-03-29,41.08,229.4,Delayed,417.85
SHP02185,Bangalore,Mumbai,2023-08-06,2023-08-10,27.92,1580.9,Delivered,1363.08
SHP02186,Chennai,Pune,2023-09-09,2023-09-12,22.8,344.5,Delivered,414.94
SHP02187,Mumbai,Mumbai,2023-03-09,2023-03-12,14.63,697.4,Delivered,644.29
SHP02188,Hyderabad,Chennai,2023-10-08,2023-10-09,15.25,1524.9,Delivered,1283.96
SHP02189,Delhi,Kolkata,2023-08-05,2023-08-10,19.46,1908.9,Failed,1590.11
SHP02190,Kolkata,Chennai,2023-03-26,2023-04-02,41.86,749.2,Delivered,835.25
SHP02191,Pune,Delhi,2023-02-17,2023-02-19,48.38,1660.5,Delivered,1528.15
SHP02192,Kolkata,Pune,2023-02-21,2023-02-22,22.21,389.7,Delivered,457.06
SHP02193,Hyderabad,Pune,2023-05-03,2023-05-06,19.97,1616.3,Delivered,1353.4
SHP02194,Hyderabad,Chennai,2023-05-10,2023-05-16,42.4,1318.4,Delivered,1235.16
SHP02195,Pune,Delhi,2023-08-08,2023-08-12,21.63,393.6,Delivered,460.72
SHP02196,Ahmedabad,Mumbai,2023-12-22,2023-12-29,27.82,612.0,Delivered,633.82
SHP02197,Mumbai,Kolkata,2023-07-16,2023-07-20,11.93,272.2,Delivered,320.51
SHP02198,Chennai,Delhi,2023-11-26,2023-11-29,37.3,772.1,Delivered,821.49
SHP02199,Ahmedabad,Kolkata,2023-09-29,2023-10-01,26.83,415.3,Delivered,508.03
SHP02200,Bangalore,Pune,2023-04-30,2023-05-04,40.55,1291.6,Delivered,1207.03
SHP02201,Kolkata,Kolkata,2023-06-01,2023-06-08,39.15,1989.1,Delivered,1748.91
SHP02202,Pune,Pune,2023-11-23,2023-11-25,11.14,33.9,Delivered,151.1
SHP02203,Kolkata,Delhi,2023-03-28,2023-04-03,35.92,1086.4,Delivered,1058.44
SHP02204,Ahmedabad,Pune,2023-10-31,2023-11-02,40.1,1151.6,Delivered,1124.27
SHP02205,Hyderabad,Ahmedabad,2023-05-31,2023-06-09,17.63,1829.3,Delayed,1516.61
SHP02206,Chennai,Bangalore,2023-11-29,2023-11-30,9.04,1017.0,Delivered,854.82
SHP02207,Kolkata,Pune,2023-03-22,2023-03-23,0.63,1092.0,Delivered,881.37
SHP02208,Bangalore,Chennai,2023-08-10,2023-08-12,22.82,948.6,Delivered,884.52
SHP02209,Hyderabad,Delhi,2023-05-12,2023-05-19,17.95,545.1,Delivered,553.83
SHP02210,Bangalore,Ahmedabad,2023-06-05,2023-06-10,27.97,121.5,Delivered,292.83
SHP02211,Chennai,Mumbai,2023-04-17,2023-04-20,9.81,823.2,Delivered,714.4
SHP02212,Kolkata,Kolkata,2023-09-30,2023-10-07,43.05,114.7,Delivered,336.13
SHP02213,Delhi,Ahmedabad,2023-01-18,2023-01-24,13.26,1105.5,Delivered,947.79
SHP02214,Ahmedabad,Hyderabad,2023-09-02,2023-09-09,11.71,621.5,Delivered,565.28
SHP02215,Kolkata,Ahmedabad,2023-11-18,2023-11-22,24.3,1071.9,Delivered,970.8
SHP02216,Ahmedabad,Delhi,2023-05-15,2023-05-16,25.19,277.3,Delivered,364.62
SHP02217,Chennai,Ahmedabad,2023-08-02,2023-08-08,11.15,1865.9,Delivered,1500.49
SHP02218,Kolkata,Ahmedabad,2023-02-03,2023-02-09,13.96,1790.1,Failed,1474.73
SHP02219,Ahmedabad,Chennai,2023-01-21,2023-01-27,8.9,388.1,Delayed,387.28
SHP02220,Pune,Pune,2023-01-28,2023-01-29,36.06,693.5,Delivered,730.82
SHP02221,Ahmedabad,Kolkata,2023-01-25,2023-02-01,38.62,1230.9,Delivered,1165.07
SHP02222,Kolkata,Bangalore,2023-07-08,2023-07-13,23.39,200.4,Delivered,308.91
SHP02223,Mumbai,Mumbai,2023-08-25,2023-08-26,35.85,715.6,Delivered,765.05
SHP02224,Kolkata,Bangalore,2023-01-08,2023-01-12,36.93,509.7,Delivered,613.11
SHP02225,Kolkata,Ahmedabad,2023-06-05,2023-06-10,7.34,1831.9,Delivered,1477.9
SHP02226,Ahmedabad,Hyderabad,2023-01-04,2023-01-10,48.33,1706.5,Delivered,1553.17
SHP02227,Bangalore,Delhi,2023-02-21,2023-02-26,41.14,1163.9,Delivered,1135.97
SHP02228,Delhi,Kolkata,2023-02-01,2023-02-02,10.62,1045.5,Delivered,901.27
SHP02229,Bangalore,Delhi,2023-10-15,2023-10-20,9.72,1862.1,Failed,1513.54
SHP02230,Ahmedabad,Chennai,2023-12-18,2023-12-20,6.72,1865.5,Delivered,1469.83
SHP02231,Bangalore,Delhi,2023-11-08,2023-11-12,7.35,1939.0,Delivered,1542.25
SHP02232,Hyderabad,Mumbai,2023-04-17,2023-04-24,37.53,259.5,Delivered,414.02
SHP02233,Mumbai,Hyderabad,2023-09-28,2023-10-02,23.75,329.5,Delivered,415.84
SHP02234,Bangalore,Bangalore,2023-12-19,2023-12-20,39.26,1356.7,Delivered,1248.84
SHP02235,Pune,Ahmedabad,2023-12-25,2023-12-31,37.44,1087.5,Delivered,1066.34
SHP02236,Chennai,Ahmedabad,2023-09-15,2023-09-17,30.43,46.7,Delivered,221.73
SHP02237,Pune,Hyderabad,2023-05-05,2023-05-11,34.48,133.3,Delivered,322.91
SHP02238,Chennai,Kolkata,2023-04-09,2023-04-11,1.41,1777.3,Delivered,1390.87
SHP02239,Kolkata,Delhi,2023-12-16,2023-12-23,15.93,1739.1,Delivered,1452.84
SHP02240,Hyderabad,Kolkata,2023-08-26,2023-08-31,32.07,721.0,Delivered,757.3
SHP02241,Mumbai,Bangalore,2023-11-21,2023-11-24,0.96,1783.2,Delivered,1383.71
SHP02242,Pune,Kolkata,2023-11-17,2023-11-21,2.13,1191.4,Delivered,943.83
SHP02243,Mumbai,Chennai,2023-01-16,2023-01-19,42.67,1613.8,Delivered,1458.83
SHP02244,Pune,Hyderabad,2023-06-06,2023-06-10,34.36,860.6,Delivered,877.51
SHP02245,Kolkata,Bangalore,2023-03-14,2023-03-28,13.64,235.7,Delayed,302.61
SHP02246,Chennai,Bangalore,2023-10-17,2023-10-22,34.55,873.1,Delivered,881.97
SHP02247,Delhi,Pune,2023-10-16,2023-10-28,39.73,920.0,Delayed,920.28
SHP02248,Hyderabad,Bangalore,2023-05-23,2023-05-25,15.69,1106.4,Delivered,968.76
SHP02249,Pune,Pune,2023-06-19,2023-07-04,2.28,220.1,Delayed,232.15
SHP02250,Pune,Mumbai,2023-09-14,2023-09-16,46.67,1982.9,Delivered,1789.08
SHP02251,Kolkata,Ahmedabad,2023-02-03,2023-02-11,17.59,495.8,Delayed,513.29
SHP02252,Hyderabad,Pune,2023-03-02,2023-03-03,5.77,405.1,Delivered,374.83
SHP02253,Chennai,Hyderabad,2023-05-27,2023-06-02,24.85,1058.3,Delivered,963.24
SHP02254,Chennai,Kolkata,2023-11-05,2023-11-08,38.54,1079.0,Delivered,1038.98
SHP02255,Pune,Pune,2023-11-09,2023-11-24,11.47,885.2,Delayed,780.17
SHP02256,Delhi,Bangalore,2023-05-08,2023-05-09,13.84,1546.1,Delivered,1287.08
SHP02257,Delhi,Hyderabad,2023-12-15,2023-12-16,12.51,1038.1,Delivered,879.15
SHP02258,Mumbai,Pune,2023-04-13,2023-04-16,49.59,1223.3,Delivered,1201.76
SHP02259,Hyderabad,Pune,2023-03-10,2023-03-11,10.27,1450.3,Delivered,1172.16
SHP02260,Hyderabad,Bangalore,2023-11-16,2023-11-23,28.99,59.8,Delivered,256.28
SHP02261,Chennai,Chennai,2023-11-10,2023-11-12,46.3,1145.6,Delivered,1130.02
SHP02262,Mumbai,Chennai,2023-05-23,2023-06-06,7.77,1769.5,Delayed,1409.74
SHP02263,Kolkata,Pune,2023-06-29,2023-07-02,48.56,44.6,Delayed,317.47
SHP02264,Hyderabad,Chennai,2023-06-06,2023-06-07,47.4,816.3,Delivered,895.77
SHP02265,Mumbai,Delhi,2023-04-23,2023-04-24,44.29,1853.2,Delivered,1669.91
SHP02266,Mumbai,Bangalore,2023-01-26,2023-02-01,11.12,712.8,Delivered,655.02
SHP02267,Pune,Delhi,2023-04-28,2023-04-29,31.89,922.9,Delivered,888.93
SHP02268,Chennai,Hyderabad,2023-06-06,2023-06-11,38.16,1963.3,Delivered,1720.73
SHP02269,Mumbai,Delhi,2023-09-18,2023-09-25,49.31,406.7,Failed,595.68
SHP02270,Ahmedabad,Hyderabad,2023-09-10,2023-09-13,9.43,139.9,Delivered,221.3
SHP02271,Delhi,Pune,2023-09-16,2023-09-30,38.42,1720.3,Delayed,1524.28
SHP02272,Ahmedabad,Hyderabad,2023-10-03,2023-10-18,17.27,1738.2,Delayed,1420.29
SHP02273,Delhi,Hyderabad,2023-07-25,2023-08-01,9.19,949.4,Delivered,808.63
SHP02274,Bangalore,Kolkata,2023-05-16,2023-05-30,21.36,1033.3,Delayed,917.8
SHP02275,Chennai,Delhi,2023-01-13,2023-01-15,39.79,1673.3,Delivered,1485.7
SHP02276,Pune,Kolkata,2023-01-28,2023-01-31,23.51,1479.7,Delivered,1285.26
SHP02277,Kolkata,Pune,2023-01-02,2023-01-06,27.11,537.6,Delivered,598.04
SHP02278,Ahmedabad,Bangalore,2023-04-06,2023-04-09,49.76,43.6,Delivered,329.93
SHP02279,Ahmedabad,Delhi,2023-04-30,2023-05-01,20.26,964.6,Delivered,881.83
SHP02280,Bangalore,Bangalore,2023-08-15,2023-08-18,30.96,1719.2,Delivered,1495.73
SHP02281,Delhi,Bangalore,2023-04-01,2023-04-04,18.58,1792.7,Delivered,1492.62
SHP02282,Pune,Hyderabad,2023-09-18,2023-09-19,19.94,1912.9,Delivered,1588.24
SHP02283,Bangalore,Ahmedabad,2023-01-31,2023-02-05,34.93,1760.3,Delivered,1551.51
SHP02284,Chennai,Delhi,2023-01-05,2023-01-06,46.93,1164.3,Delivered,1145.86
SHP02285,Pune,Bangalore,2023-09-03,2023-09-05,27.35,894.8,Delivered,848.6
SHP02286,Chennai,Ahmedabad,2023-01-26,2023-02-01,38.54,1552.0,Delivered,1404.3
SHP02287,Mumbai,Chennai,2023-04-24,2023-04-27,4.92,1482.2,Delivered,1184.1
SHP02288,Hyderabad,Bangalore,2023-10-24,2023-10-25,10.95,1080.9,Delivered,926.4
SHP02289,Mumbai,Chennai,2023-07-19,2023-07-30,25.36,183.8,Delayed,309.35
SHP02290,Chennai,Delhi,2023-08-07,2023-08-12,1.49,1852.9,Delivered,1433.63
SHP02291,Ahmedabad,Pune,2023-10-05,2023-10-12,13.02,916.6,Delivered,792.61
SHP02292,Pune,Kolkata,2023-08-24,2023-08-29,26.11,733.0,Delivered,718.89
SHP02293,Delhi,Delhi,2023-12-07,2023-12-13,1.24,1262.8,Delivered,1012.57
SHP02294,Kolkata,Kolkata,2023-01-04,2023-01-09,13.6,1350.9,Delivered,1129.99
SHP02295,Delhi,Kolkata,2023-02-15,2023-02-22,25.94,429.3,Delivered,510.02
SHP02296,Pune,Delhi,2023-11-13,2023-11-20,28.87,1675.5,Failed,1447.62
SHP02297,Mumbai,Bangalore,2023-01-15,2023-01-22,46.32,587.0,Delivered,737.44
SHP02298,Kolkata,Mumbai,2023-11-26,2023-11-28,32.44,381.5,Delivered,517.67
SHP02299,Pune,Bangalore,2023-08-06,2023-08-16,21.03,818.7,Delayed,775.97
SHP02300,Chennai,Bangalore,2023-10-31,2023-11-03,46.55,1463.8,Delivered,1395.15
SHP02301,Ahmedabad,Pune,2023-02-03,2023-02-13,39.35,1931.3,Delayed,1695.54
SHP02302,Delhi,Hyderabad,2023-10-03,2023-10-09,10.4,1620.5,Delivered,1334.76
SHP02303,Chennai,Hyderabad,2023-12-23,2023-12-28,6.98,1881.3,Delivered,1509.14
SHP02304,Kolkata,Bangalore,2023-02-24,2023-03-01,33.95,289.8,Delivered,456.77
SHP02305,Kolkata,Chennai,2023-03-07,2023-03-13,28.21,151.6,Delivered,309.67
SHP02306,Delhi,Pune,2023-05-03,2023-05-05,39.59,1119.8,Failed,1098.97
SHP02307,Chennai,Kolkata,2023-10-19,2023-10-20,37.07,587.7,Delivered,677.84
SHP02308,Bangalore,Ahmedabad,2023-04-07,2023-04-13,31.45,1657.8,Delivered,1440.96
SHP02309,Chennai,Hyderabad,2023-09-10,2023-09-15,49.33,1347.3,Delivered,1301.32
SHP02310,Kolkata,Bangalore,2023-03-08,2023-03-12,26.91,1941.7,Delivered,1656.59
SHP02311,Chennai,Pune,2023-03-18,2023-03-19,6.1,517.0,Delivered,450.49
SHP02312,Ahmedabad,Mumbai,2023-04-02,2023-04-08,41.5,976.7,Delayed,993.68
SHP02313,Pune,Chennai,2023-11-08,2023-11-23,12.97,1007.5,Delayed,865.37
SHP02314,Mumbai,Delhi,2023-04-13,2023-04-18,38.98,486.0,Delivered,604.87
SHP02315,Ahmedabad,Bangalore,2023-08-01,2023-08-05,47.88,1184.3,Delivered,1193.01
SHP02316,Bangalore,Pune,2023-12-24,2023-12-25,34.99,892.1,Delivered,908.18
SHP02317,Hyderabad,Bangalore,2023-12-13,2023-12-16,30.0,899.0,Failed,878.2
SHP02318,Pune,Ahmedabad,2023-08-31,2023-09-15,23.29,731.8,Delayed,706.22
SHP02319,Mumbai,Kolkata,2023-09-26,2023-10-02,18.54,43.7,Delivered,174.49
SHP02320,Hyderabad,Chennai,2023-05-06,2023-05-17,17.97,1049.0,Failed,922.93
SHP02321,Delhi,Hyderabad,2023-06-17,2023-06-19,32.0,677.1,Delivered,711.97
SHP02322,Hyderabad,Hyderabad,2023-04-17,2023-04-19,37.69,12.6,Delivered,232.01
SHP02323,Pune,Hyderabad,2023-12-05,2023-12-19,34.09,622.8,Delayed,689.27
SHP02324,Chennai,Ahmedabad,2024-01-01,2024-01-07,10.32,564.5,Delivered,517.05
SHP02325,Pune,Delhi,2023-11-17,2023-11-18,24.95,793.0,Delivered,775.93
SHP02326,Ahmedabad,Pune,2023-02-22,2023-02-24,39.69,272.4,Delivered,445.52
SHP02327,Hyderabad,Chennai,2023-11-13,2023-11-15,24.05,1020.3,Delivered,932.72
SHP02328,Kolkata,Chennai,2023-11-28,2023-12-05,27.06,1388.0,Delivered,1208.39
SHP02329,Mumbai,Hyderabad,2023-03-28,2023-04-05,38.67,1264.1,Delayed,1211.13
SHP02330,Mumbai,Hyderabad,2023-08-07,2023-08-08,33.23,1609.5,Delivered,1423.58
SHP02331,Hyderabad,Kolkata,2023-02-18,2023-03-01,20.76,909.5,Failed,816.89
SHP02332,Mumbai,Ahmedabad,2023-02-10,2023-02-12,44.82,1043.0,Delivered,1058.0
SHP02333,Kolkata,Mumbai,2023-01-08,2023-01-13,8.55,1622.7,Delivered,1324.59
SHP02334,Pune,Mumbai,2023-01-07,2023-01-09,49.78,861.1,Delayed,955.63
SHP02335,Mumbai,Bangalore,2023-03-13,2023-03-16,6.38,1406.2,Delivered,1144.59
SHP02336,Hyderabad,Bangalore,2023-12-24,2023-12-25,1.24,874.9,Delivered,697.95
SHP02337,Bangalore,Chennai,2023-02-12,2023-02-15,44.56,841.3,Delivered,910.08
SHP02338,Bangalore,Chennai,2023-09-10,2023-09-13,12.63,1522.8,Delivered,1265.9
SHP02339,Delhi,Delhi,2023-01-15,2023-01-16,36.62,357.9,Delivered,504.42
SHP02340,Ahmedabad,Delhi,2023-07-03,2023-07-05,40.65,683.8,Delayed,781.81
SHP02341,Mumbai,Mumbai,2023-01-03,2023-01-12,43.02,456.1,Delayed,598.25
SHP02342,Ahmedabad,Ahmedabad,2023-09-21,2023-09-28,49.58,724.6,Delivered,831.04
SHP02343,Pune,Bangalore,2023-11-28,2023-12-06,15.05,468.4,Failed,491.33
SHP02344,Hyderabad,Mumbai,2023-10-27,2023-11-10,35.66,1163.0,Delayed,1105.57
SHP02345,Mumbai,Ahmedabad,2023-07-08,2023-07-13,6.21,1598.4,Delivered,1259.91
SHP02346,Chennai,Mumbai,2023-01-18,2023-01-19,20.64,1575.4,Delivered,1328.88
SHP02347,Kolkata,Bangalore,2023-08-27,2023-08-29,42.47,735.4,Delivered,828.21
SHP02348,Mumbai,Pune,2023-02-03,2023-02-10,18.7,1977.6,Delivered,1607.79
SHP02349,Mumbai,Delhi,2023-08-05,2023-08-12,29.76,1191.8,Delivered,1072.78
SHP02350,Ahmedabad,Kolkata,2023-12-10,2023-12-16,25.44,804.8,Delivered,772.05
SHP02351,Ahmedabad,Kolkata,2023-12-07,2023-12-11,32.47,1672.7,Delivered,1483.44
SHP02352,Bangalore,Kolkata,2023-03-15,2023-03-22,48.66,1462.4,Delivered,1406.16
SHP02353,Kolkata,Bangalore,2023-10-08,2023-10-13,3.26,1501.1,Delivered,1192.88
SHP02354,Hyderabad,Hyderabad,2023-03-17,2023-03-18,28.91,400.3,Delivered,496.9
SHP02355,Mumbai,Hyderabad,2023-04-14,2023-04-18,43.22,942.0,Delivered,965.88
SHP02356,Bangalore,Hyderabad,2023-10-20,2023-10-26,24.33,1725.0,Failed,1455.15
SHP02357,Ahmedabad,Chennai,2023-01-01,2023-01-02,4.39,1013.0,Delivered,844.31
SHP02358,Delhi,Delhi,2023-02-04,2023-02-13,28.25,1370.1,Failed,1203.08
SHP02359,Kolkata,Delhi,2023-11-14,2023-11-19,16.94,1180.0,Delayed,1019.19
SHP02360,Bangalore,Pune,2023-11-24,2023-11-28,8.17,1686.3,Delivered,1360.95
SHP02361,Bangalore,Pune,2023-07-31,2023-08-04,42.53,576.3,Delivered,679.02
SHP02362,Pune,Chennai,2023-10-23,2023-11-03,26.32,1155.2,Delayed,1048.78
SHP02363,Bangalore,Mumbai,2023-10-19,2023-10-26,46.7,255.2,Delivered,478.0
SHP02364,Pune,Ahmedabad,2023-07-17,2023-07-25,40.4,1383.5,Delayed,1299.32
SHP02365,Mumbai,Pune,2023-05-15,2023-05-28,34.8,1466.6,Failed,1313.34
SHP02366,Mumbai,Kolkata,2023-06-14,2023-06-17,0.75,95.2,Delivered,116.88
SHP02367,Ahmedabad,Hyderabad,2023-11-24,2023-11-26,21.68,1354.8,Delivered,1177.28
SHP02368,Delhi,Kolkata,2023-01-17,2023-01-19,10.28,835.2,Delivered,747.13
SHP02369,Chennai,Hyderabad,2023-07-27,2023-07-30,45.58,257.0,Delivered,459.35
SHP02370,Chennai,Kolkata,2023-12-14,2023-12-18,9.14,845.6,Delivered,749.34
SHP02371,Chennai,Mumbai,2023-01-16,2023-01-23,14.66,396.5,Delivered,429.25
SHP02372,Ahmedabad,Ahmedabad,2023-03-26,2023-03-30,26.08,837.0,Delivered,821.19
SHP02373,Pune,Kolkata,2023-06-13,2023-06-17,13.54,774.8,Delivered,682.39
SHP02374,Ahmedabad,Kolkata,2023-07-14,2023-07-16,10.89,1479.4,Delivered,1206.02
SHP02375,Kolkata,Bangalore,2023-06-25,2023-06-27,30.16,1550.7,Delivered,1346.13
SHP02376,Kolkata,Ahmedabad,2023-06-16,2023-06-19,4.9,1218.0,Delivered,982.86
SHP02377,Delhi,Kolkata,2023-08-23,2023-08-28,3.38,55.1,Delivered,127.48
SHP02378,Kolkata,Bangalore,2023-07-22,2023-07-25,18.93,1862.7,Delivered,1525.89
SHP02379,Chennai,Delhi,2023-02-17,2023-02-24,36.17,1375.6,Delivered,1265.04
SHP02380,Chennai,Ahmedabad,2023-07-25,2023-07-26,27.96,78.0,Delivered,228.54
SHP02381,Ahmedabad,Chennai,2023-09-13,2023-09-17,21.43,1639.5,Delayed,1395.28
SHP02382,Bangalore,Ahmedabad,2023-01-12,2023-01-23,28.5,408.5,Failed,486.76
SHP02383,Kolkata,Ahmedabad,2023-02-10,2023-02-16,18.59,1162.7,Delivered,1000.16
SHP02384,Ahmedabad,Kolkata,2023-08-24,2023-08-26,46.84,938.6,Delivered,981.63
SHP02385,Mumbai,Delhi,2023-03-12,2023-03-17,3.22,845.5,Delivered,711.07
SHP02386,Mumbai,Ahmedabad,2023-04-29,2023-05-03,33.83,1780.5,Delivered,1538.79
SHP02387,Bangalore,Pune,2023-09-02,2023-09-04,44.62,880.3,Delayed,922.52
SHP02388,Bangalore,Pune,2023-07-29,2023-08-01,40.29,159.9,Delivered,351.71
SHP02389,Bangalore,Bangalore,2023-02-10,2023-02-11,9.61,1893.8,Delivered,1537.14
SHP02390,Ahmedabad,Kolkata,2023-02-12,2023-02-20,15.15,1841.9,Delayed,1510.86
SHP02391,Mumbai,Kolkata,2023-07-20,2023-07-24,35.99,1372.0,Delivered,1267.75
SHP02392,Chennai,Ahmedabad,2023-03-09,2023-03-16,4.67,941.1,Delivered,785.23
SHP02393,Bangalore,Mumbai,2023-07-15,2023-07-20,40.69,194.8,Delivered,385.32
SHP02394,Delhi,Delhi,2023-12-21,2023-12-26,36.09,1583.6,Delivered,1421.95
SHP02395,Pune,Hyderabad,2023-04-07,2023-04-12,36.62,160.2,Delivered,338.51
SHP02396,Ahmedabad,Hyderabad,2023-05-09,2023-05-16,5.46,146.5,Delivered,183.22
SHP02397,Bangalore,Mumbai,2023-01-19,2023-01-26,36.03,1079.4,Delivered,1042.46
SHP02398,Pune,Bangalore,2023-04-13,2023-04-18,34.15,328.7,Delivered,469.63
SHP02399,Hyderabad,Hyderabad,2023-05-29,2023-06-09,41.63,25.4,Delayed,261.96
SHP02400,Bangalore,Ahmedabad,2023-02-18,2023-02-19,2.56,852.0,Delivered,683.18
SHP02401,Mumbai,Hyderabad,2023-11-04,2023-11-08,1.64,283.1,Delivered,282.45
SHP02402,Kolkata,Pune,2023-03-21,2023-03-24,18.96,329.4,Delivered,400.89
SHP02403,Bangalore,Pune,2023-01-28,2023-01-30,7.87,163.1,Delivered,194.95
SHP02404,Ahmedabad,Chennai,2023-08-15,2023-08-17,28.14,418.1,Delivered,489.37
SHP02405,Kolkata,Delhi,2023-06-27,2023-07-02,45.91,1433.8,Delivered,1370.6
SHP02406,Hyderabad,Bangalore,2023-01-30,2023-02-05,19.88,1619.8,Delivered,1375.02
SHP02407,Delhi,Kolkata,2023-03-26,2023-03-31,42.33,910.5,Delivered,964.37
SHP02408,Kolkata,Delhi,2023-01-21,2023-01-23,0.51,1018.0,Delivered,806.21
SHP02409,Pune,Bangalore,2023-02-24,2023-03-04,8.84,75.0,Delayed,149.96
SHP02410,Chennai,Hyderabad,2023-02-13,2023-02-15,2.01,147.9,Failed,160.43
SHP02411,Bangalore,Chennai,2023-09-08,2023-09-12,16.74,522.6,Delivered,530.56
SHP02412,Hyderabad,Delhi,2023-04-02,2023-04-05,45.46,1092.4,Delivered,1081.22
SHP02413,Hyderabad,Hyderabad,2023-04-28,2023-05-02,5.3,1481.7,Delivered,1172.86
SHP02414,Kolkata,Bangalore,2023-06-09,2023-06-13,30.52,1214.0,Delivered,1095.98
SHP02415,Delhi,Delhi,2023-01-09,2023-01-15,22.85,790.3,Delivered,764.72
SHP02416,Mumbai,Kolkata,2023-08-16,2023-08-31,46.95,245.5,Failed,468.64
SHP02417,Bangalore,Delhi,2023-04-05,2023-04-12,6.56,1563.7,Delivered,1260.28
SHP02418,Hyderabad,Hyderabad,2023-09-24,2023-09-26,11.0,733.9,Delivered,670.6
SHP02419,Delhi,Ahmedabad,2023-11-01,2023-11-06,1.96,1474.7,Delayed,1175.44
SHP02420,Chennai,Ahmedabad,2023-07-01,2023-07-13,21.98,1030.8,Delayed,931.47
SHP02421,Hyderabad,Delhi,2023-05-09,2023-05-14,14.25,1479.9,Delivered,1250.55
SHP02422,Delhi,Kolkata,2023-11-24,2023-11-28,43.56,1815.5,Delivered,1627.68
SHP02423,Ahmedabad,Chennai,2023-03-26,2023-03-28,30.44,1842.8,Delivered,1568.8
SHP02424,Mumbai,Chennai,2023-09-23,2023-09-27,30.9,1074.9,Delivered,1030.38
SHP02425,Mumbai,Ahmedabad,2023-10-26,2023-10-28,26.83,1027.9,Delivered,935.99
SHP02426,Hyderabad,Hyderabad,2023-08-29,2023-09-02,5.05,538.7,Delivered,481.27
SHP02427,Pune,Bangalore,2023-06-16,2023-06-19,22.53,1872.2,Delayed,1559.16
SHP02428,Hyderabad,Hyderabad,2023-06-19,2023-06-20,49.98,921.3,Delivered,991.02
SHP02429,Kolkata,Chennai,2023-01-26,2023-01-28,41.84,263.9,Delayed,459.47
SHP02430,Bangalore,Mumbai,2023-01-13,2023-01-27,44.73,871.1,Delayed,916.58
SHP02431,Delhi,Mumbai,2023-04-07,2023-04-13,41.25,262.8,Delivered,455.62
SHP02432,Hyderabad,Delhi,2023-08-29,2023-09-13,5.6,1010.0,Failed,845.74
SHP02433,Bangalore,Kolkata,2023-12-16,2023-12-22,11.76,1126.9,Delivered,944.64
SHP02434,Kolkata,Ahmedabad,2023-09-28,2023-10-01,0.65,682.1,Delivered,560.16
SHP02435,Ahmedabad,Pune,2023-02-18,2023-03-04,15.52,152.6,Failed,232.78
SHP02436,Ahmedabad,Pune,2023-11-10,2023-11-11,5.88,1887.6,Delivered,1507.92
SHP02437,Bangalore,Pune,2023-05-01,2023-05-03,23.9,1549.0,Delivered,1340.25
SHP02438,Hyderabad,Delhi,2023-03-25,2023-03-29,34.02,1679.4,Failed,1494.5
SHP02439,Mumbai,Mumbai,2023-04-07,2023-04-11,43.79,740.1,Delivered,810.83
SHP02440,Delhi,Chennai,2023-09-27,2023-10-01,37.59,1524.1,Delivered,1363.97
SHP02441,Delhi,Delhi,2023-04-02,2023-04-07,46.96,975.9,Delivered,1001.5
SHP02442,Ahmedabad,Pune,2023-03-29,2023-03-31,3.17,410.2,Delivered,359.94
SHP02443,Ahmedabad,Pune,2023-04-15,2023-04-24,1.1,257.6,Delayed,250.02
SHP02444,Mumbai,Ahmedabad,2023-12-29,2024-01-01,33.24,696.7,Failed,757.56
SHP02445,Pune,Hyderabad,2023-08-22,2023-08-25,14.82,283.7,Delivered,331.16
SHP02446,Hyderabad,Pune,2023-11-25,2023-11-29,13.05,1996.6,Delivered,1631.04
SHP02447,Ahmedabad,Kolkata,2023-08-11,2023-08-13,16.88,107.9,Delivered,196.85
SHP02448,Ahmedabad,Pune,2023-08-28,2023-08-31,13.85,887.9,Delivered,802.25
SHP02449,Ahmedabad,Hyderabad,2023-06-26,2023-06-29,25.82,909.7,Delivered,848.62
SHP02450,Delhi,Pune,2023-06-09,2023-06-16,22.29,608.3,Delivered,634.17
SHP02451,Hyderabad,Kolkata,2023-04-16,2023-04-21,25.87,1147.0,Delivered,1021.85
SHP02452,Kolkata,Chennai,2023-07-23,2023-07-25,33.8,308.5,Delayed,468.3
SHP02453,Hyderabad,Delhi,2023-04-04,2023-04-06,19.66,1570.0,Delivered,1313.83
SHP02454,Bangalore,Kolkata,2023-11-23,2023-11-29,12.94,671.6,Delivered,610.51
SHP02455,Mumbai,Hyderabad,2023-12-29,2024-01-05,8.73,1186.8,Delivered,983.39
SHP02456,Pune,Delhi,2023-02-09,2023-02-14,17.8,1434.1,Delayed,1209.8
SHP02457,Ahmedabad,Delhi,2023-01-08,2023-01-11,37.22,1779.2,Failed,1577.2
SHP02458,Ahmedabad,Hyderabad,2023-02-21,2023-02-27,37.96,1673.2,Delayed,1513.69
SHP02459,Hyderabad,Ahmedabad,2023-04-05,2023-04-07,33.51,1220.5,Delivered,1137.18
SHP02460,Pune,Mumbai,2023-12-01,2023-12-05,12.08,782.9,Delivered,706.43
SHP02461,Ahmedabad,Pune,2023-03-20,2023-03-23,29.61,1011.4,Delivered,940.12
SHP02462,Pune,Kolkata,2023-07-05,2023-07-11,28.75,1539.8,Delivered,1353.71
SHP02463,Kolkata,Hyderabad,2023-04-28,2023-05-04,24.47,1756.3,Delivered,1487.73
SHP02464,Chennai,Chennai,2023-10-17,2023-10-27,27.72,216.5,Delayed,366.41
SHP02465,Mumbai,Bangalore,2023-10-20,2023-10-25,24.84,775.9,Delivered,751.65
SHP02466,Pune,Hyderabad,2023-06-23,2023-06-29,28.49,1554.5,Delivered,1365.5
SHP02467,Delhi,Pune,2023-03-15,2023-03-21,35.92,869.0,Delivered,870.48
SHP02468,Bangalore,Pune,2023-11-29,2023-12-02,5.93,671.1,Delivered,573.35
SHP02469,Delhi,Delhi,2023-11-05,2023-11-07,37.61,828.5,Delivered,854.47
SHP02470,Ahmedabad,Delhi,2023-05-15,2023-05-21,7.23,1209.7,Delivered,985.59
SHP02471,Kolkata,Hyderabad,2023-08-17,2023-08-22,3.8,1999.6,Delivered,1558.86
SHP02472,Kolkata,Bangalore,2023-10-11,2023-10-21,48.82,991.1,Failed,1019.41
SHP02473,Delhi,Ahmedabad,2023-11-18,2023-11-22,47.87,424.9,Delivered,621.49
SHP02474,Mumbai,Hyderabad,2023-09-16,2023-09-19,3.49,334.1,Delayed,300.6
SHP02475,Delhi,Bangalore,2023-03-22,2023-03-30,22.44,94.3,Failed,248.42
SHP02476,Hyderabad,Ahmedabad,2023-03-24,2023-03-29,9.72,1122.0,Delayed,925.12
SHP02477,Ahmedabad,Bangalore,2023-05-11,2023-05-14,24.52,1093.7,Delivered,975.49
SHP02478,Ahmedabad,Pune,2023-08-01,2023-08-07,41.59,418.4,Delivered,574.27
SHP02479,Delhi,Pune,2023-03-23,2023-03-26,47.56,1393.7,Delivered,1333.17
SHP02480,Bangalore,Pune,2023-12-02,2023-12-07,31.9,1484.8,Delivered,1322.75
SHP02481,Bangalore,Chennai,2023-10-11,2023-10-17,18.02,525.6,Delayed,537.28
SHP02482,Ahmedabad,Pune,2023-06-02,2023-06-06,30.36,694.8,Delivered,714.38
SHP02483,Chennai,Kolkata,2023-08-10,2023-08-21,15.94,1981.0,Failed,1621.97
SHP02484,Bangalore,Delhi,2023-02-14,2023-02-15,45.54,754.8,Delivered,843.9
SHP02485,Delhi,Delhi,2023-11-21,2023-11-26,43.58,1524.0,Delivered,1404.29
SHP02486,Bangalore,Bangalore,2023-10-30,2023-11-09,28.13,910.9,Delayed,886.89
SHP02487,Ahmedabad,Delhi,2023-06-19,2023-06-22,16.58,1588.8,Delivered,1333.61
SHP02488,Mumbai,Mumbai,2023-03-25,2023-04-09,15.02,1540.4,Failed,1276.14
SHP02489,Pune,Ahmedabad,2023-02-20,2023-02-21,2.15,1338.8,Delivered,1078.75
SHP02490,Bangalore,Bangalore,2023-02-17,2023-02-27,40.88,1711.0,Delayed,1554.46
SHP02491,Hyderabad,Delhi,2023-12-10,2023-12-15,22.79,1879.0,Delivered,1574.67
SHP02492,Mumbai,Mumbai,2023-01-26,2023-02-08,16.59,1164.2,Failed,994.7
SHP02493,Chennai,Ahmedabad,2023-11-15,2023-11-17,23.82,482.6,Delivered,547.68
SHP02494,Hyderabad,Chennai,2023-11-20,2023-11-26,41.03,803.3,Delivered,845.2
SHP02495,Delhi,Delhi,2023-07-25,2023-08-08,6.67,1519.0,Delayed,1204.54
SHP02496,Pune,Mumbai,2023-05-10,2023-05-15,42.95,1305.3,Delayed,1236.82
SHP02497,Delhi,Hyderabad,2023-10-15,2023-10-17,44.93,363.8,Delivered,556.58
SHP02498,Pune,Kolkata,2023-03-15,2023-03-17,47.36,112.0,Delivered,387.73
SHP02499,Pune,Hyderabad,2023-12-21,2023-12-25,20.18,1369.1,Delivered,1183.22
SHP02500,Delhi,Mumbai,2023-10-05,2023-10-07,11.25,509.6,Delivered,506.52
SHP02501,Hyderabad,Bangalore,2023-06-24,2023-06-29,19.0,1004.3,Delivered,881.92
SHP02502,Hyderabad,Pune,2023-11-10,2023-11-13,16.98,1496.0,Delivered,1239.33
SHP02503,Pune,Pune,2023-05-23,2023-05-29,9.22,1129.7,Delivered,947.54
SHP02504,Hyderabad,Pune,2023-11-15,2023-11-21,30.56,175.8,Delivered,353.29
SHP02505,Pune,Ahmedabad,2023-04-12,2023-04-19,24.09,379.3,Delivered,455.03
SHP02506,Ahmedabad,Bangalore,2023-07-18,2023-07-21,43.35,446.5,Delivered,583.69
SHP02507,Pune,Ahmedabad,2023-03-07,2023-03-14,2.09,523.1,Delayed,441.62
SHP02508,Ahmedabad,Delhi,2023-11-04,2023-11-11,32.37,1135.2,Delivered,1053.04
SHP02509,Mumbai,Pune,2023-09-16,2023-09-23,38.27,1012.9,Delivered,994.54
SHP02510,Kolkata,Hyderabad,2023-01-09,2023-01-13,38.09,414.3,Delivered,532.92
SHP02511,Mumbai,Bangalore,2023-11-08,2023-11-11,44.36,144.4,Delivered,396.3
SHP02512,Delhi,Bangalore,2023-10-25,2023-11-01,36.59,351.2,Delivered,496.97
SHP02513,Kolkata,Pune,2023-10-01,2023-10-07,46.43,1968.9,Delivered,1765.66
SHP02514,Bangalore,Hyderabad,2023-11-30,2023-12-02,16.97,942.4,Delivered,824.34
SHP02515,Delhi,Chennai,2023-06-05,2023-06-11,25.41,1736.0,Delivered,1461.21
SHP02516,Chennai,Bangalore,2023-06-14,2023-06-29,1.2,1699.0,Delayed,1333.71
SHP02517,Mumbai,Pune,2023-08-27,2023-09-02,0.84,1027.9,Delivered,840.62
SHP02518,Hyderabad,Kolkata,2023-11-28,2023-12-09,12.39,1416.3,Delayed,1175.31
SHP02519,Mumbai,Mumbai,2023-11-04,2023-11-05,5.49,393.6,Delivered,387.76
SHP02520,Hyderabad,Ahmedabad,2023-05-30,2023-06-03,13.38,1379.9,Delivered,1164.26
SHP02521,Kolkata,Delhi,2023-09-15,2023-09-20,9.26,552.0,Delivered,493.33
SHP02522,Chennai,Bangalore,2023-03-29,2023-04-05,1.91,1665.8,Delivered,1296.98
SHP02523,Kolkata,Kolkata,2023-05-05,2023-05-10,45.51,176.6,Delivered,416.31
SHP02524,Chennai,Kolkata,2023-06-15,2023-06-18,0.91,1548.5,Delivered,1213.67
SHP02525,Mumbai,Bangalore,2023-10-10,2023-10-11,36.94,208.9,Delivered,383.0
SHP02526,Hyderabad,Chennai,2023-04-15,2023-04-19,8.03,1763.6,Delivered,1409.6
SHP02527,Kolkata,Mumbai,2023-02-09,2023-02-14,45.66,615.4,Delivered,737.66
SHP02528,Chennai,Delhi,2023-09-22,2023-09-26,44.69,1312.2,Delivered,1274.02
SHP02529,Pune,Bangalore,2023-09-30,2023-10-02,32.87,980.1,Delivered,933.56
SHP02530,Delhi,Ahmedabad,2023-02-01,2023-02-06,33.78,738.9,Delivered,764.26
SHP02531,Delhi,Delhi,2023-03-25,2023-04-03,0.76,1294.4,Failed,1026.1
SHP02532,Kolkata,Hyderabad,2023-07-10,2023-07-17,49.25,1895.6,Delivered,1725.88
SHP02533,Hyderabad,Kolkata,2023-07-15,2023-07-22,43.95,92.1,Delivered,344.05
SHP02534,Pune,Kolkata,2023-11-06,2023-11-09,44.81,1838.5,Delivered,1670.59
SHP02535,Kolkata,Bangalore,2023-03-18,2023-03-25,33.13,1222.1,Delivered,1144.05
SHP02536,Mumbai,Bangalore,2023-02-08,2023-02-15,17.57,1616.6,Failed,1352.58
SHP02537,Chennai,Ahmedabad,2023-04-27,2023-04-29,44.74,773.9,Delivered,842.71
SHP02538,Ahmedabad,Hyderabad,2023-10-30,2023-11-06,14.93,949.0,Delivered,834.43
SHP02539,Mumbai,Chennai,2023-02-08,2023-02-13,28.35,1739.0,Delayed,1503.74
SHP02540,Delhi,Bangalore,2023-08-28,2023-08-31,5.44,835.5,Delivered,717.34
SHP02541,Chennai,Kolkata,2023-02-07,2023-02-08,46.14,1074.0,Delivered,1104.59
SHP02542,Kolkata,Delhi,2023-08-25,2023-09-01,7.47,50.2,Failed,129.22
SHP02543,Mumbai,Mumbai,2023-08-08,2023-08-13,11.63,325.6,Delivered,353.43
SHP02544,Bangalore,Pune,2023-07-16,2023-07-19,28.13,1287.0,Delivered,1136.61
SHP02545,Ahmedabad,Delhi,2023-01-26,2023-02-01,38.32,1436.8,Delivered,1302.08
SHP02546,Hyderabad,Chennai,2023-07-03,2023-07-16,31.16,1169.4,Delayed,1069.09
SHP02547,Pune,Mumbai,2023-11-01,2023-11-05,11.99,295.2,Delivered,313.54
SHP02548,Pune,Delhi,2023-05-11,2023-05-13,0.55,896.4,Delivered,721.08
SHP02549,Hyderabad,Delhi,2023-12-25,2023-12-31,37.98,716.6,Delivered,770.83
SHP02550,Bangalore,Hyderabad,2023-01-22,2023-02-03,49.27,996.4,Delayed,1049.14
SHP02551,Delhi,Pune,2023-07-07,2023-07-13,40.59,1742.0,Delivered,1560.88
SHP02552,Chennai,Ahmedabad,2023-10-06,2023-10-12,23.28,1554.0,Failed,1335.74
SHP02553,Hyderabad,Chennai,2023-12-21,2023-12-26,45.24,177.1,Delivered,407.9
SHP02554,Bangalore,Kolkata,2023-10-21,2023-10-26,20.79,1781.7,Delivered,1481.33
SHP02555,Kolkata,Hyderabad,2023-03-28,2023-04-03,26.48,948.8,Delivered,912.11
SHP02556,Ahmedabad,Mumbai,2023-07-18,2023-07-23,24.12,1490.3,Delayed,1271.78
SHP02557,Pune,Pune,2023-07-22,2023-07-27,22.66,288.7,Delivered,397.38
SHP02558,Ahmedabad,Kolkata,2023-06-09,2023-06-10,38.87,1344.7,Delivered,1245.32
SHP02559,Bangalore,Hyderabad,2023-06-13,2023-06-15,26.58,480.3,Delayed,543.63
SHP02560,Ahmedabad,Pune,2023-09-04,2023-09-09,16.18,882.4,Delivered,777.05
SHP02561,Delhi,Ahmedabad,2023-03-29,2023-04-05,13.28,43.6,Delivered,131.94
SHP02562,Delhi,Chennai,2023-12-01,2023-12-06,2.37,311.7,Delivered,292.81
SHP02563,Mumbai,Bangalore,2023-08-13,2023-08-14,29.37,193.2,Delivered,351.42
SHP02564,Hyderabad,Ahmedabad,2023-10-07,2023-10-18,11.88,487.1,Failed,465.5
SHP02565,Mumbai,Bangalore,2023-03-27,2023-03-29,7.83,209.0,Delayed,248.39
SHP02566,Ahmedabad,Mumbai,2023-07-12,2023-07-15,32.86,1386.9,Delivered,1245.62
SHP02567,Pune,Bangalore,2023-12-26,2023-12-29,34.22,67.8,Delivered,267.49
SHP02568,Bangalore,Hyderabad,2023-02-09,2023-02-10,37.73,1239.3,Delivered,1184.38
SHP02569,Chennai,Mumbai,2023-08-19,2023-08-25,25.43,290.0,Delivered,408.88
SHP02570,Ahmedabad,Kolkata,2023-01-28,2023-02-03,44.76,1890.9,Delivered,1692.62
SHP02571,Chennai,Ahmedabad,2023-08-02,2023-08-06,46.85,1866.9,Delivered,1673.95
SHP02572,Delhi,Ahmedabad,2023-05-14,2023-05-18,40.46,458.8,Delivered,584.13
SHP02573,Chennai,Chennai,2023-04-16,2023-04-22,31.96,1232.7,Delivered,1152.49
SHP02574,Chennai,Mumbai,2023-04-01,2023-04-05,15.53,65.7,Delivered,165.03
SHP02575,Pune,Kolkata,2023-02-04,2023-02-15,49.16,1864.3,Failed,1706.35
SHP02576,Chennai,Ahmedabad,2023-03-29,2023-03-30,14.07,1050.7,Delivered,903.13
SHP02577,Ahmedabad,Mumbai,2023-05-24,2023-05-28,10.53,96.0,Delivered,194.08
SHP02578,Bangalore,Delhi,2023-03-25,2023-03-31,22.39,691.6,Delivered,675.38
SHP02579,Chennai,Delhi,2023-02-27,2023-03-12,3.31,162.9,Failed,182.79
SHP02580,Kolkata,Mumbai,2023-10-22,2023-10-23,48.94,792.0,Delivered,894.2
SHP02581,Chennai,Ahmedabad,2023-04-04,2023-04-08,29.63,1343.2,Delivered,1224.01
SHP02582,Chennai,Pune,2023-01-27,2023-01-31,28.07,945.1,Delivered,918.22
SHP02583,Mumbai,Bangalore,2023-05-12,2023-05-13,32.96,773.6,Delivered,803.29
SHP02584,Bangalore,Delhi,2023-03-03,2023-03-10,25.1,247.1,Failed,371.01
SHP02585,Ahmedabad,Pune,2023-09-10,2023-09-16,2.09,497.4,Delivered,436.04
SHP02586,Delhi,Pune,2023-12-03,2023-12-05,30.81,209.3,Delivered,371.26
SHP02587,Mumbai,Chennai,2023-07-28,2023-08-04,35.95,1616.9,Delivered,1456.82
SHP02588,Ahmedabad,Kolkata,2023-12-22,2023-12-27,21.13,279.1,Delivered,364.42
SHP02589,Hyderabad,Hyderabad,2023-01-22,2023-01-28,37.99,1194.8,Delivered,1140.84
SHP02590,Bangalore,Delhi,2024-01-01,2024-01-02,11.74,692.1,Delivered,629.27
SHP02591,Kolkata,Mumbai,2023-11-10,2023-11-14,11.45,459.7,Delivered,454.52
SHP02592,Bangalore,Bangalore,2023-10-24,2023-10-29,8.49,1282.5,Delivered,1069.93
SHP02593,Hyderabad,Hyderabad,2023-10-01,2023-10-06,18.91,919.4,Delivered,828.32
SHP02594,Hyderabad,Kolkata,2023-10-18,2023-10-20,42.43,806.3,Delivered,855.2
SHP02595,Hyderabad,Pune,2023-10-20,2023-10-25,41.48,1189.8,Delivered,1148.0
SHP02596,Pune,Kolkata,2023-02-26,2023-03-02,19.45,987.6,Delivered,876.27
SHP02597,Delhi,Ahmedabad,2023-09-15,2023-09-19,29.66,613.9,Delivered,658.66
SHP02598,Chennai,Delhi,2023-10-19,2023-10-23,36.18,1122.5,Delivered,1088.92
SHP02599,Bangalore,Kolkata,2023-07-05,2023-07-12,12.44,1342.3,Delayed,1123.62
SHP02600,Ahmedabad,Kolkata,2023-04-21,2023-04-27,8.82,63.1,Delivered,155.64
SHP02601,Pune,Bangalore,2023-01-24,2023-02-03,48.62,937.1,Delayed,982.57
SHP02602,Ahmedabad,Ahmedabad,2023-10-14,2023-10-16,31.07,124.8,Delivered,314.98
SHP02603,Chennai,Ahmedabad,2023-11-21,2023-11-23,49.08,380.9,Delivered,585.15
SHP02604,Chennai,Pune,2023-08-09,2023-08-12,17.22,1125.4,Delivered,961.42
SHP02605,Kolkata,Bangalore,2023-07-23,2023-07-25,35.3,1733.7,Delivered,1532.1
SHP02606,Hyderabad,Bangalore,2023-07-17,2023-07-21,11.52,1766.8,Delivered,1450.76
SHP02607,Delhi,Mumbai,2023-01-19,2023-01-23,13.43,149.2,Delayed,212.22
SHP02608,Kolkata,Kolkata,2023-10-10,2023-10-14,25.84,844.0,Failed,815.5
SHP02609,Mumbai,Kolkata,2023-06-29,2023-07-05,16.32,1170.2,Delivered,1025.87
SHP02610,Pune,Ahmedabad,2023-06-05,2023-06-07,8.8,302.7,Delivered,301.41
SHP02611,Pune,Kolkata,2023-12-31,2024-01-04,13.51,1533.2,Delayed,1272.69
SHP02612,Delhi,Chennai,2023-03-07,2023-03-11,2.27,1491.0,Failed,1178.6
SHP02613,Chennai,Bangalore,2023-07-17,2023-07-21,35.37,1807.6,Delivered,1576.43
SHP02614,Ahmedabad,Hyderabad,2023-07-26,2023-07-27,24.86,26.9,Delivered,199.58
SHP02615,Pune,Ahmedabad,2023-08-12,2023-08-15,5.17,441.2,Delivered,388.86
SHP02616,Delhi,Delhi,2023-10-29,2023-11-01,9.0,1656.1,Delivered,1347.2
SHP02617,Pune,Ahmedabad,2023-10-07,2023-10-13,5.58,1344.5,Delivered,1066.45
SHP02618,Pune,Pune,2023-10-06,2023-10-09,30.82,1789.8,Delivered,1538.73
SHP02619,Hyderabad,Hyderabad,2023-09-20,2023-09-21,5.16,123.8,Delivered,168.81
SHP02620,Mumbai,Pune,2023-06-01,2023-06-03,37.84,1198.0,Delivered,1132.78
SHP02621,Hyderabad,Mumbai,2023-05-26,2023-05-30,1.52,1142.4,Delivered,906.7
SHP02622,Mumbai,Mumbai,2023-07-27,2023-08-01,12.84,81.0,Delayed,188.18
SHP02623,Pune,Pune,2023-11-28,2023-12-01,44.59,1031.9,Delayed,1064.27
SHP02624,Kolkata,Kolkata,2023-12-27,2024-01-02,36.07,1222.9,Delivered,1162.47
SHP02625,Ahmedabad,Hyderabad,2023-10-04,2023-10-11,4.11,390.7,Delivered,364.47
SHP02626,Chennai,Kolkata,2023-01-05,2023-01-08,41.15,553.9,Delivered,686.54
SHP02627,Pune,Ahmedabad,2023-10-21,2023-10-24,24.91,1284.3,Delivered,1154.61
SHP02628,Mumbai,Chennai,2023-10-24,2023-10-28,42.42,941.9,Delivered,964.89
SHP02629,Mumbai,Mumbai,2023-03-29,2023-03-31,30.24,1717.4,Delivered,1480.59
SHP02630,Mumbai,Mumbai,2023-04-25,2023-05-01,34.25,691.3,Delivered,723.66
SHP02631,Pune,Hyderabad,2023-11-03,2023-11-05,49.68,540.7,Delivered,703.09
SHP02632,Delhi,Mumbai,2023-12-16,2023-12-22,12.0,1969.9,Delivered,1605.28
SHP02633,Kolkata,Chennai,2023-02-12,2023-02-27,31.39,1823.2,Failed,1576.79
SHP02634,Delhi,Chennai,2023-01-18,2023-01-19,23.29,67.7,Delivered,223.93
SHP02635,Chennai,Chennai,2023-10-04,2023-10-11,2.45,1543.7,Delivered,1204.54
SHP02636,Pune,Delhi,2023-05-12,2023-05-17,1.22,229.6,Delivered,214.04
SHP02637,Mumbai,Chennai,2023-09-25,2023-09-26,6.4,64.7,Delivered,129.1
SHP02638,Kolkata,Chennai,2023-08-27,2023-08-28,32.63,554.7,Delivered,647.23
SHP02639,Kolkata,Delhi,2023-05-27,2023-06-02,28.57,546.0,Failed,596.78
SHP02640,Bangalore,Kolkata,2023-04-18,2023-04-22,27.89,1640.4,Delivered,1434.85
SHP02641,Chennai,Ahmedabad,2023-10-04,2023-10-18,2.08,1424.2,Failed,1113.36
SHP02642,Ahmedabad,Bangalore,2023-02-04,2023-02-05,23.73,1963.4,Delivered,1645.88
SHP02643,Ahmedabad,Mumbai,2023-03-01,2023-03-04,46.27,1425.9,Delivered,1354.8
SHP02644,Kolkata,Chennai,2023-11-24,2023-11-25,20.18,842.3,Delivered,797.02
SHP02645,Pune,Mumbai,2023-08-12,2023-08-19,31.43,1400.9,Delivered,1237.96
SHP02646,Mumbai,Hyderabad,2023-04-14,2023-04-19,39.1,1998.9,Delivered,1732.27
SHP02647,Mumbai,Mumbai,2023-06-06,2023-06-18,39.3,1423.2,Delayed,1302.69
SHP02648,Kolkata,Pune,2023-09-02,2023-09-08,26.2,1525.7,Delivered,1343.27
SHP02649,Delhi,Kolkata,2023-01-31,2023-02-01,42.97,1877.3,Delivered,1658.97
SHP02650,Chennai,Ahmedabad,2023-09-10,2023-09-17,19.87,236.2,Delayed,307.98
SHP02651,Mumbai,Delhi,2023-01-22,2023-01-27,44.49,1412.5,Delivered,1333.2
SHP02652,Kolkata,Mumbai,2023-12-18,2023-12-24,12.39,1703.1,Delivered,1390.42
SHP02653,Mumbai,Mumbai,2023-04-08,2023-04-15,14.37,1909.2,Delivered,1567.51
SHP02654,Ahmedabad,Mumbai,2023-07-28,2023-08-04,3.13,429.8,Delivered,405.95
SHP02655,Kolkata,Bangalore,2023-02-17,2023-02-19,39.88,1012.8,Delivered,1010.54
SHP02656,Chennai,Bangalore,2023-03-06,2023-03-13,21.14,1364.3,Delivered,1196.12
SHP02657,Kolkata,Hyderabad,2023-02-14,2023-02-18,11.84,502.5,Delivered,495.08
SHP02658,Bangalore,Delhi,2023-06-25,2023-07-01,11.97,1204.9,Delivered,1004.11
SHP02659,Kolkata,Mumbai,2023-10-29,2023-11-01,45.12,522.6,Delivered,684.69
SHP02660,Kolkata,Mumbai,2023-06-12,2023-06-19,41.78,673.6,Delivered,770.8
SHP02661,Pune,Mumbai,2023-12-19,2023-12-20,27.9,888.6,Delivered,852.51
SHP02662,Ahmedabad,Mumbai,2023-01-27,2023-02-07,31.0,1063.1,Delayed,1009.53
SHP02663,Chennai,Bangalore,2023-08-04,2023-08-09,23.98,904.2,Delivered,844.1
SHP02664,Pune,Kolkata,2023-06-15,2023-06-26,19.89,991.5,Failed,877.64
SHP02665,Kolkata,Kolkata,2023-03-12,2023-03-16,45.82,604.2,Delivered,741.01
SHP02666,Chennai,Hyderabad,2023-10-17,2023-10-20,6.72,326.3,Delivered,341.29
SHP02667,Bangalore,Pune,2023-08-23,2023-08-30,21.21,104.2,Delivered,243.35
SHP02668,Chennai,Chennai,2023-04-26,2023-04-30,17.56,400.0,Failed,426.96
SHP02669,Mumbai,Delhi,2023-11-11,2023-11-15,25.16,1168.1,Delivered,1070.14
SHP02670,Pune,Kolkata,2023-04-28,2023-05-10,23.15,1574.4,Failed,1327.56
SHP02671,Chennai,Pune,2023-04-17,2023-04-29,26.19,346.8,Delayed,434.36
SHP02672,Ahmedabad,Ahmedabad,2023-01-12,2023-01-16,7.43,226.0,Delivered,247.05
SHP02673,Bangalore,Ahmedabad,2023-04-27,2023-04-30,25.9,1501.1,Delivered,1287.25
SHP02674,Hyderabad,Mumbai,2023-11-15,2023-11-16,12.5,617.3,Delivered,571.7
SHP02675,Kolkata,Ahmedabad,2023-12-02,2023-12-09,9.62,1903.5,Delivered,1530.65
SHP02676,Chennai,Kolkata,2023-02-16,2023-02-17,3.71,1431.5,Delivered,1157.48
SHP02677,Kolkata,Hyderabad,2023-03-02,2023-03-11,38.25,660.2,Delayed,755.99
SHP02678,Delhi,Chennai,2023-10-16,2023-10-17,21.66,586.2,Delivered,610.27
SHP02679,Mumbai,Kolkata,2023-11-03,2023-11-06,31.52,1052.2,Delivered,995.5
SHP02680,Pune,Hyderabad,2023-09-02,2023-09-08,36.52,167.5,Delivered,367.17
SHP02681,Mumbai,Ahmedabad,2023-03-27,2023-04-04,34.13,244.2,Delayed,417.54
SHP02682,Delhi,Bangalore,2023-07-28,2023-08-01,23.79,360.0,Delivered,437.56
SHP02683,Delhi,Chennai,2023-11-07,2023-11-10,19.7,1551.7,Delayed,1323.68
SHP02684,Pune,Hyderabad,2023-10-05,2023-10-10,19.11,1032.6,Delayed,919.31
SHP02685,Chennai,Pune,2023-01-05,2023-01-06,32.18,31.0,Delivered,229.61
SHP02686,Delhi,Kolkata,2023-01-03,2023-01-08,24.99,1350.3,Delivered,1188.72
SHP02687,Hyderabad,Bangalore,2023-05-06,2023-05-08,42.53,853.1,Delivered,909.51
SHP02688,Kolkata,Pune,2023-02-13,2023-02-20,43.8,1026.6,Delivered,1048.03
SHP02689,Kolkata,Hyderabad,2023-10-09,2023-10-15,8.94,436.1,Delivered,416.04
SHP02690,Bangalore,Hyderabad,2023-11-29,2023-11-30,7.24,1108.0,Delivered,920.05
SHP02691,Ahmedabad,Ahmedabad,2023-09-24,2023-09-27,31.7,1958.5,Delivered,1693.77
SHP02692,Delhi,Pune,2023-01-30,2023-02-01,15.41,156.2,Delivered,263.25
SHP02693,Delhi,Kolkata,2023-09-18,2023-09-20,1.42,575.0,Delivered,477.44
SHP02694,Hyderabad,Chennai,2023-09-21,2023-09-23,44.49,493.6,Delivered,630.36
SHP02695,Mumbai,Bangalore,2023-10-23,2023-10-27,11.73,504.6,Delivered,494.17
SHP02696,Mumbai,Ahmedabad,2023-02-16,2023-02-20,46.5,763.6,Failed,851.79
SHP02697,Kolkata,Mumbai,2023-06-06,2023-06-11,36.01,1638.0,Delivered,1439.52
SHP02698,Kolkata,Delhi,2023-08-15,2023-08-16,38.25,1826.6,Delivered,1605.07
SHP02699,Chennai,Chennai,2023-07-01,2023-07-04,10.47,412.4,Failed,423.92
SHP02700,Pune,Ahmedabad,2023-07-11,2023-07-16,12.09,1090.5,Delayed,940.22
SHP02701,Ahmedabad,Bangalore,2023-11-30,2023-12-02,26.3,1277.4,Delivered,1139.34
SHP02702,Hyderabad,Pune,2023-01-22,2023-01-25,9.02,1048.4,Delivered,880.3
SHP02703,Pune,Hyderabad,2023-07-30,2023-07-31,15.62,873.8,Delivered,786.63
SHP02704,Pune,Pune,2023-12-21,2023-12-28,16.41,392.0,Delivered,414.83
SHP02705,Bangalore,Ahmedabad,2023-09-08,2023-09-22,8.4,981.6,Delayed,829.24
SHP02706,Pune,Bangalore,2023-04-15,2023-04-17,10.66,808.4,Delivered,690.04
SHP02707,Bangalore,Pune,2023-04-23,2023-04-29,39.53,1593.2,Failed,1441.57
SHP02708,Pune,Pune,2023-07-15,2023-07-21,8.78,1529.6,Delivered,1234.54
SHP02709,Hyderabad,Delhi,2023-09-27,2023-10-02,1.91,276.7,Delivered,274.07
SHP02710,Bangalore,Kolkata,2023-08-12,2023-08-18,31.65,186.2,Delivered,353.43
SHP02711,Mumbai,Ahmedabad,2023-01-08,2023-01-14,48.81,1817.2,Delivered,1652.18
SHP02712,Bangalore,Delhi,2023-07-23,2023-07-26,16.9,1075.7,Delivered,921.57
SHP02713,Bangalore,Ahmedabad,2023-04-08,2023-04-13,6.37,1717.0,Delivered,1359.69
SHP02714,Hyderabad,Mumbai,2023-02-24,2023-02-26,28.73,125.7,Delivered,293.26
SHP02715,Hyderabad,Mumbai,2023-05-16,2023-05-25,45.36,1057.8,Failed,1053.04
SHP02716,Bangalore,Delhi,2023-07-13,2023-07-14,39.31,1083.5,Delivered,1043.48
SHP02717,Ahmedabad,Chennai,2023-04-01,2023-04-16,31.31,1722.8,Failed,1504.53
SHP02718,Delhi,Chennai,2023-03-11,2023-03-17,16.1,204.2,Delivered,293.88
SHP02719,Ahmedabad,Pune,2023-01-03,2023-01-12,27.32,488.5,Failed,545.84
SHP02720,Hyderabad,Pune,2023-06-24,2023-07-05,5.02,819.0,Delayed,688.94
SHP02721,Ahmedabad,Hyderabad,2023-11-24,2023-12-01,34.11,1733.0,Delivered,1538.13
SHP02722,Ahmedabad,Mumbai,2023-03-24,2023-04-03,36.39,1878.4,Delayed,1658.57
SHP02723,Chennai,Ahmedabad,2023-01-01,2023-01-03,48.27,1985.5,Delivered,1772.78
SHP02724,Chennai,Hyderabad,2023-04-09,2023-04-14,13.39,1918.8,Failed,1568.45
SHP02725,Mumbai,Mumbai,2023-11-04,2023-11-09,1.41,21.8,Delivered,77.16
SHP02726,Pune,Delhi,2023-08-26,2023-09-02,27.51,104.9,Delivered,285.24
SHP02727,Bangalore,Chennai,2023-12-02,2023-12-08,35.49,303.7,Delivered,454.33
SHP02728,Delhi,Pune,2023-08-24,2023-08-30,39.63,704.2,Delivered,787.29
SHP02729,Mumbai,Chennai,2023-05-24,2023-05-31,10.09,1661.5,Delivered,1357.3
SHP02730,Bangalore,Delhi,2023-11-21,2023-11-27,13.46,1786.4,Delayed,1457.0
SHP02731,Ahmedabad,Hyderabad,2023-07-28,2023-08-04,25.87,381.8,Delivered,477.53
SHP02732,Hyderabad,Hyderabad,2023-05-10,2023-05-12,16.86,1243.1,Delivered,1057.07
SHP02733,Chennai,Bangalore,2023-09-19,2023-09-26,43.1,1835.6,Failed,1627.09
SHP02734,Kolkata,Pune,2023-07-05,2023-07-08,23.95,932.8,Failed,866.36
SHP02735,Delhi,Pune,2023-02-28,2023-03-01,40.08,216.1,Delivered,430.22
SHP02736,Ahmedabad,Ahmedabad,2023-02-20,2023-02-21,29.24,921.0,Delivered,886.98
SHP02737,Kolkata,Pune,2023-07-08,2023-07-12,38.77,757.8,Delivered,817.61
SHP02738,Chennai,Mumbai,2023-09-22,2023-09-25,16.97,1159.5,Delayed,1009.44
SHP02739,Ahmedabad,Hyderabad,2023-02-26,2023-03-08,41.66,882.9,Failed,905.78
SHP02740,Pune,Delhi,2023-04-27,2023-04-30,14.09,44.5,Delivered,149.44
SHP02741,Pune,Hyderabad,2023-12-26,2023-12-31,27.53,1988.1,Delivered,1687.0
SHP02742,Kolkata,Chennai,2023-11-27,2023-11-29,11.09,1091.6,Failed,943.03
SHP02743,Hyderabad,Mumbai,2023-08-08,2023-08-22,24.04,952.5,Delayed,871.3
SHP02744,Ahmedabad,Pune,2023-02-20,2023-03-05,16.25,1909.7,Failed,1559.94
SHP02745,Bangalore,Ahmedabad,2023-07-23,2023-07-25,13.7,320.2,Delivered,342.45
SHP02746,Ahmedabad,Ahmedabad,2023-06-13,2023-06-20,48.37,386.6,Delivered,571.5
SHP02747,Hyderabad,Ahmedabad,2023-09-12,2023-09-17,8.42,1617.9,Delivered,1300.6
SHP02748,Ahmedabad,Kolkata,2023-06-10,2023-06-11,39.47,529.1,Delivered,645.8
SHP02749,Kolkata,Bangalore,2023-02-12,2023-02-20,49.22,1600.5,Failed,1485.7
SHP02750,Hyderabad,Mumbai,2023-06-30,2023-07-01,1.49,550.4,Delivered,459.35
SHP02751,Chennai,Chennai,2023-07-13,2023-07-15,35.1,76.0,Failed,293.61
SHP02752,Delhi,Pune,2023-03-30,2023-03-31,13.02,1038.9,Delivered,912.78
SHP02753,Hyderabad,Chennai,2023-06-11,2023-06-21,2.5,401.4,Failed,356.49
SHP02754,Ahmedabad,Chennai,2023-06-26,2023-06-27,20.44,1518.1,Delivered,1298.29
SHP02755,Chennai,Pune,2023-01-09,2023-01-10,46.79,1286.0,Delivered,1238.77
SHP02756,Delhi,Chennai,2023-08-06,2023-08-09,1.08,1848.0,Delivered,1458.52
SHP02757,Pune,Ahmedabad,2023-08-12,2023-08-15,29.6,1568.1,Delivered,1380.99
SHP02758,Bangalore,Delhi,2023-02-27,2023-03-08,25.32,369.7,Delayed,465.98
SHP02759,Kolkata,Bangalore,2023-06-03,2023-06-08,43.73,1602.3,Delivered,1452.35
SHP02760,Ahmedabad,Kolkata,2023-02-08,2023-02-09,4.66,1287.1,Delivered,1042.57
SHP02761,Ahmedabad,Chennai,2023-12-30,2024-01-04,34.24,1341.2,Failed,1228.2
SHP02762,Pune,Chennai,2023-10-27,2023-11-08,34.17,1666.2,Delayed,1462.22
SHP02763,Bangalore,Hyderabad,2023-10-08,2023-10-15,33.62,1151.9,Delivered,1072.52
SHP02764,Pune,Bangalore,2023-02-03,2023-02-15,47.15,937.3,Delayed,991.93
SHP02765,Mumbai,Mumbai,2023-07-10,2023-07-11,41.24,1276.9,Delivered,1222.13
SHP02766,Pune,Bangalore,2023-09-24,2023-09-30,2.58,602.9,Delivered,496.4
SHP02767,Chennai,Bangalore,2023-11-23,2023-11-25,23.82,373.4,Delivered,451.85
SHP02768,Delhi,Pune,2023-11-10,2023-11-11,20.2,1237.0,Delivered,1065.57
SHP02769,Ahmedabad,Pune,2023-08-22,2023-08-26,15.85,475.4,Delivered,471.41
SHP02770,Pune,Pune,2023-10-03,2023-10-07,22.84,169.0,Delivered,295.87
SHP02771,Ahmedabad,Kolkata,2023-03-05,2023-03-09,19.52,11.1,Delivered,148.36
SHP02772,Hyderabad,Ahmedabad,2023-03-17,2023-03-21,21.9,1220.6,Failed,1072.59
SHP02773,Bangalore,Bangalore,2023-08-25,2023-08-28,48.97,730.7,Delivered,837.27
SHP02774,Pune,Kolkata,2023-09-10,2023-09-24,4.89,1507.1,Delayed,1210.71
SHP02775,Delhi,Chennai,2023-12-21,2023-12-25,46.15,756.6,Failed,847.0
SHP02776,Chennai,Pune,2023-11-03,2023-11-10,24.27,977.1,Delivered,922.71
SHP02777,Mumbai,Chennai,2023-08-25,2023-08-29,31.38,820.1,Delivered,816.07
SHP02778,Ahmedabad,Pune,2023-05-11,2023-05-12,41.59,1304.6,Delivered,1246.01
SHP02779,Bangalore,Delhi,2023-02-17,2023-02-23,18.34,718.7,Failed,671.02
SHP02780,Kolkata,Kolkata,2023-03-29,2023-03-30,21.81,1927.9,Delivered,1605.33
SHP02781,Delhi,Kolkata,2023-07-08,2023-07-12,20.77,1872.9,Delivered,1560.63
SHP02782,Kolkata,Ahmedabad,2023-06-23,2023-07-06,19.05,1697.6,Delayed,1411.61
SHP02783,Delhi,Mumbai,2023-08-06,2023-08-12,46.31,1841.4,Delivered,1661.47
SHP02784,Delhi,Hyderabad,2023-03-20,2023-03-25,41.53,903.8,Delivered,926.67
SHP02785,Chennai,Bangalore,2023-05-13,2023-05-20,5.9,1077.5,Delivered,867.87
SHP02786,Chennai,Mumbai,2023-04-07,2023-04-18,5.85,1486.8,Delayed,1182.98
SHP02787,Chennai,Kolkata,2023-08-22,2023-08-29,21.68,1395.3,Delayed,1212.88
SHP02788,Pune,Mumbai,2023-09-12,2023-09-18,5.38,1782.5,Delivered,1424.61
SHP02789,Hyderabad,Delhi,2023-08-12,2023-08-15,31.15,1435.5,Delivered,1273.58
SHP02790,Delhi,Hyderabad,2023-11-14,2023-11-21,7.61,1995.8,Failed,1581.22
SHP02791,Bangalore,Ahmedabad,2023-11-28,2023-12-02,26.36,703.5,Failed,690.92
SHP02792,Kolkata,Kolkata,2023-05-28,2023-06-02,0.86,1667.7,Failed,1294.56
SHP02793,Chennai,Kolkata,2023-05-08,2023-05-12,16.17,1398.3,Delivered,1190.74
SHP02794,Pune,Bangalore,2023-11-12,2023-11-26,34.02,1385.9,Delayed,1263.76
SHP02795,Chennai,Ahmedabad,2023-07-10,2023-07-11,24.46,658.4,Delivered,654.33
SHP02796,Kolkata,Ahmedabad,2023-01-08,2023-01-10,48.92,1573.3,Delivered,1464.87
SHP02797,Kolkata,Pune,2023-09-18,2023-09-24,43.77,1801.7,Delivered,1632.8
SHP02798,Ahmedabad,Hyderabad,2023-08-25,2023-08-29,18.27,444.9,Delivered,463.39
SHP02799,Delhi,Delhi,2023-02-09,2023-02-19,2.75,1254.7,Delayed,998.14
SHP02800,Chennai,Chennai,2023-07-15,2023-07-18,42.36,790.3,Delivered,861.1
SHP02801,Kolkata,Mumbai,2023-09-30,2023-10-13,45.61,1979.2,Failed,1764.89
SHP02802,Hyderabad,Ahmedabad,2023-12-31,2024-01-05,41.12,962.9,Delivered,976.21
SHP02803,Hyderabad,Bangalore,2023-12-20,2023-12-25,6.83,464.4,Delivered,448.44
SHP02804,Chennai,Kolkata,2023-07-04,2023-07-05,49.9,769.9,Delivered,865.71
SHP02805,Pune,Chennai,2023-10-24,2023-10-30,13.3,1311.1,Delivered,1109.48
SHP02806,Kolkata,Delhi,2023-02-05,2023-02-07,36.35,161.4,Delivered,339.16
SHP02807,Ahmedabad,Hyderabad,2023-12-09,2023-12-16,45.45,1211.2,Delivered,1190.28
SHP02808,Delhi,Ahmedabad,2023-11-08,2023-11-12,12.17,1863.1,Delivered,1523.0
SHP02809,Delhi,Mumbai,2023-01-29,2023-01-30,45.46,1702.2,Delivered,1552.27
SHP02810,Pune,Ahmedabad,2023-07-12,2023-07-16,15.82,144.7,Failed,246.6
SHP02811,Ahmedabad,Bangalore,2023-09-04,2023-09-07,48.83,1986.8,Delivered,1797.07
SHP02812,Delhi,Ahmedabad,2023-11-18,2023-11-21,14.42,1400.5,Delivered,1157.92
SHP02813,Ahmedabad,Ahmedabad,2023-09-27,2023-09-30,47.7,332.9,Delivered,546.41
SHP02814,Mumbai,Ahmedabad,2023-01-23,2023-02-07,3.15,34.7,Delayed,108.57
SHP02815,Chennai,Kolkata,2023-09-13,2023-09-20,35.61,350.9,Delivered,494.28
SHP02816,Delhi,Kolkata,2023-03-14,2023-03-21,26.84,1678.0,Delivered,1430.14
SHP02817,Hyderabad,Chennai,2023-12-10,2023-12-14,24.15,53.1,Failed,195.65
SHP02818,Kolkata,Chennai,2023-07-04,2023-07-09,11.56,474.0,Delivered,453.69
SHP02819,Ahmedabad,Mumbai,2023-02-01,2023-02-02,35.43,1517.0,Delivered,1349.04
SHP02820,Ahmedabad,Hyderabad,2023-04-20,2023-05-05,9.95,1176.4,Delayed,982.59
SHP02821,Bangalore,Delhi,2023-10-25,2023-10-29,27.87,1567.6,Delivered,1347.84
SHP02822,Pune,Pune,2023-03-20,2023-03-25,13.04,1494.8,Delivered,1225.24
SHP02823,Bangalore,Hyderabad,2023-03-22,2023-03-26,47.8,110.7,Delivered,369.62
SHP02824,Delhi,Hyderabad,2023-05-17,2023-05-19,1.92,1786.1,Delayed,1398.13
SHP02825,Bangalore,Hyderabad,2023-08-14,2023-08-21,10.39,461.8,Delivered,450.92
SHP02826,Bangalore,Pune,2023-04-30,2023-05-04,12.49,1111.3,Delivered,954.15
SHP02827,Mumbai,Mumbai,2023-08-28,2023-09-02,21.0,1292.1,Delivered,1105.96
SHP02828,Ahmedabad,Pune,2023-04-24,2023-05-06,12.02,345.6,Failed,352.52
SHP02829,Hyderabad,Mumbai,2023-12-18,2023-12-20,24.82,1952.7,Delivered,1621.06
SHP02830,Pune,Pune,2023-03-31,2023-04-06,43.69,981.4,Delivered,1001.43
SHP02831,Hyderabad,Delhi,2023-08-24,2023-08-26,35.75,124.7,Delivered,303.95
SHP02832,Mumbai,Ahmedabad,2023-10-08,2023-10-09,29.21,1875.2,Delivered,1612.29
SHP02833,Mumbai,Hyderabad,2023-08-09,2023-08-19,4.91,1176.7,Failed,946.0
SHP02834,Bangalore,Ahmedabad,2023-02-14,2023-02-17,34.85,1401.4,Delivered,1292.87
SHP02835,Chennai,Mumbai,2023-05-02,2023-05-05,8.74,1055.1,Failed,884.48
SHP02836,Ahmedabad,Pune,2023-05-31,2023-06-01,39.43,1671.1,Delivered,1498.33
SHP02837,Kolkata,Delhi,2023-01-31,2023-02-11,12.88,75.9,Failed,182.55
SHP02838,Ahmedabad,Pune,2023-12-23,2023-12-25,21.14,544.1,Delivered,572.3
SHP02839,Kolkata,Ahmedabad,2023-03-18,2023-03-23,17.85,944.6,Delivered,851.99
SHP02840,Bangalore,Kolkata,2023-01-22,2023-01-28,43.01,162.4,Delayed,404.26
SHP02841,Kolkata,Delhi,2023-01-29,2023-02-12,6.76,1414.8,Delayed,1141.79
SHP02842,Mumbai,Hyderabad,2023-02-28,2023-03-04,28.5,793.4,Delivered,799.89
SHP02843,Hyderabad,Bangalore,2023-12-27,2023-12-29,7.53,552.6,Delivered,497.3
SHP02844,Kolkata,Hyderabad,2023-02-24,2023-02-28,35.39,16.7,Delivered,253.01
SHP02845,Ahmedabad,Bangalore,2023-01-01,2023-01-08,45.3,1442.5,Delayed,1348.75
SHP02846,Pune,Delhi,2023-12-27,2024-01-01,22.01,1669.3,Delivered,1403.6
SHP02847,Bangalore,Kolkata,2023-10-12,2023-10-16,24.66,796.1,Delivered,777.49
SHP02848,Chennai,Ahmedabad,2023-03-23,2023-03-26,46.41,1132.8,Delivered,1120.16
SHP02849,Bangalore,Kolkata,2023-02-18,2023-03-03,26.29,463.1,Delayed,517.94
SHP02850,Delhi,Mumbai,2023-11-20,2023-11-21,24.64,1248.2,Delivered,1101.56
SHP02851,Bangalore,Kolkata,2023-05-07,2023-05-08,29.13,34.2,Delivered,228.46
SHP02852,Mumbai,Chennai,2023-11-12,2023-11-19,34.62,982.4,Delivered,975.48
SHP02853,Hyderabad,Delhi,2023-09-05,2023-09-12,5.79,1292.0,Delivered,1054.93
SHP02854,Hyderabad,Ahmedabad,2023-02-05,2023-02-09,41.14,1837.2,Delivered,1646.71
SHP02855,Pune,Ahmedabad,2023-01-08,2023-01-22,22.06,768.9,Delayed,738.72
SHP02856,Kolkata,Mumbai,2023-04-03,2023-04-07,4.08,1532.7,Delayed,1202.68
SHP02857,Mumbai,Ahmedabad,2023-05-08,2023-05-12,39.42,1199.4,Delivered,1130.67
SHP02858,Delhi,Kolkata,2023-08-22,2023-08-25,19.16,1854.8,Failed,1539.08
SHP02859,Mumbai,Delhi,2023-01-29,2023-02-03,5.47,802.8,Delivered,672.56
SHP02860,Bangalore,Hyderabad,2023-10-20,2023-10-26,31.87,645.0,Delivered,681.92
SHP02861,Mumbai,Kolkata,2023-04-08,2023-04-19,44.07,1775.4,Delayed,1600.55
SHP02862,Mumbai,Pune,2023-09-17,2023-09-19,44.44,108.0,Delivered,359.86
SHP02863,Pune,Bangalore,2023-10-19,2023-10-22,47.9,281.4,Delivered,495.95
SHP02864,Delhi,Delhi,2023-04-06,2023-04-12,43.45,174.0,Delayed,409.85
SHP02865,Bangalore,Ahmedabad,2023-10-27,2023-10-28,0.61,1687.8,Delivered,1328.44
SHP02866,Chennai,Mumbai,2023-11-07,2023-11-19,19.32,31.1,Failed,179.32
SHP02867,Pune,Hyderabad,2023-06-27,2023-07-08,41.02,1724.7,Delayed,1568.03
SHP02868,Chennai,Chennai,2023-02-08,2023-02-11,18.63,908.0,Delivered,815.96
SHP02869,Pune,Hyderabad,2023-12-25,2023-12-30,30.28,18.0,Delivered,220.69
SHP02870,Hyderabad,Kolkata,2023-10-24,2023-10-29,30.51,809.3,Delivered,823.74
SHP02871,Ahmedabad,Bangalore,2023-03-02,2023-03-07,18.57,381.7,Delivered,432.31
SHP02872,Pune,Hyderabad,2023-12-17,2023-12-21,45.27,1252.6,Delivered,1227.38
SHP02873,Kolkata,Chennai,2023-05-12,2023-05-20,25.41,1361.9,Failed,1195.05
SHP02874,Mumbai,Pune,2023-07-25,2023-07-28,23.51,980.2,Delivered,906.32
SHP02875,Hyderabad,Mumbai,2023-03-31,2023-04-07,49.88,90.6,Delivered,349.58
SHP02876,Delhi,Delhi,2023-10-22,2023-10-23,24.93,1315.7,Delivered,1180.86
SHP02877,Chennai,Bangalore,2023-06-06,2023-06-12,9.33,1685.7,Delivered,1372.93
SHP02878,Ahmedabad,Chennai,2023-07-10,2023-07-24,25.9,1443.4,Delayed,1276.8
SHP02879,Ahmedabad,Ahmedabad,2023-04-17,2023-04-21,40.79,1661.6,Delivered,1507.92
SHP02880,Pune,Kolkata,2023-11-01,2023-11-13,38.95,409.0,Failed,538.94
SHP02881,Mumbai,Kolkata,2023-03-30,2023-04-05,39.53,1778.9,Delivered,1563.07
SHP02882,Delhi,Kolkata,2023-07-08,2023-07-13,35.55,651.2,Delivered,730.74
SHP02883,Kolkata,Ahmedabad,2023-03-09,2023-03-15,13.08,36.7,Delivered,138.78
SHP02884,Delhi,Ahmedabad,2023-09-30,2023-10-03,43.17,1688.3,Delivered,1522.63
SHP02885,Mumbai,Bangalore,2023-10-05,2023-10-07,44.73,1884.2,Delivered,1689.27
SHP02886,Kolkata,Hyderabad,2023-11-03,2023-11-04,10.11,1314.6,Delivered,1083.34
SHP02887,Delhi,Bangalore,2023-02-15,2023-02-27,6.96,470.6,Delayed,443.82
SHP02888,Kolkata,Kolkata,2023-05-22,2023-05-27,48.79,511.0,Delivered,676.55
SHP02889,Pune,Pune,2023-10-04,2023-10-11,43.48,938.5,Delayed,979.16
SHP02890,Pune,Chennai,2023-02-17,2023-02-22,44.72,1796.7,Delivered,1635.26
SHP02891,Mumbai,Delhi,2023-07-29,2023-08-05,44.38,307.7,Delivered,490.5
SHP02892,Mumbai,Delhi,2024-01-01,2024-01-02,27.31,1653.7,Delivered,1420.0
SHP02893,Kolkata,Bangalore,2023-12-29,2024-01-03,32.5,589.7,Delivered,652.25
SHP02894,Bangalore,Kolkata,2023-12-06,2023-12-21,27.5,1619.1,Delayed,1420.31
SHP02895,Hyderabad,Ahmedabad,2023-03-31,2023-04-04,3.03,1841.3,Delivered,1440.74
SHP02896,Ahmedabad,Mumbai,2023-05-17,2023-05-24,37.4,860.7,Delivered,877.77
SHP02897,Delhi,Pune,2023-09-04,2023-09-06,25.51,736.5,Delivered,736.06
SHP02898,Delhi,Bangalore,2023-05-03,2023-05-10,32.56,1606.4,Delivered,1414.37
SHP02899,Bangalore,Kolkata,2023-11-01,2023-11-16,25.38,1063.7,Failed,992.72
SHP02900,Bangalore,Hyderabad,2023-05-28,2023-06-02,24.84,1372.1,Delivered,1219.05
SHP02901,Bangalore,Delhi,2023-10-31,2023-11-01,9.0,1249.4,Delivered,1032.59
SHP02902,Chennai,Delhi,2023-07-18,2023-07-21,14.3,314.2,Delivered,362.94
SHP02903,Chennai,Pune,2023-11-13,2023-11-18,8.36,1691.1,Delayed,1342.45
SHP02904,Kolkata,Delhi,2023-07-13,2023-07-19,10.19,399.6,Delivered,408.48
SHP02905,Chennai,Mumbai,2023-03-16,2023-03-20,48.66,1865.2,Delivered,1700.49
SHP02906,Pune,Kolkata,2023-11-01,2023-11-02,8.08,508.6,Delivered,466.22
SHP02907,Pune,Kolkata,2023-07-22,2023-08-02,13.83,1470.4,Delayed,1210.74
SHP02908,Mumbai,Pune,2023-05-14,2023-05-17,29.73,576.5,Delivered,647.63
SHP02909,Ahmedabad,Kolkata,2023-11-19,2023-11-23,30.7,642.4,Delivered,682.37
SHP02910,Kolkata,Ahmedabad,2023-10-30,2023-11-04,8.12,626.9,Delivered,566.92
SHP02911,Ahmedabad,Pune,2023-03-23,2023-03-28,39.79,1498.3,Delivered,1354.01
SHP02912,Delhi,Kolkata,2023-03-02,2023-03-05,39.37,1118.1,Delivered,1081.99
SHP02913,Hyderabad,Mumbai,2023-11-23,2023-11-24,12.25,1767.1,Delivered,1449.27
SHP02914,Mumbai,Chennai,2023-09-12,2023-09-18,14.79,621.7,Delivered,585.73
SHP02915,Delhi,Bangalore,2023-08-27,2023-08-31,46.93,1387.1,Delivered,1329.1
SHP02916,Delhi,Bangalore,2023-10-25,2023-10-29,41.37,1508.4,Delivered,1376.54
SHP02917,Kolkata,Kolkata,2023-01-15,2023-01-29,35.04,311.4,Failed,455.41
SHP02918,Bangalore,Hyderabad,2023-04-05,2023-04-20,4.57,807.2,Delayed,695.36
SHP02919,Bangalore,Delhi,2023-12-04,2023-12-07,21.2,970.8,Delayed,886.76
SHP02920,Ahmedabad,Mumbai,2023-06-05,2023-06-10,28.19,717.8,Delivered,745.38
SHP02921,Mumbai,Hyderabad,2023-04-16,2023-04-23,9.78,651.0,Delivered,603.23
SHP02922,Bangalore,Ahmedabad,2023-09-03,2023-09-08,22.69,1376.0,Failed,1213.22
SHP02923,Delhi,Hyderabad,2023-11-16,2023-11-17,30.25,439.6,Delivered,546.77
SHP02924,Bangalore,Kolkata,2023-03-15,2023-03-22,16.71,1421.7,Delivered,1179.96
SHP02925,Chennai,Mumbai,2023-04-10,2023-04-13,39.16,1870.7,Delayed,1666.19
SHP02926,Bangalore,Bangalore,2023-01-27,2023-02-01,42.1,1134.7,Delivered,1097.02
SHP02927,Delhi,Delhi,2023-11-24,2023-11-28,16.52,1226.8,Delivered,1034.3
SHP02928,Ahmedabad,Bangalore,2023-06-06,2023-06-11,42.01,147.2,Delivered,352.67
SHP02929,Kolkata,Hyderabad,2023-10-26,2023-10-28,5.63,1730.3,Delivered,1369.83
SHP02930,Mumbai,Ahmedabad,2023-06-19,2023-06-25,41.97,578.0,Delivered,698.18
SHP02931,Hyderabad,Delhi,2023-03-03,2023-03-08,8.06,1234.0,Delayed,1011.89
SHP02932,Bangalore,Chennai,2023-06-11,2023-06-17,4.6,1958.4,Delivered,1522.82
SHP02933,Pune,Hyderabad,2023-03-08,2023-03-15,32.27,1195.1,Delivered,1106.73
SHP02934,Pune,Bangalore,2023-11-30,2023-12-09,23.86,1452.2,Failed,1256.14
SHP02935,Ahmedabad,Bangalore,2023-08-14,2023-08-20,45.44,896.2,Delivered,959.62
SHP02936,Delhi,Kolkata,2023-09-02,2023-09-06,18.48,130.1,Delivered,231.16
SHP02937,Hyderabad,Bangalore,2023-12-28,2024-01-01,14.71,1597.2,Delivered,1310.15
SHP02938,Hyderabad,Mumbai,2023-07-02,2023-07-12,25.29,79.6,Failed,226.39
SHP02939,Chennai,Hyderabad,2023-06-30,2023-07-06,23.07,1404.3,Delivered,1210.72
SHP02940,Hyderabad,Pune,2023-07-31,2023-08-04,17.55,55.6,Delivered,183.42
SHP02941,Pune,Pune,2023-12-01,2023-12-07,34.84,1726.0,Delivered,1517.56
SHP02942,Kolkata,Ahmedabad,2023-11-01,2023-11-08,38.1,323.7,Delivered,476.75
SHP02943,Delhi,Delhi,2023-05-28,2023-06-01,42.72,1033.4,Delivered,1033.62
SHP02944,Delhi,Bangalore,2023-04-27,2023-05-01,48.66,1198.3,Delivered,1186.86
SHP02945,Bangalore,Kolkata,2023-05-24,2023-05-27,13.7,920.5,Delivered,827.77
SHP02946,Bangalore,Kolkata,2023-04-11,2023-04-14,35.95,688.1,Delivered,735.14
SHP02947,Bangalore,Bangalore,2023-11-07,2023-11-11,20.02,941.0,Delivered,868.57
SHP02948,Pune,Mumbai,2023-05-02,2023-05-06,34.02,629.7,Delivered,700.7
SHP02949,Pune,Kolkata,2023-03-24,2023-03-30,24.06,881.9,Delivered,811.95
SHP02950,Ahmedabad,Pune,2023-08-22,2023-08-25,49.69,724.2,Delayed,861.33
SHP02951,Pune,Delhi,2023-05-10,2023-05-22,36.58,1136.7,Delayed,1095.68
SHP02952,Pune,Hyderabad,2023-06-02,2023-06-10,47.65,483.5,Delayed,658.17
SHP02953,Pune,Chennai,2023-04-26,2023-05-01,41.83,1977.4,Delivered,1738.41
SHP02954,Pune,Mumbai,2023-03-12,2023-03-19,45.19,1006.7,Delivered,1033.18
SHP02955,Kolkata,Ahmedabad,2023-02-15,2023-02-18,40.81,396.4,Delivered,541.48
SHP02956,Pune,Ahmedabad,2023-10-17,2023-10-18,23.23,959.4,Delivered,867.12
SHP02957,Ahmedabad,Kolkata,2023-04-17,2023-04-20,12.96,1734.2,Delivered,1428.89
SHP02958,Hyderabad,Hyderabad,2023-01-29,2023-02-01,18.83,53.4,Delivered,200.06
SHP02959,Hyderabad,Chennai,2023-03-04,2023-03-07,1.5,1362.3,Delivered,1065.72
SHP02960,Chennai,Ahmedabad,2023-08-06,2023-08-10,26.44,1100.5,Delivered,1019.06
SHP02961,Kolkata,Bangalore,2023-02-26,2023-03-03,25.5,347.4,Delivered,447.7
SHP02962,Bangalore,Bangalore,2023-03-03,2023-03-09,26.5,1636.8,Delivered,1397.24
SHP02963,Mumbai,Delhi,2023-10-28,2023-11-04,48.71,744.1,Delivered,848.5
SHP02964,Pune,Chennai,2023-01-08,2023-01-12,45.62,594.7,Delivered,721.04
SHP02965,Chennai,Bangalore,2023-08-31,2023-09-04,8.5,1658.0,Delayed,1346.4
SHP02966,Mumbai,Ahmedabad,2023-11-15,2023-11-20,18.76,1280.7,Delivered,1117.83
SHP02967,Ahmedabad,Bangalore,2023-04-20,2023-04-22,21.49,1797.5,Delivered,1489.37
SHP02968,Hyderabad,Pune,2023-05-25,2023-06-04,18.35,1263.5,Delayed,1091.89
SHP02969,Chennai,Kolkata,2023-07-07,2023-07-08,40.03,1484.2,Delivered,1373.77
SHP02970,Ahmedabad,Ahmedabad,2023-10-04,2023-10-10,26.44,1674.5,Delivered,1449.52
SHP02971,Chennai,Ahmedabad,2023-02-10,2023-02-12,28.82,118.9,Delivered,269.19
SHP02972,Delhi,Ahmedabad,2023-08-25,2023-08-30,42.72,1554.3,Delivered,1430.35
SHP02973,Ahmedabad,Delhi,2023-01-01,2023-01-04,40.39,1231.3,Delivered,1189.73
SHP02974,Hyderabad,Hyderabad,2023-09-28,2023-10-04,7.04,148.3,Delivered,189.17
SHP02975,Hyderabad,Ahmedabad,2023-08-02,2023-08-05,35.84,1022.1,Delivered,992.78
SHP02976,Kolkata,Bangalore,2023-12-25,2023-12-28,22.05,174.1,Failed,303.0
SHP02977,Chennai,Pune,2023-01-01,2023-01-08,15.09,1474.5,Delivered,1214.9
SHP02978,Pune,Ahmedabad,2023-03-21,2023-03-23,2.98,1097.5,Delivered,902.4
SHP02979,Hyderabad,Mumbai,2023-03-07,2023-03-08,24.62,1907.6,Delivered,1596.25
SHP02980,Chennai,Mumbai,2023-05-06,2023-05-08,18.09,374.4,Delivered,401.31
SHP02981,Kolkata,Hyderabad,2023-04-06,2023-04-21,12.95,1216.0,Failed,1016.12
SHP02982,Pune,Chennai,2023-02-19,2023-02-20,34.89,431.0,Delivered,531.28
SHP02983,Ahmedabad,Delhi,2023-07-03,2023-07-10,38.59,1232.0,Delayed,1150.65
SHP02984,Kolkata,Pune,2023-11-14,2023-11-17,12.62,1448.1,Delivered,1206.89
SHP02985,Delhi,Kolkata,2023-10-20,2023-10-26,2.95,1447.4,Failed,1138.86
SHP02986,Pune,Pune,2023-07-14,2023-07-18,42.51,1632.0,Delivered,1503.94
SHP02987,Chennai,Mumbai,2023-08-08,2023-08-14,0.99,1708.6,Delivered,1337.06
SHP02988,Hyderabad,Mumbai,2023-05-14,2023-05-19,46.89,163.8,Failed,405.7
SHP02989,Hyderabad,Hyderabad,2023-11-24,2023-11-29,31.57,693.1,Failed,725.05
SHP02990,Chennai,Chennai,2023-04-25,2023-04-28,16.43,1377.4,Delivered,1172.9
SHP02991,Chennai,Chennai,2023-12-10,2023-12-24,12.7,1002.2,Delayed,863.24
SHP02992,Chennai,Hyderabad,2023-12-12,2023-12-14,0.95,389.4,Delivered,331.94
SHP02993,Bangalore,Ahmedabad,2023-12-03,2023-12-10,12.16,1109.9,Delivered,958.43
SHP02994,Pune,Pune,2023-04-11,2023-04-17,7.32,820.8,Delivered,699.34
SHP02995,Hyderabad,Mumbai,2023-07-26,2023-07-29,30.8,786.2,Delivered,776.61
SHP02996,Pune,Pune,2023-09-11,2023-09-20,8.74,1621.4,Delayed,1310.92
SHP02997,Kolkata,Pune,2023-02-21,2023-02-27,26.67,821.1,Delivered,805.07
SHP02998,Hyderabad,Delhi,2023-09-11,2023-09-15,29.71,62.6,Delivered,236.52
SHP02999,Bangalore,Mumbai,2023-05-15,2023-05-19,15.25,125.5,Delivered,232.39
SHP03000,Chennai,Chennai,2023-05-29,2023-06-02,2.24,1713.9,Delivered,1353.42
SHP03001,Delhi,Kolkata,2023-11-13,2023-11-17,2.34,1921.6,Delivered,1508.91
SHP03002,Chennai,Pune,2023-07-26,2023-07-30,1.8,1379.9,Delivered,1090.76
SHP03003,Ahmedabad,Mumbai,2023-08-17,2023-08-18,37.09,735.1,Delivered,805.25
SHP03004,Chennai,Pune,2023-09-20,2023-09-27,16.24,1877.8,Delivered,1530.52
SHP03005,Bangalore,Delhi,2023-09-02,2023-09-05,39.92,1329.0,Delivered,1249.46
SHP03006,Pune,Ahmedabad,2023-01-21,2023-01-22,21.87,1690.2,Delivered,1419.36
SHP03007,Hyderabad,Bangalore,2023-11-08,2023-11-13,22.92,1534.0,Delivered,1324.89
SHP03008,Chennai,Mumbai,2023-10-08,2023-10-14,25.89,764.5,Delivered,734.74
SHP03009,Hyderabad,Hyderabad,2023-02-21,2023-02-23,35.8,962.6,Delivered,932.79
SHP03010,Mumbai,Bangalore,2023-12-23,2023-12-26,14.04,380.4,Delivered,417.93
SHP03011,Kolkata,Pune,2023-08-14,2023-08-18,6.52,591.1,Delivered,523.3
SHP03012,Pune,Hyderabad,2023-12-02,2023-12-09,28.02,1558.5,Delivered,1352.62
SHP03013,Hyderabad,Hyderabad,2023-12-28,2024-01-06,16.69,1789.0,Delayed,1479.5
SHP03014,Delhi,Hyderabad,2023-04-18,2023-04-23,22.4,1451.7,Delivered,1258.85
SHP03015,Kolkata,Mumbai,2023-04-15,2023-04-20,32.52,935.7,Delivered,902.42
SHP03016,Ahmedabad,Chennai,2023-05-30,2023-06-04,24.96,182.2,Delivered,298.87
SHP03017,Ahmedabad,Pune,2023-12-23,2023-12-27,31.2,123.3,Delivered,316.8
SHP03018,Delhi,Bangalore,2023-08-04,2023-08-12,27.44,754.9,Delayed,756.96
SHP03019,Chennai,Delhi,2023-10-02,2023-10-10,37.12,933.0,Delayed,930.95
SHP03020,Kolkata,Chennai,2023-09-19,2023-09-20,35.44,1222.2,Delivered,1155.91
SHP03021,Hyderabad,Pune,2023-06-20,2023-06-21,26.94,22.9,Delivered,202.88
SHP03022,Kolkata,Ahmedabad,2023-05-29,2023-06-02,34.11,1979.5,Failed,1694.84
SHP03023,Chennai,Ahmedabad,2023-03-14,2023-03-15,43.74,734.2,Delivered,807.62
SHP03024,Bangalore,Mumbai,2023-03-01,2023-03-16,21.9,1697.7,Failed,1428.65
SHP03025,Pune,Hyderabad,2023-05-28,2023-06-03,20.93,1074.6,Failed,975.0
SHP03026,Delhi,Delhi,2023-04-17,2023-04-21,38.33,269.6,Delivered,426.31
SHP03027,Chennai,Pune,2023-07-07,2023-07-18,29.34,1597.2,Delayed,1383.34
SHP03028,Bangalore,Bangalore,2023-05-02,2023-05-10,4.01,1422.6,Delayed,1152.73
SHP03029,Kolkata,Pune,2023-04-14,2023-04-19,44.66,1059.6,Delayed,1052.87
SHP03030,Kolkata,Chennai,2023-02-28,2023-03-03,2.02,1034.0,Delivered,840.79
SHP03031,Chennai,Ahmedabad,2023-08-31,2023-09-04,37.55,184.1,Delivered,364.37
SHP03032,Hyderabad,Kolkata,2023-08-11,2023-08-12,38.06,1315.1,Delivered,1230.86
SHP03033,Kolkata,Chennai,2023-09-26,2023-10-03,47.68,1823.4,Delivered,1651.27
SHP03034,Hyderabad,Pune,2023-04-07,2023-04-08,3.18,195.6,Delivered,196.67
SHP03035,Hyderabad,Delhi,2023-03-23,2023-03-28,30.04,534.4,Delivered,604.3
SHP03036,Pune,Pune,2023-05-20,2023-05-24,21.68,1805.6,Delivered,1519.92
SHP03037,Hyderabad,Pune,2023-09-10,2023-09-16,16.87,575.8,Delivered,573.41
SHP03038,Mumbai,Mumbai,2023-12-05,2023-12-09,4.97,1311.3,Delivered,1063.81
SHP03039,Pune,Bangalore,2023-11-25,2023-11-30,28.35,1074.3,Delivered,997.48
SHP03040,Bangalore,Delhi,2023-01-04,2023-01-11,24.21,1196.7,Delivered,1069.35
SHP03041,Bangalore,Pune,2023-02-13,2023-02-16,5.68,837.4,Delivered,711.88
SHP03042,Kolkata,Hyderabad,2023-05-08,2023-05-14,30.82,607.0,Delivered,666.96
SHP03043,Kolkata,Bangalore,2023-12-08,2023-12-23,37.03,106.6,Delayed,321.3
SHP03044,Hyderabad,Chennai,2023-02-19,2023-02-24,38.48,1491.1,Delivered,1364.2
SHP03045,Pune,Delhi,2023-05-08,2023-05-14,45.32,1494.7,Delivered,1383.86
SHP03046,Pune,Chennai,2023-05-23,2023-05-27,20.77,1344.7,Failed,1150.8
SHP03047,Mumbai,Ahmedabad,2023-08-29,2023-09-12,47.68,1290.8,Failed,1246.91
SHP03048,Hyderabad,Pune,2023-02-27,2023-03-04,43.34,495.0,Delivered,654.74
SHP03049,Mumbai,Chennai,2023-08-11,2023-08-25,15.18,54.5,Delayed,177.15
SHP03050,Ahmedabad,Chennai,2023-02-23,2023-03-08,8.38,1619.3,Delayed,1308.49
SHP03051,Hyderabad,Mumbai,2023-12-06,2023-12-12,22.05,987.4,Delivered,890.88
SHP03052,Delhi,Chennai,2023-01-29,2023-02-03,20.39,620.6,Delivered,601.84
SHP03053,Delhi,Hyderabad,2023-05-12,2023-05-19,29.0,212.8,Delivered,370.55
SHP03054,Chennai,Hyderabad,2023-05-14,2023-05-20,29.38,134.8,Delivered,313.71
SHP03055,Hyderabad,Bangalore,2023-06-03,2023-06-08,37.62,704.2,Delivered,750.68
SHP03056,Pune,Pune,2023-03-21,2023-03-23,25.74,1611.4,Failed,1399.14
SHP03057,Kolkata,Kolkata,2023-03-19,2023-03-26,5.69,1838.3,Delivered,1455.04
SHP03058,Bangalore,Ahmedabad,2023-10-13,2023-10-20,42.99,1794.5,Delivered,1603.78
SHP03059,Chennai,Chennai,2023-03-04,2023-03-07,15.83,1840.8,Delivered,1519.31
SHP03060,Kolkata,Chennai,2023-02-14,2023-02-17,48.58,1816.4,Delivered,1659.77
SHP03061,Delhi,Delhi,2023-03-12,2023-03-15,6.33,1059.2,Delivered,887.25
SHP03062,Hyderabad,Mumbai,2023-05-23,2023-05-24,47.93,446.6,Delivered,607.57
SHP03063,Chennai,Kolkata,2023-01-10,2023-01-13,5.01,1598.1,Delivered,1266.37
SHP03064,Hyderabad,Bangalore,2023-01-30,2023-02-12,11.94,435.3,Failed,428.95
SHP03065,Delhi,Ahmedabad,2023-07-23,2023-07-25,2.81,541.7,Delivered,463.52
SHP03066,Chennai,Kolkata,2023-10-07,2023-10-08,35.4,474.2,Delivered,582.75
SHP03067,Delhi,Chennai,2023-08-30,2023-09-02,42.59,1034.8,Delivered,1030.37
SHP03068,Mumbai,Delhi,2023-08-27,2023-08-31,21.99,650.4,Delivered,645.53
SHP03069,Delhi,Pune,2023-08-04,2023-08-10,46.46,316.8,Delivered,514.61
SHP03070,Pune,Mumbai,2023-11-26,2023-11-28,29.72,911.8,Delivered,891.86
SHP03071,Pune,Pune,2023-04-15,2023-04-16,31.69,1749.1,Delivered,1524.42
SHP03072,Hyderabad,Bangalore,2023-08-12,2023-08-18,42.35,1145.4,Delivered,1126.95
SHP03073,Bangalore,Kolkata,2023-10-08,2023-10-09,15.19,1757.9,Delivered,1432.8
SHP03074,Delhi,Bangalore,2023-04-01,2023-04-06,18.04,399.8,Delivered,433.07
SHP03075,Kolkata,Chennai,2023-07-01,2023-07-04,45.34,342.3,Delayed,514.27
SHP03076,Pune,Bangalore,2023-11-03,2023-11-04,45.1,1155.4,Delivered,1126.38
SHP03077,Ahmedabad,Pune,2023-01-08,2023-01-21,48.84,932.0,Failed,983.8
SHP03078,Bangalore,Delhi,2023-12-30,2024-01-03,45.14,1323.7,Delivered,1251.09
SHP03079,Mumbai,Bangalore,2023-07-09,2023-07-16,6.8,1591.3,Delivered,1281.58
SHP03080,Chennai,Hyderabad,2023-12-04,2023-12-07,41.27,1505.1,Delivered,1405.1
SHP03081,Chennai,Delhi,2023-02-18,2023-02-22,20.79,1885.1,Failed,1551.81
SHP03082,Pune,Kolkata,2023-10-10,2023-10-15,49.54,802.5,Delivered,912.42
SHP03083,Bangalore,Mumbai,2023-12-18,2023-12-23,23.88,420.7,Delivered,469.68
SHP03084,Pune,Mumbai,2023-10-27,2023-10-31,27.91,1106.3,Delivered,1026.07
SHP03085,Chennai,Chennai,2023-08-17,2023-08-20,26.72,230.4,Delivered,362.13
SHP03086,Ahmedabad,Chennai,2023-05-24,2023-06-04,16.43,584.8,Delayed,586.86
SHP03087,Delhi,Hyderabad,2023-02-19,2023-02-25,4.21,423.7,Delivered,373.38
SHP03088,Bangalore,Kolkata,2023-06-13,2023-06-15,44.83,799.2,Delivered,866.17
SHP03089,Hyderabad,Pune,2023-11-09,2023-11-21,40.23,231.3,Delayed,408.26
SHP03090,Delhi,Mumbai,2023-02-05,2023-02-10,7.41,73.4,Delivered,138.4
SHP03091,Delhi,Mumbai,2023-12-31,2024-01-05,38.95,1317.0,Delivered,1248.96
SHP03092,Delhi,Mumbai,2023-05-05,2023-05-08,31.48,1224.4,Delayed,1136.96
SHP03093,Hyderabad,Pune,2023-03-30,2023-04-06,20.75,1419.6,Delivered,1227.37
SHP03094,Ahmedabad,Mumbai,2023-11-20,2023-11-21,13.07,1324.2,Delivered,1109.82
SHP03095,Mumbai,Bangalore,2023-06-13,2023-06-14,43.06,237.4,Delivered,458.69
SHP03096,Ahmedabad,Kolkata,2023-01-18,2023-01-22,35.16,589.2,Delivered,665.68
SHP03097,Ahmedabad,Delhi,2023-01-26,2023-01-30,27.61,267.8,Delivered,374.89
SHP03098,Ahmedabad,Delhi,2023-08-04,2023-08-10,30.67,1687.5,Delivered,1482.48
SHP03099,Kolkata,Hyderabad,2023-08-01,2023-08-04,5.01,1496.3,Delayed,1188.46
SHP03100,Pune,Bangalore,2023-04-22,2023-04-24,23.96,411.0,Delayed,460.2
SHP03101,Chennai,Mumbai,2023-06-22,2023-06-29,10.09,689.2,Delayed,602.39
SHP03102,Pune,Mumbai,2023-04-02,2023-04-03,10.81,1933.6,Delivered,1558.61
SHP03103,Bangalore,Chennai,2023-11-16,2023-11-28,33.23,1192.4,Delayed,1114.73
SHP03104,Ahmedabad,Chennai,2023-10-30,2023-11-06,45.61,1604.3,Delivered,1471.68
SHP03105,Mumbai,Hyderabad,2023-05-24,2023-05-28,20.49,536.5,Delivered,563.91
SHP03106,Bangalore,Mumbai,2023-03-11,2023-03-12,10.78,428.0,Delivered,435.85
SHP03107,Pune,Hyderabad,2023-11-26,2023-12-03,32.61,1570.0,Delivered,1407.37
SHP03108,Chennai,Bangalore,2023-12-28,2023-12-30,43.62,1374.9,Delivered,1302.67
SHP03109,Hyderabad,Delhi,2023-12-20,2023-12-28,37.54,1365.1,Failed,1272.7
SHP03110,Pune,Mumbai,2023-03-24,2023-03-30,43.5,1109.7,Delivered,1109.9
SHP03111,Delhi,Kolkata,2023-12-22,2023-12-26,27.06,1131.5,Delivered,1024.24
SHP03112,Pune,Pune,2023-10-04,2023-10-08,37.72,1474.0,Delivered,1336.51
SHP03113,Delhi,Bangalore,2023-05-05,2023-05-08,7.43,547.3,Delayed,496.76
SHP03114,Hyderabad,Mumbai,2023-10-18,2023-10-24,17.74,712.0,Delivered,653.46
SHP03115,Pune,Pune,2023-03-09,2023-03-16,19.78,1744.6,Delivered,1449.25
SHP03116,Mumbai,Kolkata,2023-08-07,2023-08-11,25.81,624.6,Delivered,646.46
SHP03117,Mumbai,Chennai,2023-12-16,2023-12-19,46.49,1097.2,Delivered,1089.67
SHP03118,Bangalore,Hyderabad,2023-03-26,2023-04-09,43.78,1408.3,Delayed,1310.18
SHP03119,Hyderabad,Chennai,2023-10-19,2023-10-25,7.16,1999.9,Delivered,1584.25
SHP03120,Ahmedabad,Delhi,2023-04-21,2023-04-22,9.05,876.2,Delivered,761.64
SHP03121,Mumbai,Chennai,2023-08-05,2023-08-06,18.2,861.9,Delivered,800.77
SHP03122,Pune,Mumbai,2023-02-07,2023-02-10,14.89,1686.8,Delayed,1391.4
SHP03123,Hyderabad,Kolkata,2023-10-01,2023-10-05,30.93,1613.0,Delivered,1413.39
SHP03124,Chennai,Chennai,2023-12-16,2023-12-21,45.19,1464.8,Delivered,1369.92
SHP03125,Delhi,Mumbai,2023-10-25,2023-10-28,48.13,931.8,Delivered,977.22
SHP03126,Pune,Delhi,2023-06-07,2023-06-08,32.85,654.6,Delivered,691.06
SHP03127,Delhi,Pune,2023-02-25,2023-03-04,41.99,1221.4,Delayed,1187.68
SHP03128,Delhi,Kolkata,2023-06-16,2023-06-24,26.5,1753.7,Delayed,1496.38
SHP03129,Ahmedabad,Chennai,2023-10-18,2023-10-24,10.81,1768.7,Delayed,1442.19
SHP03130,Hyderabad,Hyderabad,2023-06-12,2023-06-27,26.47,225.9,Delayed,359.94
SHP03131,Hyderabad,Hyderabad,2023-03-17,2023-03-22,27.98,862.4,Failed,824.46
SHP03132,Bangalore,Kolkata,2023-07-28,2023-08-03,37.25,934.8,Delivered,937.76
SHP03133,Delhi,Hyderabad,2023-05-18,2023-05-31,11.38,1955.5,Failed,1571.29
SHP03134,Bangalore,Chennai,2023-10-01,2023-10-04,18.73,1359.2,Delivered,1160.0
SHP03135,Ahmedabad,Chennai,2023-05-03,2023-05-05,18.52,820.4,Delivered,759.6
SHP03136,Delhi,Kolkata,2023-09-07,2023-09-11,47.99,61.9,Delivered,355.66
SHP03137,Bangalore,Chennai,2023-11-06,2023-11-13,22.48,1135.1,Delayed,1026.24
SHP03138,Bangalore,Pune,2023-10-13,2023-10-17,37.88,201.2,Delivered,406.45
SHP03139,Chennai,Mumbai,2023-06-09,2023-06-14,37.67,1670.6,Delayed,1472.49
SHP03140,Bangalore,Delhi,2023-05-09,2023-05-12,13.64,1507.5,Delivered,1234.44
SHP03141,Hyderabad,Pune,2023-07-12,2023-07-17,28.81,926.4,Delivered,872.24
SHP03142,Bangalore,Pune,2023-04-05,2023-04-09,44.77,864.1,Delivered,912.45
SHP03143,Delhi,Hyderabad,2023-03-10,2023-03-12,24.02,1795.7,Delivered,1514.55
SHP03144,Bangalore,Mumbai,2023-04-16,2023-04-21,47.28,584.0,Delivered,730.08
SHP03145,Mumbai,Kolkata,2023-09-14,2023-09-15,11.12,505.5,Delivered,484.76
SHP03146,Kolkata,Ahmedabad,2023-12-19,2023-12-26,4.17,1879.0,Failed,1496.23
SHP03147,Delhi,Hyderabad,2023-04-09,2023-04-16,44.63,1620.4,Delivered,1506.04
SHP03148,Mumbai,Mumbai,2023-09-30,2023-10-02,42.46,1643.0,Delivered,1481.09
SHP03149,Ahmedabad,Chennai,2023-11-10,2023-11-17,49.63,398.4,Delivered,611.07
SHP03150,Delhi,Kolkata,2023-03-10,2023-03-14,34.13,295.2,Delivered,441.32
SHP03151,Hyderabad,Ahmedabad,2023-02-27,2023-03-06,46.87,61.8,Delivered,328.83
SHP03152,Kolkata,Kolkata,2023-11-01,2023-11-06,41.43,481.7,Delivered,629.82
SHP03153,Kolkata,Ahmedabad,2023-06-19,2023-06-22,42.3,1550.6,Delivered,1408.18
SHP03154,Hyderabad,Ahmedabad,2023-08-14,2023-08-19,28.67,487.7,Delivered,574.42
SHP03155,Kolkata,Hyderabad,2023-06-29,2023-07-03,19.43,1460.9,Delivered,1249.66
SHP03156,Hyderabad,Chennai,2023-02-25,2023-03-05,46.76,511.3,Failed,682.29
SHP03157,Mumbai,Hyderabad,2023-02-02,2023-02-06,21.89,796.6,Delivered,776.68
SHP03158,Ahmedabad,Ahmedabad,2023-06-17,2023-06-22,27.17,1966.5,Delivered,1661.45
SHP03159,Chennai,Ahmedabad,2023-07-27,2023-07-30,22.58,497.2,Delivered,519.53
SHP03160,Delhi,Bangalore,2023-10-05,2023-10-10,28.46,759.0,Delivered,748.21
SHP03161,Hyderabad,Mumbai,2023-04-02,2023-04-08,23.79,609.2,Delivered,618.79
SHP03162,Delhi,Bangalore,2023-09-06,2023-09-09,2.87,228.2,Delivered,219.64
SHP03163,Ahmedabad,Mumbai,2023-12-20,2023-12-24,44.16,984.9,Delivered,1022.09
SHP03164,Mumbai,Delhi,2023-03-15,2023-03-20,22.5,763.6,Delivered,727.07
SHP03165,Chennai,Pune,2023-01-11,2023-01-24,29.65,1392.8,Delayed,1261.89
SHP03166,Ahmedabad,Kolkata,2023-09-27,2023-10-07,7.39,1637.0,Failed,1322.8
SHP03167,Mumbai,Hyderabad,2023-03-20,2023-03-25,0.67,1093.1,Delayed,860.11
SHP03168,Kolkata,Delhi,2023-07-12,2023-07-17,12.64,74.1,Delivered,167.82
SHP03169,Delhi,Delhi,2023-02-01,2023-02-06,35.38,1241.7,Delivered,1156.85
SHP03170,Pune,Kolkata,2023-09-05,2023-09-07,5.41,120.2,Delivered,166.9
SHP03171,Chennai,Kolkata,2023-03-14,2023-03-20,45.49,1236.5,Delivered,1206.25
SHP03172,Kolkata,Mumbai,2023-07-03,2023-07-10,11.14,1373.2,Delivered,1116.85
SHP03173,Ahmedabad,Bangalore,2023-02-13,2023-02-18,10.63,403.6,Delivered,413.3
SHP03174,Chennai,Chennai,2023-08-24,2023-08-25,9.48,1640.5,Delivered,1327.26
SHP03175,Kolkata,Mumbai,2023-01-29,2023-02-07,1.19,1823.1,Failed,1434.91
SHP03176,Mumbai,Chennai,2023-02-19,2023-02-22,38.7,1628.0,Delivered,1477.11
SHP03177,Hyderabad,Delhi,2023-10-19,2023-10-22,43.81,617.2,Delivered,721.17
SHP03178,Delhi,Chennai,2023-10-04,2023-10-08,30.9,1177.4,Delivered,1069.49
SHP03179,Bangalore,Bangalore,2023-10-07,2023-10-10,9.82,1830.5,Delivered,1480.1
SHP03180,Bangalore,Mumbai,2023-01-28,2023-01-30,14.62,648.1,Delivered,628.29
SHP03181,Mumbai,Ahmedabad,2023-11-12,2023-11-15,24.06,1641.9,Delivered,1399.59
SHP03182,Ahmedabad,Kolkata,2023-07-27,2023-07-28,47.74,28.9,Delivered,300.76
SHP03183,Delhi,Ahmedabad,2023-01-27,2023-01-31,12.74,17.3,Delivered,112.94
SHP03184,Ahmedabad,Bangalore,2023-02-23,2023-02-27,36.72,1521.8,Delivered,1366.45
SHP03185,Delhi,Pune,2023-04-29,2023-05-05,22.25,1525.3,Delivered,1298.34
SHP03186,Mumbai,Bangalore,2023-08-19,2023-08-26,15.24,1580.1,Delivered,1308.23
SHP03187,Delhi,Pune,2023-04-13,2023-04-19,23.07,1860.8,Delivered,1567.17
SHP03188,Hyderabad,Mumbai,2023-04-24,2023-04-30,4.02,244.6,Delivered,244.48
SHP03189,Ahmedabad,Kolkata,2023-07-04,2023-07-11,40.04,471.7,Failed,586.01
SHP03190,Mumbai,Bangalore,2023-12-21,2023-12-24,12.54,1808.4,Delivered,1463.93
SHP03191,Hyderabad,Ahmedabad,2023-05-23,2023-05-29,36.41,362.7,Delivered,518.3
SHP03192,Delhi,Pune,2023-02-16,2023-03-03,3.88,1367.6,Delayed,1095.03
SHP03193,Mumbai,Kolkata,2023-06-21,2023-06-27,47.78,1065.6,Failed,1106.69
SHP03194,Delhi,Hyderabad,2023-06-28,2023-07-01,10.05,175.6,Delayed,232.09
SHP03195,Ahmedabad,Hyderabad,2023-02-15,2023-02-18,44.2,577.7,Delivered,695.31
SHP03196,Mumbai,Hyderabad,2023-11-26,2023-12-02,40.57,1045.5,Delivered,1024.71
SHP03197,Delhi,Chennai,2023-02-20,2023-02-24,48.41,1706.2,Delivered,1579.48
SHP03198,Ahmedabad,Bangalore,2023-05-12,2023-05-18,24.16,1418.0,Delivered,1235.76
SHP03199,Hyderabad,Mumbai,2023-01-23,2023-01-28,36.51,1247.5,Delayed,1172.33
SHP03200,Pune,Ahmedabad,2023-09-24,2023-09-27,18.85,997.1,Delivered,902.28
SHP03201,Hyderabad,Mumbai,2023-02-19,2023-03-03,9.63,604.4,Delayed,560.49
SHP03202,Delhi,Chennai,2023-05-13,2023-05-15,22.43,247.3,Delivered,329.36
SHP03203,Mumbai,Mumbai,2023-02-09,2023-02-14,8.7,824.1,Delivered,723.68
SHP03204,Bangalore,Pune,2023-08-05,2023-08-09,49.11,66.8,Delayed,346.96
SHP03205,Hyderabad,Hyderabad,2023-05-19,2023-05-29,5.26,430.0,Failed,394.47
SHP03206,Hyderabad,Ahmedabad,2023-01-16,2023-01-18,29.67,870.6,Delayed,852.8
SHP03207,Ahmedabad,Bangalore,2023-10-31,2023-11-03,31.51,843.0,Failed,844.3
SHP03208,Kolkata,Mumbai,2023-01-01,2023-01-08,27.13,98.1,Delivered,245.21
SHP03209,Bangalore,Mumbai,2023-02-15,2023-02-17,33.28,1182.2,Delivered,1099.75
SHP03210,Delhi,Delhi,2023-02-18,2023-02-22,6.25,1103.9,Delayed,902.6
SHP03211,Pune,Delhi,2023-06-10,2023-06-11,27.97,165.4,Delivered,307.92
SHP03212,Mumbai,Delhi,2023-07-04,2023-07-11,14.72,1886.9,Delivered,1522.43
SHP03213,Kolkata,Bangalore,2023-07-05,2023-07-10,47.04,207.8,Delivered,427.44
SHP03214,Delhi,Hyderabad,2023-12-29,2023-12-31,38.22,1711.1,Delivered,1510.9
SHP03215,Chennai,Kolkata,2023-09-10,2023-09-16,48.64,10.6,Delivered,296.08
SHP03216,Pune,Hyderabad,2023-07-18,2023-07-23,2.36,1765.7,Delivered,1401.85
SHP03217,Hyderabad,Ahmedabad,2023-08-12,2023-08-16,14.61,49.2,Delivered,148.19
SHP03218,Chennai,Hyderabad,2023-11-30,2023-12-02,10.17,1518.0,Delivered,1236.0
SHP03219,Hyderabad,Bangalore,2023-12-26,2024-01-07,1.05,729.8,Failed,595.06
SHP03220,Hyderabad,Pune,2023-03-02,2023-03-06,12.5,1479.1,Delivered,1233.32
SHP03221,Chennai,Pune,2023-01-17,2023-01-31,34.1,809.5,Failed,809.63
SHP03222,Pune,Bangalore,2023-02-15,2023-02-20,11.94,151.1,Delivered,210.89
SHP03223,Ahmedabad,Delhi,2023-04-02,2023-04-15,25.7,1537.3,Delayed,1319.9
SHP03224,Chennai,Mumbai,2023-05-31,2023-06-07,44.45,151.8,Delivered,405.82
SHP03225,Delhi,Chennai,2023-09-14,2023-09-21,34.84,1845.0,Delivered,1610.78
SHP03226,Kolkata,Chennai,2023-12-02,2023-12-16,20.03,111.4,Delayed,219.26
SHP03227,Kolkata,Kolkata,2023-08-03,2023-08-07,18.94,963.9,Failed,858.51
SHP03228,Chennai,Mumbai,2023-07-11,2023-07-17,23.06,1448.8,Delivered,1238.61
SHP03229,Delhi,Kolkata,2023-11-17,2023-12-01,9.26,792.6,Delayed,675.73
SHP03230,Ahmedabad,Delhi,2023-03-23,2023-03-28,31.88,442.3,Delivered,553.01
SHP03231,Kolkata,Kolkata,2023-04-13,2023-04-20,18.53,1520.6,Delayed,1282.93
SHP03232,Delhi,Mumbai,2023-12-11,2023-12-15,42.69,1570.7,Delivered,1446.72
SHP03233,Ahmedabad,Ahmedabad,2023-06-28,2023-07-04,37.95,1846.2,Delivered,1617.65
SHP03234,Delhi,Mumbai,2023-07-02,2023-07-05,30.72,758.6,Delivered,774.7
SHP03235,Hyderabad,Chennai,2023-06-01,2023-06-08,18.53,1017.4,Delivered,896.0
SHP03236,Kolkata,Pune,2023-04-18,2023-04-20,10.89,732.6,Delivered,646.22
SHP03237,Ahmedabad,Delhi,2023-12-05,2023-12-06,38.92,521.6,Delivered,641.89
SHP03238,Kolkata,Ahmedabad,2023-11-24,2023-11-30,24.58,1504.6,Delivered,1287.36
SHP03239,Hyderabad,Bangalore,2023-01-08,2023-01-13,11.63,685.9,Delivered,627.26
SHP03240,Chennai,Ahmedabad,2023-12-06,2023-12-13,10.16,862.0,Delivered,761.39
SHP03241,Hyderabad,Ahmedabad,2023-11-03,2023-11-06,8.69,813.3,Delayed,688.24
SHP03242,Kolkata,Kolkata,2023-01-02,2023-01-07,38.97,1428.2,Delivered,1331.9
SHP03243,Kolkata,Chennai,2023-03-27,2023-04-09,11.83,1836.4,Failed,1469.63
SHP03244,Pune,Kolkata,2023-05-16,2023-05-19,26.57,1336.8,Delayed,1179.41
SHP03245,Ahmedabad,Kolkata,2023-04-26,2023-04-30,22.85,948.4,Delivered,879.97
SHP03246,Chennai,Bangalore,2023-02-24,2023-03-11,29.19,1560.6,Delayed,1368.78
SHP03247,Hyderabad,Delhi,2023-11-03,2023-11-05,43.92,1285.5,Delivered,1217.58
SHP03248,Ahmedabad,Mumbai,2023-10-12,2023-10-16,43.45,130.6,Delivered,377.16
SHP03249,Mumbai,Hyderabad,2023-03-22,2023-03-25,22.83,200.4,Delivered,333.38
SHP03250,Ahmedabad,Kolkata,2023-08-08,2023-08-11,1.26,85.5,Delivered,107.67
SHP03251,Mumbai,Hyderabad,2023-09-27,2023-10-09,21.61,919.1,Delayed,863.18
SHP03252,Chennai,Delhi,2023-07-12,2023-07-17,30.51,1653.4,Delivered,1444.87
SHP03253,Hyderabad,Hyderabad,2023-03-09,2023-03-13,28.11,633.0,Delivered,682.74
SHP03254,Hyderabad,Kolkata,2023-01-25,2023-01-31,32.74,774.5,Delivered,781.62
SHP03255,Delhi,Bangalore,2023-07-17,2023-07-21,8.13,1819.9,Delivered,1467.26
SHP03256,Kolkata,Hyderabad,2023-03-02,2023-03-09,32.5,1675.4,Delivered,1451.44
SHP03257,Bangalore,Delhi,2023-11-20,2023-11-21,9.54,1333.4,Delivered,1113.08
SHP03258,Pune,Delhi,2023-08-01,2023-08-05,37.65,540.9,Delayed,650.89
SHP03259,Ahmedabad,Pune,2023-07-12,2023-07-25,17.28,242.9,Failed,313.39
SHP03260,Chennai,Pune,2023-03-14,2023-03-20,35.64,42.0,Delivered,247.32
SHP03261,Bangalore,Bangalore,2023-04-03,2023-04-05,2.87,223.0,Delivered,244.26
SHP03262,Ahmedabad,Hyderabad,2023-07-27,2023-08-03,20.69,592.3,Delivered,601.8
SHP03263,Bangalore,Hyderabad,2023-10-20,2023-10-26,35.4,1108.1,Delivered,1052.49
SHP03264,Chennai,Pune,2023-06-25,2023-07-10,11.73,137.4,Failed,209.45
SHP03265,Hyderabad,Mumbai,2023-07-12,2023-07-13,39.87,281.1,Delivered,473.24
SHP03266,Chennai,Chennai,2023-05-25,2023-06-01,31.72,370.4,Delivered,479.96
SHP03267,Ahmedabad,Delhi,2023-04-08,2023-04-19,29.58,1267.6,Delayed,1132.19
SHP03268,Bangalore,Mumbai,2023-05-21,2023-05-24,18.0,1235.4,Failed,1083.0
SHP03269,Kolkata,Delhi,2023-11-13,2023-11-16,24.38,1106.0,Delivered,996.89
SHP03270,Pune,Ahmedabad,2023-05-09,2023-05-15,30.07,508.5,Delivered,575.66
SHP03271,Pune,Ahmedabad,2023-06-02,2023-06-09,23.89,748.5,Delivered,719.0
SHP03272,Kolkata,Mumbai,2023-12-21,2023-12-26,35.07,202.4,Delivered,393.05
SHP03273,Kolkata,Ahmedabad,2023-04-02,2023-04-06,21.97,460.7,Delivered,494.08
SHP03274,Hyderabad,Pune,2023-11-16,2023-11-21,10.51,1796.4,Delivered,1455.32
SHP03275,Ahmedabad,Pune,2023-07-18,2023-07-22,11.09,1959.6,Failed,1590.38
SHP03276,Mumbai,Chennai,2023-04-29,2023-05-10,0.79,1298.8,Delayed,1009.45
SHP03277,Chennai,Mumbai,2023-11-04,2023-11-08,15.4,1834.5,Delivered,1516.03
SHP03278,Pune,Delhi,2023-03-07,2023-03-08,37.57,1289.1,Delivered,1201.1
SHP03279,Kolkata,Hyderabad,2023-11-01,2023-11-02,39.81,76.1,Delivered,312.44
SHP03280,Chennai,Delhi,2023-10-03,2023-10-16,10.52,1993.6,Delayed,1592.7
SHP03281,Pune,Kolkata,2023-03-05,2023-03-07,47.97,206.9,Delayed,452.85
SHP03282,Kolkata,Pune,2023-03-21,2023-03-24,25.37,1368.5,Delivered,1193.4
SHP03283,Ahmedabad,Bangalore,2023-05-05,2023-05-08,45.89,513.1,Delivered,645.15
SHP03284,Pune,Bangalore,2023-07-02,2023-07-04,35.48,790.0,Failed,837.81
SHP03285,Hyderabad,Pune,2023-08-28,2023-08-30,36.26,1295.4,Delivered,1183.5
SHP03286,Mumbai,Kolkata,2023-03-12,2023-03-13,4.71,878.6,Delivered,745.46
SHP03287,Mumbai,Bangalore,2023-11-06,2023-11-12,11.39,508.6,Delivered,475.17
SHP03288,Kolkata,Ahmedabad,2023-01-03,2023-01-05,0.94,675.5,Failed,557.01
SHP03289,Pune,Pune,2023-08-31,2023-09-07,35.95,689.7,Delivered,759.92
SHP03290,Hyderabad,Bangalore,2023-07-05,2023-07-18,17.55,1919.1,Delayed,1565.31
SHP03291,Delhi,Pune,2023-02-16,2023-02-21,39.44,1599.2,Delivered,1461.23
SHP03292,Chennai,Chennai,2023-04-18,2023-04-22,17.28,922.5,Failed,828.19
SHP03293,Chennai,Hyderabad,2023-01-02,2023-01-06,41.06,407.6,Delivered,555.65
SHP03294,Bangalore,Hyderabad,2023-10-25,2023-10-29,6.97,1623.9,Delivered,1309.27
SHP03295,Hyderabad,Delhi,2023-11-17,2023-11-18,9.08,322.8,Delivered,331.16
SHP03296,Pune,Kolkata,2023-11-04,2023-11-09,17.37,428.8,Failed,452.34
SHP03297,Ahmedabad,Pune,2023-10-08,2023-10-23,20.72,738.4,Delayed,716.74
SHP03298,Ahmedabad,Mumbai,2023-11-23,2023-11-26,17.76,1761.9,Delivered,1452.62
SHP03299,Bangalore,Delhi,2023-08-05,2023-08-11,38.3,272.3,Delivered,433.76
SHP03300,Kolkata,Delhi,2023-11-05,2023-11-06,5.3,253.2,Delivered,278.71
SHP03301,Pune,Pune,2023-11-18,2023-11-24,17.89,993.0,Delivered,896.41
SHP03302,Bangalore,Pune,2023-02-26,2023-03-01,41.94,560.1,Delayed,679.68
SHP03303,Mumbai,Delhi,2023-02-18,2023-02-21,3.81,1141.8,Delivered,926.47
SHP03304,Chennai,Delhi,2023-05-15,2023-05-18,47.15,908.8,Delivered,975.19
SHP03305,Pune,Hyderabad,2023-05-11,2023-05-14,49.32,875.6,Delivered,953.67
SHP03306,Bangalore,Mumbai,2023-07-26,2023-08-02,4.88,232.8,Delivered,245.68
SHP03307,Mumbai,Ahmedabad,2023-11-22,2023-12-01,14.92,290.7,Delayed,362.42
SHP03308,Hyderabad,Delhi,2023-03-27,2023-04-03,18.93,1643.9,Delivered,1363.48
SHP03309,Bangalore,Ahmedabad,2023-10-28,2023-10-29,38.93,1772.9,Delivered,1578.03
SHP03310,Kolkata,Hyderabad,2023-06-13,2023-06-24,30.0,477.0,Failed,573.18
SHP03311,Kolkata,Delhi,2023-07-10,2023-07-13,32.4,235.8,Delivered,396.34
SHP03312,Kolkata,Bangalore,2023-08-02,2023-08-04,38.0,116.3,Delivered,342.46
SHP03313,Pune,Delhi,2023-11-07,2023-11-08,6.34,1220.5,Delivered,990.53
SHP03314,Ahmedabad,Pune,2023-11-14,2023-11-21,41.74,1433.6,Delivered,1324.78
SHP03315,Ahmedabad,Kolkata,2023-08-14,2023-08-15,35.43,751.9,Delivered,805.13
SHP03316,Chennai,Kolkata,2023-09-27,2023-09-28,29.08,1362.6,Delivered,1213.11
SHP03317,Bangalore,Delhi,2023-09-12,2023-09-14,44.54,1428.8,Delivered,1352.69
SHP03318,Hyderabad,Chennai,2023-02-04,2023-02-10,35.17,1871.3,Delivered,1615.23
SHP03319,Bangalore,Bangalore,2023-10-11,2023-10-14,10.48,139.1,Delivered,216.96
SHP03320,Chennai,Mumbai,2023-06-08,2023-06-10,21.77,392.7,Delivered,455.33
SHP03321,Mumbai,Delhi,2023-06-24,2023-07-05,24.96,146.4,Delayed,275.34
SHP03322,Chennai,Ahmedabad,2023-05-02,2023-05-09,3.23,1737.3,Delivered,1368.91
SHP03323,Kolkata,Mumbai,2023-11-27,2023-12-10,47.75,1587.2,Delayed,1487.03
SHP03324,Pune,Bangalore,2023-12-21,2023-12-23,6.86,1153.5,Delivered,929.9
SHP03325,Mumbai,Delhi,2023-12-02,2023-12-06,35.02,176.5,Delivered,362.97
SHP03326,Pune,Chennai,2023-11-18,2023-11-25,25.56,553.9,Delivered,594.89
SHP03327,Kolkata,Hyderabad,2023-01-20,2023-02-04,1.77,602.5,Delayed,499.54
SHP03328,Delhi,Chennai,2023-03-08,2023-03-12,46.28,1125.9,Delivered,1135.94
SHP03329,Chennai,Pune,2023-06-10,2023-06-17,42.67,523.5,Delivered,648.11
SHP03330,Chennai,Chennai,2023-04-30,2023-05-15,26.45,155.2,Delayed,289.72
SHP03331,Hyderabad,Ahmedabad,2023-12-08,2023-12-14,11.83,1464.2,Delayed,1206.15
SHP03332,Bangalore,Hyderabad,2023-07-16,2023-07-19,6.52,605.2,Delivered,543.55
SHP03333,Mumbai,Pune,2023-08-26,2023-09-03,18.49,910.2,Delayed,842.25
SHP03334,Ahmedabad,Hyderabad,2023-07-17,2023-07-23,13.14,264.1,Delivered,299.43
SHP03335,Pune,Kolkata,2023-06-14,2023-06-17,25.58,1607.1,Delivered,1379.08
SHP03336,Mumbai,Hyderabad,2023-06-02,2023-06-08,48.34,1135.4,Delivered,1125.93
SHP03337,Hyderabad,Delhi,2023-04-28,2023-04-29,28.96,1804.2,Delivered,1558.29
SHP03338,Hyderabad,Mumbai,2023-01-11,2023-01-14,44.55,996.0,Delivered,1017.66
SHP03339,Pune,Kolkata,2023-09-10,2023-09-21,32.72,1883.4,Failed,1634.43
SHP03340,Ahmedabad,Kolkata,2023-11-08,2023-11-09,24.02,1784.8,Delivered,1501.59
SHP03341,Bangalore,Mumbai,2023-06-25,2023-07-01,42.8,1157.2,Delivered,1145.67
SHP03342,Pune,Ahmedabad,2023-01-05,2023-01-12,23.83,1868.4,Delayed,1571.84
SHP03343,Pune,Kolkata,2023-06-11,2023-06-14,43.5,652.9,Delivered,774.92
SHP03344,Kolkata,Hyderabad,2023-08-10,2023-08-19,14.93,737.6,Delayed,661.0
SHP03345,Ahmedabad,Chennai,2023-08-28,2023-09-06,6.88,100.5,Delayed,160.35
SHP03346,Bangalore,Bangalore,2023-09-18,2023-10-01,42.84,1182.5,Delayed,1161.73
SHP03347,Chennai,Ahmedabad,2023-09-29,2023-10-03,29.58,1446.6,Failed,1286.86
SHP03348,Kolkata,Hyderabad,2023-01-30,2023-02-04,44.51,1549.3,Delivered,1415.45
SHP03349,Delhi,Pune,2023-01-14,2023-01-15,46.92,308.1,Delivered,534.57
SHP03350,Ahmedabad,Pune,2023-12-21,2023-12-27,3.15,893.9,Delivered,728.11
SHP03351,Bangalore,Chennai,2023-08-19,2023-08-20,25.3,362.0,Delivered,437.97
SHP03352,Hyderabad,Ahmedabad,2023-12-15,2023-12-17,19.06,1327.6,Delivered,1140.43
SHP03353,Kolkata,Ahmedabad,2023-04-01,2023-04-06,31.48,324.3,Delivered,452.31
SHP03354,Bangalore,Chennai,2023-04-09,2023-04-15,39.78,1809.3,Delayed,1616.53
SHP03355,Mumbai,Ahmedabad,2023-09-23,2023-10-01,14.39,469.0,Delayed,469.43
SHP03356,Pune,Kolkata,2023-03-19,2023-03-26,28.06,589.9,Delivered,630.32
SHP03357,Delhi,Delhi,2023-04-12,2023-04-17,35.58,1703.3,Delivered,1506.77
SHP03358,Chennai,Delhi,2023-09-11,2023-09-12,7.15,922.4,Delivered,773.33
SHP03359,Pune,Ahmedabad,2023-12-21,2024-01-05,40.8,57.8,Delayed,313.93
SHP03360,Mumbai,Kolkata,2023-04-07,2023-04-10,30.5,994.2,Delivered,962.2
SHP03361,Mumbai,Kolkata,2023-10-08,2023-10-13,47.5,178.2,Delivered,419.35
SHP03362,Delhi,Mumbai,2023-12-16,2023-12-22,17.31,1970.8,Delivered,1594.66
SHP03363,Chennai,Mumbai,2023-10-31,2023-11-01,5.85,1180.3,Delivered,980.51
SHP03364,Hyderabad,Bangalore,2023-04-21,2023-04-28,25.57,520.5,Delayed,553.2
SHP03365,Kolkata,Bangalore,2023-05-16,2023-05-23,4.75,1131.8,Delivered,912.38
SHP03366,Ahmedabad,Bangalore,2023-05-09,2023-05-16,48.49,163.0,Delivered,400.79
SHP03367,Chennai,Bangalore,2023-08-18,2023-08-20,2.41,1601.8,Delayed,1250.59
SHP03368,Ahmedabad,Chennai,2023-05-06,2023-05-10,37.8,1851.4,Delayed,1639.67
SHP03369,Bangalore,Chennai,2023-09-13,2023-09-17,26.49,1750.1,Delayed,1498.21
SHP03370,Mumbai,Mumbai,2023-09-19,2023-09-20,18.75,690.1,Delivered,679.57
SHP03371,Bangalore,Delhi,2023-05-24,2023-05-31,3.76,658.3,Delivered,551.78
SHP03372,Hyderabad,Kolkata,2023-06-08,2023-06-14,31.3,79.8,Delivered,265.78
SHP03373,Bangalore,Pune,2023-12-01,2023-12-07,29.47,1306.3,Delivered,1196.17
SHP03374,Chennai,Delhi,2023-05-09,2023-05-14,14.4,1074.5,Delivered,940.93
SHP03375,Bangalore,Hyderabad,2023-04-08,2023-04-14,45.56,924.1,Delivered,980.02
SHP03376,Hyderabad,Chennai,2023-07-07,2023-07-10,15.55,1816.2,Delivered,1477.46
SHP03377,Hyderabad,Bangalore,2023-01-02,2023-01-06,22.76,344.1,Delayed,432.65
SHP03378,Hyderabad,Bangalore,2023-11-18,2023-11-25,27.42,29.2,Delivered,202.9
SHP03379,Chennai,Hyderabad,2023-05-14,2023-05-20,5.46,155.9,Delayed,195.45
SHP03380,Hyderabad,Delhi,2023-05-01,2023-05-06,46.64,454.5,Delivered,628.44
SHP03381,Mumbai,Bangalore,2023-12-12,2023-12-18,19.04,76.2,Delivered,206.72
SHP03382,Pune,Delhi,2023-04-03,2023-04-09,4.5,1010.7,Delivered,839.59
SHP03383,Hyderabad,Kolkata,2023-07-27,2023-08-06,19.67,635.0,Failed,631.07
SHP03384,Bangalore,Hyderabad,2023-05-29,2023-06-02,30.21,369.2,Delivered,460.68
SHP03385,Kolkata,Pune,2023-03-10,2023-03-13,25.93,1502.7,Delayed,1304.97
SHP03386,Bangalore,Delhi,2023-04-23,2023-04-29,34.88,416.9,Delivered,543.64
SHP03387,Kolkata,Kolkata,2023-09-15,2023-09-23,3.25,1378.3,Delayed,1091.81
SHP03388,Bangalore,Ahmedabad,2023-07-05,2023-07-11,14.58,705.0,Delivered,644.17
SHP03389,Chennai,Ahmedabad,2023-05-29,2023-06-08,41.05,1028.5,Delayed,1011.61
SHP03390,Bangalore,Delhi,2023-01-12,2023-01-18,4.45,1868.4,Delivered,1470.29
SHP03391,Chennai,Ahmedabad,2023-03-07,2023-03-12,42.85,84.3,Failed,346.95
SHP03392,Chennai,Delhi,2023-01-08,2023-01-13,5.05,1005.5,Delivered,820.79
SHP03393,Hyderabad,Bangalore,2023-04-18,2023-04-19,41.81,1710.3,Delivered,1543.03
SHP03394,Mumbai,Mumbai,2023-06-24,2023-06-26,18.36,1180.1,Delayed,1036.6
SHP03395,Kolkata,Ahmedabad,2023-01-24,2023-01-25,30.8,561.0,Delivered,605.29
SHP03396,Hyderabad,Chennai,2023-04-10,2023-04-14,8.07,801.4,Delivered,707.42
SHP03397,Hyderabad,Delhi,2023-09-07,2023-09-21,3.78,1363.7,Failed,1087.14
SHP03398,Pune,Delhi,2023-04-27,2023-05-03,11.19,1782.7,Delivered,1457.74
SHP03399,Chennai,Delhi,2023-01-03,2023-01-07,6.83,91.7,Delivered,134.48
SHP03400,Chennai,Mumbai,2023-02-17,2023-02-19,15.96,152.4,Delivered,229.93
SHP03401,Kolkata,Kolkata,2023-07-15,2023-07-26,25.96,656.9,Failed,665.38
SHP03402,Bangalore,Ahmedabad,2023-05-02,2023-05-06,29.64,473.2,Delivered,546.92
SHP03403,Bangalore,Pune,2023-02-04,2023-02-05,39.6,537.2,Delivered,664.81
SHP03404,Ahmedabad,Pune,2023-05-07,2023-05-12,32.98,450.3,Delivered,533.07
SHP03405,Hyderabad,Hyderabad,2023-02-16,2023-03-01,30.63,399.7,Delayed,508.57
SHP03406,Ahmedabad,Bangalore,2023-05-25,2023-06-02,20.88,269.9,Delayed,342.08
SHP03407,Delhi,Mumbai,2023-10-13,2023-10-15,23.95,1868.6,Failed,1584.13
SHP03408,Delhi,Kolkata,2023-12-29,2024-01-05,21.02,296.9,Delivered,388.92
SHP03409,Ahmedabad,Delhi,2023-02-17,2023-02-22,42.19,416.8,Delivered,573.55
SHP03410,Bangalore,Kolkata,2023-11-24,2023-11-27,11.89,500.1,Delivered,473.03
SHP03411,Delhi,Mumbai,2023-03-02,2023-03-08,0.78,1866.7,Delivered,1459.3
SHP03412,Pune,Mumbai,2023-06-06,2023-06-13,32.74,1513.9,Delayed,1335.38
SHP03413,Bangalore,Mumbai,2023-06-12,2023-06-14,10.52,1581.5,Delivered,1276.33
SHP03414,Chennai,Hyderabad,2023-07-04,2023-07-10,44.56,218.5,Delivered,441.74
SHP03415,Hyderabad,Chennai,2023-05-30,2023-06-06,43.02,1674.3,Delivered,1540.47
SHP03416,Mumbai,Bangalore,2023-05-07,2023-05-10,4.3,822.3,Delivered,703.87
SHP03417,Hyderabad,Hyderabad,2023-05-03,2023-05-09,5.77,533.0,Delivered,482.32
SHP03418,Ahmedabad,Hyderabad,2023-07-20,2023-07-26,25.01,1155.7,Delivered,1043.37
SHP03419,Bangalore,Ahmedabad,2023-09-08,2023-09-09,30.66,1646.1,Delivered,1457.81
SHP03420,Ahmedabad,Chennai,2023-01-05,2023-01-12,14.11,1559.5,Delivered,1292.07
SHP03421,Pune,Hyderabad,2023-07-22,2023-07-29,35.98,1781.1,Delayed,1562.53
SHP03422,Bangalore,Mumbai,2023-07-28,2023-07-30,29.95,1857.0,Delivered,1608.88
SHP03423,Hyderabad,Mumbai,2023-04-01,2023-04-02,16.58,483.9,Delivered,485.19
SHP03424,Pune,Ahmedabad,2023-04-03,2023-04-08,1.76,853.5,Delivered,682.83
SHP03425,Pune,Kolkata,2023-08-26,2023-08-29,37.63,39.1,Delayed,272.84
SHP03426,Pune,Delhi,2023-08-26,2023-08-29,11.13,1759.9,Delayed,1409.41
SHP03427,Kolkata,Hyderabad,2023-10-11,2023-10-14,41.81,317.6,Delivered,492.18
SHP03428,Bangalore,Delhi,2023-09-10,2023-09-12,21.3,1724.3,Delivered,1446.67
SHP03429,Delhi,Bangalore,2023-06-19,2023-06-20,29.07,665.5,Delivered,696.38
SHP03430,Delhi,Pune,2023-10-31,2023-11-01,43.71,742.6,Delivered,845.17
SHP03431,Bangalore,Mumbai,2023-12-03,2023-12-05,43.25,87.9,Delivered,321.01
SHP03432,Bangalore,Kolkata,2023-12-15,2023-12-17,18.89,660.5,Delivered,634.86
SHP03433,Kolkata,Bangalore,2023-09-14,2023-09-17,10.84,1777.8,Delivered,1422.84
SHP03434,Delhi,Ahmedabad,2023-12-24,2023-12-25,38.87,60.8,Delivered,294.25
SHP03435,Bangalore,Kolkata,2023-01-01,2023-01-04,21.94,818.6,Delivered,782.76
SHP03436,Bangalore,Pune,2023-03-23,2023-03-26,10.01,72.5,Delivered,153.71
SHP03437,Ahmedabad,Pune,2023-05-03,2023-05-04,45.27,748.1,Delivered,827.26
SHP03438,Kolkata,Ahmedabad,2023-11-01,2023-11-05,10.31,353.6,Delivered,371.59
SHP03439,Kolkata,Chennai,2023-07-02,2023-07-07,1.78,511.9,Delivered,444.39
SHP03440,Hyderabad,Ahmedabad,2023-12-19,2023-12-21,1.5,1756.4,Delivered,1361.65
SHP03441,Kolkata,Mumbai,2023-12-07,2023-12-13,31.3,877.7,Failed,861.0
SHP03442,Mumbai,Bangalore,2023-09-20,2023-09-22,33.25,554.9,Failed,629.83
SHP03443,Delhi,Chennai,2023-03-22,2023-03-29,15.9,1182.8,Failed,1035.9
SHP03444,Hyderabad,Pune,2023-04-20,2023-04-23,16.34,292.8,Delivered,365.27
SHP03445,Mumbai,Bangalore,2023-01-06,2023-01-11,17.3,526.2,Delivered,540.52
SHP03446,Bangalore,Kolkata,2023-03-11,2023-03-13,34.17,1097.0,Delivered,1059.15
SHP03447,Ahmedabad,Chennai,2023-04-20,2023-05-02,3.38,482.7,Delayed,438.34
SHP03448,Ahmedabad,Chennai,2023-02-05,2023-02-06,46.49,1361.5,Delivered,1319.71
SHP03449,Bangalore,Mumbai,2023-01-26,2023-01-31,11.51,988.1,Delivered,830.81
SHP03450,Hyderabad,Ahmedabad,2023-04-04,2023-04-07,49.98,1546.3,Delivered,1457.87
SHP03451,Kolkata,Delhi,2023-06-10,2023-06-19,8.99,1897.0,Delayed,1527.58
SHP03452,Pune,Kolkata,2023-03-12,2023-03-24,38.69,240.5,Delayed,427.16
SHP03453,Ahmedabad,Kolkata,2023-02-25,2023-03-10,11.56,676.0,Failed,601.81
SHP03454,Pune,Ahmedabad,2023-06-24,2023-07-01,4.5,645.9,Delivered,550.54
SHP03455,Bangalore,Chennai,2023-07-05,2023-07-07,43.81,310.9,Delivered,494.94
SHP03456,Pune,Chennai,2023-10-01,2023-10-15,43.01,1622.5,Delayed,1472.38
SHP03457,Chennai,Mumbai,2023-01-10,2023-01-15,20.48,1522.2,Delivered,1287.78
SHP03458,Hyderabad,Delhi,2023-02-01,2023-02-15,35.27,974.0,Delayed,957.44
SHP03459,Mumbai,Kolkata,2023-03-02,2023-03-05,28.07,1080.2,Delivered,1014.69
SHP03460,Hyderabad,Pune,2023-10-25,2023-10-28,42.72,128.5,Delivered,369.66
SHP03461,Delhi,Hyderabad,2023-02-15,2023-02-21,16.1,1115.5,Delayed,980.53
SHP03462,Kolkata,Hyderabad,2023-09-23,2023-09-25,26.42,1584.8,Delivered,1386.04
SHP03463,Kolkata,Delhi,2023-10-04,2023-10-06,24.53,1151.9,Delayed,1033.22
SHP03464,Hyderabad,Bangalore,2023-02-06,2023-02-11,18.02,538.0,Delivered,537.44
SHP03465,Bangalore,Mumbai,2023-07-16,2023-07-23,44.63,1338.4,Delayed,1259.25
SHP03466,Bangalore,Delhi,2023-01-22,2023-01-25,8.71,729.4,Delivered,657.82
SHP03467,Chennai,Ahmedabad,2023-09-29,2023-10-03,7.9,1094.3,Delivered,892.86
SHP03468,Chennai,Ahmedabad,2023-02-13,2023-02-17,29.06,980.3,Delivered,940.17
SHP03469,Kolkata,Hyderabad,2023-12-05,2023-12-07,33.05,768.5,Delivered,786.75
SHP03470,Chennai,Chennai,2023-01-01,2023-01-05,10.13,1440.6,Delivered,1199.05
SHP03471,Ahmedabad,Hyderabad,2023-12-11,2023-12-17,19.84,1768.9,Delayed,1472.66
SHP03472,Ahmedabad,Chennai,2023-04-28,2023-04-30,47.35,20.4,Delivered,314.71
SHP03473,Mumbai,Mumbai,2023-03-12,2023-03-16,12.71,1867.9,Delivered,1505.78
SHP03474,Chennai,Chennai,2023-06-08,2023-06-15,33.58,1027.9,Delayed,980.79
SHP03475,Mumbai,Delhi,2023-05-31,2023-06-04,37.14,1404.5,Delivered,1292.9
SHP03476,Chennai,Chennai,2023-08-18,2023-08-22,22.68,1712.7,Delivered,1467.84
SHP03477,Kolkata,Bangalore,2023-03-13,2023-03-20,46.91,939.5,Delivered,989.88
SHP03478,Kolkata,Ahmedabad,2023-09-02,2023-09-07,36.96,1671.6,Delayed,1505.95
SHP03479,Mumbai,Delhi,2023-01-24,2023-01-30,23.17,363.5,Delivered,449.92
SHP03480,Hyderabad,Ahmedabad,2023-07-25,2023-07-27,28.68,326.7,Delivered,450.26
SHP03481,Kolkata,Mumbai,2023-11-25,2023-12-08,34.78,1318.4,Delayed,1210.14
SHP03482,Hyderabad,Delhi,2023-01-12,2023-01-26,29.81,1741.6,Failed,1500.71
SHP03483,Bangalore,Bangalore,2023-07-03,2023-07-07,44.0,1785.9,Delivered,1597.1
SHP03484,Ahmedabad,Mumbai,2023-05-03,2023-05-14,18.17,1291.0,Failed,1127.66
SHP03485,Mumbai,Hyderabad,2023-12-28,2024-01-11,15.34,1055.7,Delayed,936.85
SHP03486,Pune,Bangalore,2023-06-20,2023-06-27,11.09,669.5,Delivered,617.46
SHP03487,Kolkata,Mumbai,2023-11-12,2023-11-17,2.37,1960.2,Failed,1523.85
SHP03488,Delhi,Pune,2023-03-26,2023-03-28,2.63,646.2,Delivered,537.61
SHP03489,Bangalore,Chennai,2023-05-09,2023-05-13,43.57,1490.9,Delivered,1405.57
SHP03490,Hyderabad,Delhi,2023-10-06,2023-10-13,34.08,1068.6,Delivered,1004.51
SHP03491,Kolkata,Mumbai,2023-02-26,2023-03-03,33.2,1220.9,Delivered,1145.42
SHP03492,Mumbai,Delhi,2023-10-28,2023-11-01,30.92,793.0,Delivered,793.57
SHP03493,Pune,Chennai,2023-07-18,2023-08-01,42.54,1930.0,Failed,1706.95
SHP03494,Chennai,Mumbai,2023-07-12,2023-07-15,24.27,1147.6,Delivered,1045.33
SHP03495,Pune,Hyderabad,2023-07-13,2023-07-20,43.59,1876.2,Delivered,1658.72
SHP03496,Delhi,Pune,2023-07-29,2023-08-04,18.29,25.1,Delivered,154.44
SHP03497,Hyderabad,Pune,2023-08-05,2023-08-14,46.37,1149.6,Failed,1162.13
SHP03498,Bangalore,Bangalore,2023-05-12,2023-05-13,35.08,1437.2,Delivered,1311.26
SHP03499,Pune,Mumbai,2023-12-16,2023-12-22,13.23,1492.7,Delivered,1245.87
SHP03500,Mumbai,Chennai,2023-01-15,2023-01-18,28.42,1810.9,Delivered,1560.58
SHP03501,Delhi,Mumbai,2023-02-25,2023-03-01,26.89,18.8,Failed,180.97
SHP03502,Mumbai,Delhi,2023-11-26,2023-12-01,7.33,10.7,Delivered,82.8
SHP03503,Kolkata,Kolkata,2023-04-04,2023-04-17,29.77,949.8,Failed,910.85
SHP03504,Chennai,Ahmedabad,2023-09-17,2023-09-18,16.08,68.3,Delivered,176.35
SHP03505,Bangalore,Mumbai,2023-09-26,2023-09-30,3.09,1949.3,Delivered,1523.86
SHP03506,Mumbai,Pune,2023-04-28,2023-05-05,47.46,451.9,Delivered,637.48
SHP03507,Hyderabad,Pune,2023-10-23,2023-10-26,32.25,950.6,Delayed,904.79
SHP03508,Kolkata,Ahmedabad,2023-10-06,2023-10-08,43.91,131.7,Delivered,374.74
SHP03509,Kolkata,Pune,2023-03-25,2023-04-01,33.96,1048.9,Delivered,986.48
SHP03510,Bangalore,Hyderabad,2023-08-30,2023-09-05,18.17,766.1,Delivered,697.95
SHP03511,Kolkata,Mumbai,2023-09-02,2023-09-05,25.88,98.9,Delivered,249.91
SHP03512,Hyderabad,Bangalore,2023-06-17,2023-06-23,33.95,676.9,Delivered,741.06
SHP03513,Mumbai,Mumbai,2023-12-16,2023-12-31,48.03,789.0,Failed,867.7
SHP03514,Bangalore,Kolkata,2023-12-17,2023-12-23,13.06,1979.9,Delivered,1602.41
SHP03515,Ahmedabad,Pune,2023-05-12,2023-05-16,43.81,423.7,Delivered,593.97
SHP03516,Kolkata,Delhi,2023-02-06,2023-02-10,46.24,1094.1,Delivered,1090.96
SHP03517,Kolkata,Pune,2023-01-17,2023-01-21,33.69,1974.8,Delivered,1700.04
SHP03518,Hyderabad,Mumbai,2023-02-19,2023-02-21,46.6,1586.1,Delivered,1489.03
SHP03519,Chennai,Hyderabad,2023-03-22,2023-03-25,20.19,1986.8,Delivered,1641.54
SHP03520,Chennai,Chennai,2023-10-27,2023-11-03,47.67,1936.9,Delayed,1727.32
SHP03521,Pune,Mumbai,2023-01-19,2023-01-21,35.29,984.2,Delivered,969.71
SHP03522,Kolkata,Mumbai,2023-11-11,2023-11-13,2.58,1395.8,Delivered,1113.44
SHP03523,Ahmedabad,Bangalore,2023-01-02,2023-01-06,45.39,229.8,Delivered,430.38
SHP03524,Mumbai,Hyderabad,2023-11-14,2023-11-16,24.48,887.9,Delivered,821.95
SHP03525,Bangalore,Kolkata,2023-09-25,2023-09-27,23.29,1619.9,Failed,1367.65
SHP03526,Kolkata,Chennai,2023-05-20,2023-05-30,28.54,1015.6,Failed,939.85
SHP03527,Delhi,Pune,2023-05-23,2023-05-25,7.89,1408.4,Delivered,1136.13
SHP03528,Bangalore,Delhi,2023-04-16,2023-04-23,23.72,1494.0,Delivered,1287.26
SHP03529,Pune,Mumbai,2023-06-14,2023-06-19,41.64,514.4,Delivered,638.87
SHP03530,Chennai,Kolkata,2023-03-12,2023-03-16,1.27,1752.6,Delivered,1386.43
SHP03531,Ahmedabad,Chennai,2023-03-25,2023-03-29,14.01,925.0,Delivered,818.28
SHP03532,Kolkata,Delhi,2023-01-18,2023-01-21,0.62,428.3,Failed,389.37
SHP03533,Hyderabad,Kolkata,2023-11-30,2023-12-02,21.08,1732.2,Delivered,1455.63
SHP03534,Delhi,Hyderabad,2023-03-14,2023-03-16,36.55,841.5,Delivered,847.47
SHP03535,Kolkata,Hyderabad,2023-08-25,2023-08-29,40.04,1503.1,Delivered,1376.06
SHP03536,Ahmedabad,Chennai,2023-03-29,2023-04-04,47.29,1100.6,Delivered,1124.78
SHP03537,Pune,Pune,2023-03-21,2023-03-27,30.62,769.9,Delivered,768.29
SHP03538,Mumbai,Ahmedabad,2023-12-31,2024-01-01,13.1,1621.7,Delivered,1315.42
SHP03539,Delhi,Delhi,2023-03-28,2023-03-31,46.25,1173.1,Failed,1154.25
SHP03540,Pune,Hyderabad,2023-11-09,2023-11-10,38.88,787.2,Delivered,830.36
SHP03541,Kolkata,Ahmedabad,2023-04-16,2023-04-22,28.93,228.1,Delivered,357.98
SHP03542,Mumbai,Chennai,2023-10-01,2023-10-02,34.93,1791.9,Delivered,1553.98
SHP03543,Delhi,Hyderabad,2023-12-05,2023-12-10,46.25,80.6,Delayed,331.73
SHP03544,Mumbai,Hyderabad,2023-08-11,2023-08-19,35.76,1727.7,Delayed,1531.87
SHP03545,Mumbai,Kolkata,2023-08-07,2023-08-22,18.73,726.3,Delayed,683.81
SHP03546,Delhi,Ahmedabad,2023-07-12,2023-07-27,35.79,1282.3,Failed,1195.98
SHP03547,Delhi,Kolkata,2023-04-25,2023-04-28,2.49,1845.2,Delivered,1447.8
SHP03548,Mumbai,Hyderabad,2023-07-11,2023-07-20,19.63,311.9,Failed,384.04
SHP03549,Pune,Ahmedabad,2023-04-14,2023-04-17,20.61,1138.2,Delayed,996.64
SHP03550,Ahmedabad,Bangalore,2023-04-17,2023-04-24,8.76,1531.2,Delivered,1243.06
SHP03551,Chennai,Ahmedabad,2023-09-19,2023-09-21,1.64,1517.6,Delivered,1177.34
SHP03552,Delhi,Kolkata,2023-10-02,2023-10-04,7.1,1056.0,Delivered,874.77
SHP03553,Kolkata,Delhi,2023-07-21,2023-07-25,32.9,1253.2,Delivered,1157.3
SHP03554,Bangalore,Chennai,2023-09-21,2023-09-25,40.21,1517.5,Delivered,1376.45
SHP03555,Hyderabad,Chennai,2023-12-26,2024-01-02,49.42,1683.6,Delivered,1550.06
SHP03556,Mumbai,Pune,2023-07-05,2023-07-10,17.64,1526.0,Delivered,1271.48
SHP03557,Mumbai,Delhi,2023-09-21,2023-10-01,30.17,714.5,Delayed,719.55
SHP03558,Hyderabad,Delhi,2023-09-21,2023-09-26,46.89,1993.5,Delivered,1773.49
SHP03559,Chennai,Delhi,2023-01-30,2023-02-13,8.77,874.7,Failed,769.03
SHP03560,Hyderabad,Pune,2023-11-29,2023-12-02,36.02,58.7,Delivered,268.28
SHP03561,Delhi,Delhi,2023-01-09,2023-01-10,37.87,731.6,Delivered,786.47
SHP03562,Hyderabad,Mumbai,2023-02-17,2023-02-24,4.9,264.3,Delivered,278.85
SHP03563,Mumbai,Pune,2023-03-05,2023-03-08,43.13,251.7,Delivered,460.36
SHP03564,Hyderabad,Chennai,2023-10-17,2023-10-19,40.75,570.3,Delivered,699.47
SHP03565,Bangalore,Mumbai,2023-06-27,2023-07-04,2.15,116.2,Delivered,162.2
SHP03566,Kolkata,Pune,2023-07-17,2023-07-23,5.01,1380.1,Delivered,1121.88
SHP03567,Delhi,Hyderabad,2023-08-06,2023-08-10,2.93,157.2,Delivered,200.62
SHP03568,Hyderabad,Hyderabad,2023-08-07,2023-08-08,17.07,414.5,Delivered,435.46
SHP03569,Mumbai,Chennai,2023-08-27,2023-08-29,25.71,194.9,Delivered,329.41
SHP03570,Pune,Hyderabad,2023-10-03,2023-10-10,26.85,135.7,Delivered,301.51
SHP03571,Kolkata,Delhi,2023-03-23,2023-03-29,13.75,542.8,Delivered,530.82
SHP03572,Delhi,Pune,2023-02-22,2023-03-01,45.62,1148.1,Delivered,1158.27
SHP03573,Mumbai,Mumbai,2023-04-25,2023-04-27,18.73,1929.7,Delivered,1574.94
SHP03574,Chennai,Delhi,2023-10-06,2023-10-12,2.75,1752.4,Delivered,1375.62
SHP03575,Bangalore,Hyderabad,2023-09-03,2023-09-10,15.36,1753.1,Delivered,1460.72
SHP03576,Ahmedabad,Kolkata,2023-02-07,2023-02-14,26.79,360.4,Delivered,449.43
SHP03577,Chennai,Ahmedabad,2023-05-31,2023-06-01,20.71,537.2,Delivered,566.03
SHP03578,Ahmedabad,Mumbai,2023-05-07,2023-05-09,14.06,162.0,Delivered,223.02
SHP03579,Bangalore,Delhi,2023-12-10,2023-12-12,7.0,1559.2,Delivered,1262.19
SHP03580,Hyderabad,Pune,2023-08-28,2023-08-29,41.05,148.9,Delivered,384.31
SHP03581,Delhi,Chennai,2023-12-11,2023-12-25,49.81,1117.8,Delayed,1132.71
SHP03582,Hyderabad,Delhi,2023-07-10,2023-07-20,16.81,503.3,Failed,492.38
SHP03583,Bangalore,Kolkata,2023-06-21,2023-06-28,19.39,494.5,Delivered,498.94
SHP03584,Bangalore,Hyderabad,2023-02-17,2023-02-28,31.09,1981.5,Delayed,1707.26
SHP03585,Bangalore,Mumbai,2023-09-30,2023-10-04,36.06,1516.0,Delivered,1376.2
SHP03586,Ahmedabad,Chennai,2023-05-24,2023-05-25,19.91,1675.5,Delivered,1390.44
SHP03587,Kolkata,Mumbai,2023-02-28,2023-03-07,45.29,1148.2,Delayed,1119.78
SHP03588,Mumbai,Chennai,2023-03-27,2023-04-06,28.22,1743.3,Delayed,1510.77
SHP03589,Delhi,Ahmedabad,2023-01-07,2023-01-13,22.79,1294.5,Delivered,1147.22
SHP03590,Hyderabad,Pune,2023-01-14,2023-01-17,32.51,1892.9,Delivered,1617.05
SHP03591,Hyderabad,Mumbai,2023-11-05,2023-11-07,47.66,569.9,Delivered,707.79
SHP03592,Chennai,Hyderabad,2023-03-21,2023-03-23,39.83,1194.7,Delivered,1156.38
SHP03593,Ahmedabad,Pune,2023-05-18,2023-05-22,2.48,1383.4,Delivered,1100.97
SHP03594,Bangalore,Pune,2023-08-29,2023-09-03,16.95,791.9,Delivered,746.94
SHP03595,Pune,Ahmedabad,2023-12-08,2023-12-13,23.79,1760.6,Delayed,1488.64
SHP03596,Bangalore,Chennai,2023-09-16,2023-09-23,16.07,1959.8,Delivered,1607.28
SHP03597,Bangalore,Bangalore,2023-12-23,2024-01-04,35.16,992.6,Failed,970.64
SHP03598,Pune,Mumbai,2023-09-09,2023-09-16,41.4,787.4,Delivered,865.27
SHP03599,Hyderabad,Mumbai,2023-10-10,2023-10-13,36.7,949.2,Delivered,941.35
SHP03600,Chennai,Delhi,2023-05-31,2023-06-01,49.47,1706.9,Delivered,1566.72
SHP03601,Mumbai,Chennai,2023-03-27,2023-03-28,13.99,1294.5,Delivered,1083.89
SHP03602,Pune,Kolkata,2023-01-19,2023-01-25,43.81,99.1,Delivered,357.49
SHP03603,Ahmedabad,Bangalore,2023-05-16,2023-05-21,38.45,1088.9,Delivered,1058.84
SHP03604,Kolkata,Hyderabad,2023-12-05,2023-12-08,18.43,44.4,Delivered,169.62
SHP03605,Delhi,Delhi,2023-11-19,2023-11-23,36.84,1559.3,Delivered,1405.45
SHP03606,Ahmedabad,Ahmedabad,2023-08-16,2023-08-17,5.65,663.3,Delivered,561.05
SHP03607,Pune,Bangalore,2023-03-11,2023-03-16,39.57,949.3,Delivered,940.04
SHP03608,Mumbai,Chennai,2023-05-13,2023-05-20,26.85,1599.4,Delivered,1375.02
SHP03609,Hyderabad,Bangalore,2023-11-25,2023-11-30,14.97,102.4,Delivered,205.85
SHP03610,Kolkata,Ahmedabad,2023-09-05,2023-09-07,32.96,325.5,Delivered,467.39
SHP03611,Kolkata,Pune,2023-06-07,2023-06-18,32.26,801.9,Delayed,825.79
SHP03612,Kolkata,Mumbai,2023-09-14,2023-09-16,10.87,467.6,Delivered,472.12
SHP03613,Bangalore,Pune,2023-09-29,2023-10-05,2.0,682.4,Delivered,568.28
SHP03614,Delhi,Mumbai,2023-04-14,2023-04-17,21.96,1996.4,Delivered,1666.72
SHP03615,Hyderabad,Delhi,2023-12-07,2023-12-12,28.69,1652.6,Delivered,1415.89
SHP03616,Hyderabad,Ahmedabad,2023-04-30,2023-05-01,43.89,1769.0,Delivered,1578.5
SHP03617,Kolkata,Chennai,2023-02-22,2023-02-27,46.45,1874.7,Delivered,1673.27
SHP03618,Hyderabad,Chennai,2023-03-31,2023-04-07,26.68,688.5,Failed,697.72
SHP03619,Delhi,Bangalore,2023-06-04,2023-06-05,37.81,601.2,Delivered,678.4
SHP03620,Delhi,Delhi,2023-01-19,2023-01-23,22.25,475.8,Delivered,509.58
SHP03621,Chennai,Chennai,2023-12-27,2023-12-29,37.43,1661.9,Delivered,1489.49
SHP03622,Pune,Kolkata,2023-05-09,2023-05-12,10.64,1362.3,Delivered,1119.27
SHP03623,Pune,Kolkata,2023-12-06,2023-12-07,18.87,480.0,Delivered,506.64
SHP03624,Chennai,Pune,2023-12-18,2024-01-02,31.89,760.2,Failed,776.1
SHP03625,Mumbai,Mumbai,2023-08-22,2023-08-30,1.4,1018.4,Failed,807.56
SHP03626,Pune,Bangalore,2023-07-19,2023-07-24,36.26,1061.0,Failed,1010.01
SHP03627,Delhi,Hyderabad,2023-03-12,2023-03-19,41.86,1778.6,Delivered,1582.7
SHP03628,Delhi,Ahmedabad,2023-09-28,2023-10-03,20.26,767.3,Failed,709.08
SHP03629,Pune,Mumbai,2023-11-30,2023-12-01,22.67,1818.0,Delivered,1531.59
SHP03630,Delhi,Delhi,2023-11-23,2023-11-28,42.64,888.3,Delivered,941.25
SHP03631,Chennai,Chennai,2023-12-09,2023-12-18,38.89,1495.3,Delayed,1359.51
SHP03632,Kolkata,Mumbai,2023-11-10,2023-11-17,14.76,1861.2,Delivered,1515.18
SHP03633,Kolkata,Hyderabad,2023-06-16,2023-06-23,16.54,1816.1,Delivered,1507.42
SHP03634,Hyderabad,Hyderabad,2023-05-17,2023-05-18,34.1,123.3,Delivered,301.88
SHP03635,Ahmedabad,Kolkata,2023-11-03,2023-11-09,28.38,419.4,Delivered,491.22
SHP03636,Ahmedabad,Delhi,2023-01-18,2023-01-24,8.53,959.0,Delivered,811.94
SHP03637,Kolkata,Mumbai,2023-11-26,2023-12-09,15.84,868.8,Delayed,786.65
SHP03638,Bangalore,Bangalore,2023-12-27,2023-12-30,45.05,1285.4,Delivered,1243.29
SHP03639,Chennai,Mumbai,2023-07-24,2023-07-28,34.56,1890.0,Delivered,1648.85
SHP03640,Delhi,Kolkata,2023-04-12,2023-04-14,49.31,233.7,Delivered,454.1
SHP03641,Pune,Pune,2023-03-29,2023-04-03,38.47,909.2,Failed,921.38
SHP03642,Kolkata,Hyderabad,2023-05-14,2023-05-17,47.13,392.9,Delivered,569.87
SHP03643,Chennai,Delhi,2023-05-27,2023-05-31,11.2,1789.3,Delivered,1458.34
SHP03644,Kolkata,Delhi,2023-02-11,2023-02-17,38.69,1929.5,Delivered,1705.48
SHP03645,Mumbai,Bangalore,2023-07-13,2023-07-16,1.5,962.6,Delivered,770.7
SHP03646,Delhi,Delhi,2023-12-30,2024-01-06,33.7,217.0,Delivered,365.06
SHP03647,Mumbai,Kolkata,2023-06-09,2023-06-16,23.73,1572.7,Delivered,1338.31
SHP03648,Delhi,Kolkata,2023-08-20,2023-08-25,17.66,1397.3,Failed,1170.44
SHP03649,Chennai,Kolkata,2023-05-14,2023-05-18,43.19,715.8,Delayed,795.7
SHP03650,Hyderabad,Delhi,2023-06-06,2023-06-13,42.79,1775.9,Delivered,1597.4
SHP03651,Kolkata,Delhi,2023-02-15,2023-02-22,1.6,1951.9,Delivered,1540.87
SHP03652,Kolkata,Kolkata,2023-05-19,2023-06-03,30.67,1120.1,Delayed,1039.4
SHP03653,Bangalore,Delhi,2023-08-07,2023-08-12,18.71,1135.8,Delivered,984.2
SHP03654,Pune,Ahmedabad,2023-04-28,2023-05-03,21.08,602.1,Delivered,593.65
SHP03655,Mumbai,Delhi,2023-06-18,2023-06-22,41.69,1173.2,Delivered,1125.27
SHP03656,Kolkata,Ahmedabad,2023-03-10,2023-03-15,15.84,884.9,Delivered,780.58
SHP03657,Chennai,Hyderabad,2023-10-19,2023-10-23,47.18,611.4,Delivered,754.94
SHP03658,Hyderabad,Mumbai,2023-11-01,2023-11-06,9.39,143.7,Delivered,187.17
SHP03659,Pune,Chennai,2023-03-13,2023-03-23,33.3,512.9,Delayed,621.07
SHP03660,Chennai,Ahmedabad,2023-01-30,2023-02-01,33.77,403.7,Delivered,522.53
SHP03661,Mumbai,Ahmedabad,2023-04-18,2023-04-22,12.98,1088.7,Delivered,933.2
SHP03662,Bangalore,Delhi,2023-07-19,2023-07-23,16.58,1207.3,Delivered,1032.68
SHP03663,Kolkata,Chennai,2023-05-01,2023-05-04,41.82,1221.1,Delivered,1182.54
SHP03664,Chennai,Pune,2023-07-07,2023-07-11,38.21,782.5,Delivered,826.78
SHP03665,Pune,Chennai,2023-04-30,2023-05-01,16.79,848.2,Delivered,763.26
SHP03666,Delhi,Hyderabad,2023-01-29,2023-01-31,26.93,1670.1,Delivered,1427.83
SHP03667,Hyderabad,Ahmedabad,2023-11-07,2023-11-08,3.55,957.7,Delivered,803.05
SHP03668,Pune,Delhi,2023-03-21,2023-03-24,10.83,1975.7,Delivered,1577.56
SHP03669,Chennai,Kolkata,2023-05-21,2023-05-23,24.55,884.8,Delayed,833.81
SHP03670,Hyderabad,Chennai,2023-08-02,2023-08-03,4.76,1302.7,Delivered,1044.84
SHP03671,Kolkata,Delhi,2023-09-22,2023-10-01,42.24,110.2,Delayed,327.3
SHP03672,Delhi,Bangalore,2023-07-23,2023-07-26,36.04,1310.1,Delivered,1200.21
SHP03673,Bangalore,Pune,2024-01-01,2024-01-03,47.21,1704.3,Delivered,1551.86
SHP03674,Pune,Kolkata,2023-08-07,2023-08-08,34.83,1885.5,Delivered,1646.02
SHP03675,Bangalore,Bangalore,2023-02-19,2023-02-28,47.05,1994.7,Delayed,1777.54
SHP03676,Delhi,Bangalore,2023-06-30,2023-07-04,27.95,571.5,Delivered,629.65
SHP03677,Hyderabad,Chennai,2023-12-16,2023-12-20,30.21,1155.0,Delivered,1075.66
SHP03678,Kolkata,Bangalore,2023-10-03,2023-10-09,48.86,906.9,Delivered,962.16
SHP03679,Chennai,Hyderabad,2023-05-05,2023-05-11,32.29,1132.0,Delivered,1062.97
SHP03680,Delhi,Hyderabad,2023-08-30,2023-09-02,2.02,323.3,Delivered,312.29
SHP03681,Mumbai,Chennai,2023-08-08,2023-08-13,36.33,1713.7,Delivered,1522.25
SHP03682,Hyderabad,Delhi,2023-10-18,2023-10-20,45.32,1820.0,Failed,1645.6
SHP03683,Bangalore,Mumbai,2023-09-16,2023-09-19,39.88,904.8,Delivered,937.58
SHP03684,Pune,Delhi,2023-06-14,2023-06-16,29.4,568.1,Delivered,605.35
SHP03685,Delhi,Delhi,2023-02-18,2023-02-25,33.73,290.3,Delivered,445.63
SHP03686,Bangalore,Delhi,2023-04-04,2023-04-11,49.51,1370.7,Delivered,1316.48
SHP03687,Hyderabad,Delhi,2023-04-08,2023-04-10,4.99,631.3,Delivered,551.3
SHP03688,Bangalore,Kolkata,2023-07-20,2023-07-27,33.53,1820.0,Delivered,1572.34
SHP03689,Delhi,Mumbai,2023-05-11,2023-05-16,14.53,1345.3,Delivered,1145.18
SHP03690,Hyderabad,Kolkata,2023-08-20,2023-09-01,32.18,1294.9,Delayed,1181.3
SHP03691,Mumbai,Bangalore,2023-02-24,2023-03-03,30.58,1123.2,Delivered,1051.02
SHP03692,Delhi,Pune,2023-03-25,2023-03-26,8.1,101.1,Delivered,178.09
SHP03693,Chennai,Delhi,2023-12-15,2023-12-19,10.73,1864.5,Delivered,1517.84
SHP03694,Ahmedabad,Pune,2023-12-01,2023-12-03,31.27,1259.6,Delivered,1160.33
SHP03695,Kolkata,Hyderabad,2023-09-12,2023-09-17,6.85,1988.2,Failed,1561.35
SHP03696,Delhi,Chennai,2023-05-19,2023-05-26,13.63,1079.3,Delivered,941.81
SHP03697,Hyderabad,Chennai,2023-01-19,2023-01-21,41.84,1423.1,Delayed,1331.27
SHP03698,Pune,Kolkata,2023-01-02,2023-01-11,16.69,121.9,Failed,229.25
SHP03699,Kolkata,Kolkata,2023-12-05,2023-12-07,24.66,1267.2,Delivered,1140.55
SHP03700,Delhi,Hyderabad,2024-01-01,2024-01-06,47.09,1531.7,Delivered,1424.18
SHP03701,Mumbai,Delhi,2023-11-29,2023-12-05,11.74,1559.2,Delivered,1267.68
SHP03702,Pune,Pune,2023-11-18,2023-11-22,19.79,1542.5,Delivered,1306.35
SHP03703,Mumbai,Ahmedabad,2023-08-07,2023-08-13,30.52,460.3,Delayed,557.86
SHP03704,Chennai,Pune,2023-06-26,2023-07-03,37.89,1951.0,Delivered,1700.59
SHP03705,Pune,Mumbai,2023-11-27,2023-11-28,45.13,1990.4,Delivered,1773.81
SHP03706,Bangalore,Bangalore,2023-09-29,2023-10-06,45.82,160.4,Delivered,397.5
SHP03707,Ahmedabad,Chennai,2023-12-10,2023-12-13,38.94,1873.5,Delivered,1654.24
SHP03708,Pune,Bangalore,2023-12-02,2023-12-04,11.8,586.0,Delivered,561.39
SHP03709,Kolkata,Mumbai,2023-09-16,2023-09-23,1.73,1381.7,Delivered,1082.14
SHP03710,Pune,Kolkata,2023-08-07,2023-08-13,19.5,682.8,Delivered,667.42
SHP03711,Hyderabad,Pune,2023-01-28,2023-02-02,7.51,1935.8,Delivered,1550.9
SHP03712,Ahmedabad,Chennai,2023-12-08,2023-12-10,35.66,212.0,Delivered,385.18
SHP03713,Hyderabad,Bangalore,2023-11-04,2023-11-06,33.23,1000.5,Delivered,959.45
SHP03714,Bangalore,Ahmedabad,2023-07-16,2023-07-28,2.68,861.8,Failed,690.29
SHP03715,Pune,Kolkata,2023-07-23,2023-07-29,41.91,658.8,Delivered,765.53
SHP03716,Mumbai,Mumbai,2023-10-23,2023-10-27,12.81,1294.6,Delivered,1078.12
SHP03717,Mumbai,Ahmedabad,2023-01-23,2023-01-30,21.9,270.8,Delivered,356.89
SHP03718,Delhi,Bangalore,2023-04-16,2023-04-18,33.56,1436.2,Delayed,1288.39
SHP03719,Chennai,Ahmedabad,2023-06-08,2023-06-22,21.76,1961.4,Delayed,1629.8
SHP03720,Kolkata,Pune,2023-11-05,2023-11-10,22.34,1611.1,Delayed,1378.12
SHP03721,Ahmedabad,Delhi,2023-01-03,2023-01-06,3.75,1721.4,Delivered,1370.67
SHP03722,Chennai,Ahmedabad,2023-03-30,2023-04-07,20.37,725.7,Failed,691.83
SHP03723,Pune,Kolkata,2023-10-31,2023-11-10,38.36,656.5,Delayed,740.7
SHP03724,Chennai,Mumbai,2023-12-03,2023-12-09,45.8,1038.9,Delivered,1067.0
SHP03725,Delhi,Bangalore,2023-01-27,2023-02-03,20.97,101.0,Delivered,222.48
SHP03726,Chennai,Pune,2023-03-02,2023-03-17,21.47,1891.3,Delayed,1559.69
SHP03727,Ahmedabad,Delhi,2023-05-19,2023-05-23,35.28,296.1,Delivered,464.26
SHP03728,Bangalore,Delhi,2023-08-24,2023-08-27,47.17,1807.0,Delivered,1648.18
SHP03729,Delhi,Mumbai,2023-07-10,2023-07-14,13.72,176.3,Delivered,256.75
SHP03730,Bangalore,Hyderabad,2023-12-23,2023-12-24,22.29,1647.0,Delivered,1379.06
SHP03731,Pune,Pune,2023-10-25,2023-11-01,39.9,312.4,Delivered,496.51
SHP03732,Delhi,Pune,2023-06-14,2023-06-19,30.68,85.9,Delivered,270.47
SHP03733,Pune,Chennai,2023-06-10,2023-06-17,5.97,1441.8,Delivered,1175.12
SHP03734,Pune,Mumbai,2023-04-04,2023-04-07,31.57,567.7,Failed,652.61
SHP03735,Chennai,Delhi,2023-04-13,2023-04-17,9.74,1431.8,Delivered,1190.83
SHP03736,Bangalore,Delhi,2023-08-07,2023-08-10,25.76,1114.6,Delivered,1028.99
SHP03737,Pune,Ahmedabad,2023-01-21,2023-01-26,26.69,226.5,Delivered,333.76
SHP03738,Bangalore,Mumbai,2023-11-28,2023-12-01,43.87,1864.9,Delivered,1683.45
SHP03739,Bangalore,Hyderabad,2023-07-14,2023-07-20,23.39,910.1,Delivered,832.53
SHP03740,Delhi,Chennai,2023-04-03,2023-04-05,14.33,1471.6,Delivered,1239.4
SHP03741,Hyderabad,Bangalore,2023-09-07,2023-09-13,11.93,1007.0,Failed,856.11
SHP03742,Chennai,Mumbai,2023-06-04,2023-06-07,43.78,1212.7,Delivered,1182.83
SHP03743,Pune,Chennai,2023-09-28,2023-10-02,8.97,612.5,Delivered,535.75
SHP03744,Bangalore,Pune,2023-03-06,2023-03-11,21.58,408.7,Delivered,475.27
SHP03745,Kolkata,Chennai,2023-06-25,2023-06-30,9.77,1089.7,Delivered,900.59
SHP03746,Hyderabad,Ahmedabad,2023-09-24,2023-09-29,38.78,886.0,Delayed,904.83
SHP03747,Pune,Kolkata,2023-01-25,2023-01-29,23.98,786.3,Delayed,772.32
SHP03748,Kolkata,Delhi,2023-02-10,2023-02-11,17.88,1348.4,Delivered,1158.51
SHP03749,Chennai,Ahmedabad,2023-05-05,2023-05-11,18.37,1384.1,Delivered,1160.17
SHP03750,Chennai,Bangalore,2023-04-30,2023-05-03,42.68,101.4,Delivered,335.57
SHP03751,Bangalore,Mumbai,2023-09-25,2023-10-02,27.91,684.1,Failed,684.3
SHP03752,Bangalore,Ahmedabad,2023-02-12,2023-02-19,36.03,829.4,Delivered,859.14
SHP03753,Ahmedabad,Delhi,2023-02-02,2023-02-09,44.9,202.8,Delivered,445.36
SHP03754,Ahmedabad,Kolkata,2023-01-05,2023-01-11,45.14,479.4,Delivered,641.46
SHP03755,Pune,Ahmedabad,2023-08-23,2023-08-28,16.76,112.8,Delivered,207.37
SHP03756,Delhi,Kolkata,2023-09-16,2023-09-23,47.65,1992.5,Delivered,1776.83
SHP03757,Hyderabad,Ahmedabad,2023-07-04,2023-07-06,1.73,1475.7,Delivered,1184.49
SHP03758,Pune,Delhi,2023-09-11,2023-09-16,19.15,184.0,Delivered,272.71
SHP03759,Hyderabad,Hyderabad,2023-06-06,2023-06-09,44.84,50.3,Delivered,314.39
SHP03760,Bangalore,Chennai,2023-03-05,2023-03-11,14.09,1441.4,Delayed,1197.52
SHP03761,Chennai,Mumbai,2023-04-12,2023-04-15,14.02,884.0,Delivered,793.83
SHP03762,Bangalore,Mumbai,2023-07-06,2023-07-08,15.48,1575.7,Delivered,1323.87
SHP03763,Chennai,Mumbai,2023-10-28,2023-11-07,30.81,1847.7,Delayed,1583.46
SHP03764,Ahmedabad,Delhi,2023-10-04,2023-10-08,22.2,1202.6,Delayed,1069.37
SHP03765,Pune,Pune,2023-08-17,2023-08-18,36.47,382.3,Delivered,521.04
SHP03766,Ahmedabad,Hyderabad,2023-12-02,2023-12-03,44.8,1566.6,Delivered,1440.09
SHP03767,Chennai,Bangalore,2023-02-06,2023-02-08,33.87,1912.1,Delivered,1644.3
SHP03768,Bangalore,Kolkata,2023-06-05,2023-06-10,10.62,1164.7,Delivered,978.17
SHP03769,Ahmedabad,Delhi,2023-01-13,2023-01-16,46.67,1367.2,Delayed,1294.91
SHP03770,Mumbai,Pune,2023-07-26,2023-07-28,13.59,681.6,Delivered,641.58
SHP03771,Hyderabad,Bangalore,2023-06-22,2023-06-24,7.92,769.2,Delivered,649.26
SHP03772,Kolkata,Kolkata,2023-03-25,2023-03-30,4.95,1472.0,Delivered,1162.53
SHP03773,Chennai,Kolkata,2023-11-11,2023-11-12,28.39,1856.3,Delivered,1577.86
SHP03774,Chennai,Hyderabad,2023-02-09,2023-02-16,6.13,1261.7,Delivered,1011.65
SHP03775,Mumbai,Chennai,2023-09-09,2023-09-16,7.37,1581.8,Delivered,1272.23
SHP03776,Pune,Mumbai,2023-07-03,2023-07-07,15.35,351.6,Delivered,386.44
SHP03777,Pune,Ahmedabad,2023-09-24,2023-09-30,14.44,431.8,Delivered,454.92
SHP03778,Pune,Bangalore,2023-10-11,2023-10-17,30.41,1068.7,Delivered,1021.7
SHP03779,Kolkata,Delhi,2023-01-10,2023-01-12,40.93,361.3,Delivered,535.77
SHP03780,Delhi,Bangalore,2023-06-08,2023-06-09,38.19,1273.6,Delivered,1183.33
SHP03781,Mumbai,Chennai,2023-04-12,2023-04-16,13.49,590.4,Delivered,577.67
SHP03782,Kolkata,Mumbai,2023-10-14,2023-10-18,12.64,1585.1,Delivered,1297.71
SHP03783,Ahmedabad,Bangalore,2023-03-21,2023-03-25,48.31,1618.1,Delivered,1504.09
SHP03784,Mumbai,Chennai,2023-10-27,2023-11-11,0.91,932.9,Failed,751.09
SHP03785,Chennai,Delhi,2023-09-04,2023-09-11,44.05,369.8,Delivered,538.82
SHP03786,Hyderabad,Hyderabad,2023-07-30,2023-08-06,10.39,1297.1,Delayed,1090.58
SHP03787,Mumbai,Pune,2023-08-13,2023-08-18,47.39,1985.6,Delivered,1769.44
SHP03788,Delhi,Kolkata,2023-07-03,2023-07-04,17.44,1249.0,Delivered,1077.09
SHP03789,Bangalore,Delhi,2023-02-28,2023-03-01,22.3,81.2,Delivered,212.0
SHP03790,Ahmedabad,Mumbai,2023-02-16,2023-02-22,35.5,44.4,Delivered,272.7
SHP03791,Kolkata,Kolkata,2023-05-30,2023-06-09,29.59,647.5,Delayed,694.54
SHP03792,Ahmedabad,Pune,2023-12-08,2023-12-10,16.24,399.6,Delivered,422.75
SHP03793,Ahmedabad,Delhi,2024-01-01,2024-01-06,27.91,1628.0,Delivered,1417.81
SHP03794,Mumbai,Ahmedabad,2023-06-08,2023-06-15,36.67,1691.2,Delivered,1509.9
SHP03795,Mumbai,Delhi,2023-06-29,2023-07-13,2.6,524.7,Failed,459.03
SHP03796,Delhi,Delhi,2023-02-24,2023-03-01,1.05,658.0,Delivered,552.77
SHP03797,Hyderabad,Ahmedabad,2023-09-06,2023-09-07,23.17,480.1,Delivered,528.9
SHP03798,Mumbai,Delhi,2023-02-28,2023-03-06,7.03,1817.7,Delivered,1431.7
SHP03799,Mumbai,Kolkata,2023-08-31,2023-09-05,33.39,1010.3,Delivered,981.49
SHP03800,Hyderabad,Mumbai,2023-06-18,2023-06-25,11.1,1315.7,Delivered,1091.07
SHP03801,Delhi,Pune,2023-04-18,2023-04-21,21.93,836.8,Delivered,784.79
SHP03802,Kolkata,Chennai,2023-06-08,2023-06-21,10.28,1265.7,Failed,1065.07
SHP03803,Ahmedabad,Bangalore,2023-10-20,2023-10-23,27.65,777.9,Failed,752.6
SHP03804,Kolkata,Ahmedabad,2023-10-10,2023-10-21,6.24,686.0,Failed,585.75
SHP03805,Mumbai,Hyderabad,2023-05-23,2023-05-29,1.64,1272.6,Delivered,997.51
SHP03806,Hyderabad,Ahmedabad,2023-04-23,2023-05-07,3.03,1186.2,Failed,936.21
SHP03807,Mumbai,Pune,2023-06-05,2023-06-10,47.74,594.1,Delivered,725.3
SHP03808,Pune,Bangalore,2023-01-25,2023-01-26,7.54,307.2,Delivered,337.64
SHP03809,Bangalore,Bangalore,2023-09-13,2023-09-26,35.57,743.5,Delayed,776.28
SHP03810,Kolkata,Hyderabad,2023-08-15,2023-08-18,3.86,836.2,Failed,703.0
SHP03811,Pune,Pune,2023-05-13,2023-05-17,5.85,1261.1,Delivered,1009.81
SHP03812,Chennai,Kolkata,2023-09-10,2023-09-15,25.69,1829.9,Delayed,1554.95
SHP03813,Bangalore,Mumbai,2023-10-14,2023-10-19,23.51,82.0,Delayed,248.43
SHP03814,Mumbai,Hyderabad,2023-11-23,2023-11-27,47.6,494.9,Delivered,650.85
SHP03815,Delhi,Mumbai,2023-06-29,2023-07-05,47.27,395.5,Delivered,596.9
SHP03816,Kolkata,Kolkata,2023-09-12,2023-09-23,39.09,1009.6,Failed,1022.55
SHP03817,Chennai,Bangalore,2023-09-13,2023-09-18,30.3,865.1,Delivered,853.87
SHP03818,Bangalore,Mumbai,2023-05-27,2023-05-30,23.02,1460.8,Delivered,1253.08
SHP03819,Kolkata,Kolkata,2023-02-21,2023-02-24,18.13,492.4,Failed,516.89
SHP03820,Hyderabad,Kolkata,2023-09-28,2023-10-04,47.38,1193.1,Delivered,1195.52
SHP03821,Delhi,Chennai,2023-11-08,2023-11-12,30.34,1768.9,Delivered,1515.23
SHP03822,Bangalore,Hyderabad,2023-05-27,2023-06-03,29.16,1822.2,Delivered,1560.55
SHP03823,Hyderabad,Chennai,2023-08-18,2023-08-23,11.98,1918.0,Delivered,1541.17
SHP03824,Pune,Ahmedabad,2023-01-03,2023-01-08,2.81,1548.8,Delayed,1216.98
SHP03825,Mumbai,Bangalore,2023-04-14,2023-04-17,47.29,1812.9,Delivered,1660.56
SHP03826,Hyderabad,Hyderabad,2023-02-07,2023-02-14,16.03,476.7,Delivered,484.54
SHP03827,Bangalore,Bangalore,2023-12-18,2023-12-25,22.41,403.2,Delayed,458.01
SHP03828,Ahmedabad,Chennai,2023-01-13,2023-01-21,6.17,22.9,Delayed,102.17
SHP03829,Bangalore,Pune,2023-07-13,2023-07-15,41.93,1416.6,Delivered,1310.88
SHP03830,Ahmedabad,Kolkata,2023-02-09,2023-02-13,1.87,1875.6,Delayed,1455.25
SHP03831,Pune,Bangalore,2023-05-12,2023-05-16,41.78,382.0,Delivered,546.21
SHP03832,Mumbai,Hyderabad,2023-10-31,2023-11-06,7.44,1277.5,Delivered,1041.7
SHP03833,Ahmedabad,Ahmedabad,2023-02-03,2023-02-09,44.38,1495.5,Delivered,1385.32
SHP03834,Ahmedabad,Hyderabad,2023-01-18,2023-01-25,36.62,1856.0,Delivered,1607.26
SHP03835,Hyderabad,Bangalore,2023-03-20,2023-03-24,8.65,1297.3,Delivered,1067.06
SHP03836,Hyderabad,Hyderabad,2023-06-15,2023-06-20,28.51,1940.9,Delivered,1660.89
SHP03837,Mumbai,Ahmedabad,2023-12-01,2023-12-05,15.98,695.9,Delivered,665.88
SHP03838,Hyderabad,Kolkata,2023-03-28,2023-04-01,9.32,706.4,Delivered,615.82
SHP03839,Kolkata,Pune,2023-11-16,2023-11-19,43.03,1090.6,Delivered,1087.09
SHP03840,Mumbai,Kolkata,2023-07-10,2023-07-16,20.47,773.2,Delivered,746.49
SHP03841,Delhi,Hyderabad,2023-04-08,2023-04-14,20.23,12.8,Delivered,157.1
SHP03842,Ahmedabad,Ahmedabad,2023-09-23,2023-09-30,8.91,1466.2,Delivered,1211.49
SHP03843,Bangalore,Ahmedabad,2023-01-29,2023-02-04,19.46,1505.9,Delivered,1292.84
SHP03844,Delhi,Bangalore,2023-05-12,2023-05-14,43.65,1496.5,Delivered,1378.95
SHP03845,Ahmedabad,Chennai,2023-05-18,2023-05-22,18.47,696.6,Delivered,655.16
SHP03846,Kolkata,Hyderabad,2023-09-05,2023-09-06,47.6,1049.4,Delivered,1062.27
SHP03847,Ahmedabad,Hyderabad,2023-02-04,2023-02-12,47.34,726.3,Failed,819.27
SHP03848,Ahmedabad,Hyderabad,2023-03-26,2023-04-08,7.67,41.9,Delayed,136.09
SHP03849,Ahmedabad,Hyderabad,2023-01-12,2023-01-14,9.28,1129.3,Failed,960.62
SHP03850,Pune,Bangalore,2023-04-18,2023-04-24,43.2,256.3,Delivered,440.3
SHP03851,Kolkata,Chennai,2023-07-27,2023-07-30,19.94,169.3,Delivered,280.42
SHP03852,Chennai,Chennai,2023-07-09,2023-07-14,0.72,1513.4,Delivered,1191.22
SHP03853,Chennai,Mumbai,2023-12-11,2023-12-13,14.06,28.9,Delayed,137.6
SHP03854,Chennai,Hyderabad,2023-05-25,2023-06-01,30.08,1918.4,Delivered,1644.47
SHP03855,Mumbai,Hyderabad,2023-04-01,2023-04-06,40.06,1035.4,Delivered,1044.74
SHP03856,Hyderabad,Mumbai,2023-09-16,2023-09-17,7.1,1966.2,Delivered,1546.96
SHP03857,Kolkata,Chennai,2023-12-05,2023-12-12,5.97,125.4,Delivered,158.72
SHP03858,Delhi,Ahmedabad,2023-03-27,2023-03-30,46.14,1171.2,Delivered,1140.44
SHP03859,Pune,Ahmedabad,2023-10-22,2023-10-28,37.68,705.2,Delivered,761.85
SHP03860,Delhi,Delhi,2023-12-24,2023-12-26,29.69,1688.5,Delayed,1458.33
SHP03861,Delhi,Kolkata,2023-07-10,2023-07-16,38.57,728.8,Delivered,786.68
SHP03862,Delhi,Delhi,2023-02-23,2023-02-26,21.73,528.4,Delivered,555.08
SHP03863,Pune,Chennai,2023-09-17,2023-09-23,38.04,1716.5,Delivered,1537.89
SHP03864,Chennai,Pune,2023-03-08,2023-03-12,18.9,755.6,Delivered,706.88
SHP03865,Delhi,Hyderabad,2023-06-21,2023-06-24,12.58,43.5,Delivered,138.75
SHP03866,Pune,Delhi,2023-03-26,2023-04-01,36.59,786.7,Delivered,836.05
SHP03867,Pune,Bangalore,2023-10-21,2023-10-25,21.27,1312.5,Delivered,1154.72
SHP03868,Hyderabad,Ahmedabad,2023-05-10,2023-05-17,49.08,516.2,Failed,671.86
SHP03869,Pune,Bangalore,2023-05-03,2023-05-09,17.8,869.7,Delivered,783.86
SHP03870,Chennai,Mumbai,2023-07-15,2023-07-17,46.13,122.9,Delivered,385.83
SHP03871,Delhi,Chennai,2023-04-23,2023-04-26,46.68,1180.3,Delivered,1151.8
SHP03872,Pune,Chennai,2023-03-27,2023-04-02,12.47,1515.0,Failed,1241.63
SHP03873,Mumbai,Delhi,2023-11-05,2023-11-07,40.01,832.5,Delivered,872.36
SHP03874,Pune,Hyderabad,2023-07-20,2023-07-24,21.94,846.3,Delivered,781.91
SHP03875,Bangalore,Chennai,2023-04-20,2023-04-25,45.92,185.7,Delivered,406.07
SHP03876,Bangalore,Delhi,2023-11-01,2023-11-03,22.78,411.9,Delivered,469.82
SHP03877,Bangalore,Delhi,2023-07-08,2023-07-11,37.34,317.8,Delivered,485.23
SHP03878,Pune,Kolkata,2023-07-04,2023-07-09,23.61,968.6,Delivered,908.11
SHP03879,Chennai,Kolkata,2023-03-03,2023-03-09,11.78,1063.2,Delivered,925.47
SHP03880,Delhi,Chennai,2023-12-21,2024-01-05,10.37,1898.4,Delayed,1508.61
SHP03881,Kolkata,Delhi,2023-08-29,2023-08-30,21.56,155.7,Delivered,263.24
SHP03882,Kolkata,Mumbai,2023-11-09,2023-11-19,37.9,1203.7,Failed,1152.54
SHP03883,Kolkata,Mumbai,2023-09-28,2023-10-04,30.45,1057.7,Delivered,997.15
SHP03884,Chennai,Kolkata,2023-01-18,2023-01-24,34.59,1037.3,Delivered,994.03
SHP03885,Hyderabad,Chennai,2023-03-30,2023-04-02,14.48,1747.6,Delivered,1421.32
SHP03886,Ahmedabad,Ahmedabad,2023-02-10,2023-02-16,24.33,419.0,Delivered,477.12
SHP03887,Mumbai,Hyderabad,2023-04-14,2023-04-16,2.7,91.1,Failed,129.0
SHP03888,Mumbai,Pune,2023-01-31,2023-02-02,40.97,1347.8,Delivered,1252.79
SHP03889,Bangalore,Ahmedabad,2023-10-16,2023-10-21,49.5,696.9,Delivered,838.74
SHP03890,Bangalore,Mumbai,2023-12-31,2024-01-01,20.64,45.0,Delivered,171.25
SHP03891,Pune,Mumbai,2023-09-30,2023-10-02,1.04,510.2,Delivered,457.27
SHP03892,Kolkata,Ahmedabad,2023-12-29,2023-12-30,8.9,625.6,Delivered,577.38
SHP03893,Pune,Kolkata,2023-03-28,2023-04-07,32.8,1237.5,Failed,1139.05
SHP03894,Ahmedabad,Kolkata,2023-01-14,2023-01-23,30.8,353.4,Failed,478.64
SHP03895,Kolkata,Chennai,2023-01-08,2023-01-11,39.5,832.0,Failed,878.36
SHP03896,Bangalore,Kolkata,2023-10-28,2023-11-03,13.07,970.1,Delivered,831.46
SHP03897,Delhi,Bangalore,2023-10-30,2023-11-05,38.3,923.9,Delivered,927.99
SHP03898,Hyderabad,Pune,2023-07-20,2023-07-23,34.56,1948.1,Delivered,1684.4
SHP03899,Pune,Ahmedabad,2023-02-02,2023-02-11,16.48,100.6,Failed,213.36
SHP03900,Hyderabad,Ahmedabad,2023-05-02,2023-05-09,27.5,1902.4,Delivered,1616.02
SHP03901,Hyderabad,Delhi,2023-08-20,2023-08-22,7.79,1168.1,Delivered,963.94
SHP03902,Hyderabad,Mumbai,2023-03-18,2023-03-20,22.9,1593.5,Delivered,1357.35
SHP03903,Bangalore,Ahmedabad,2023-07-13,2023-07-18,44.12,866.5,Delivered,920.41
SHP03904,Mumbai,Bangalore,2023-04-07,2023-04-09,21.35,913.1,Delivered,838.95
SHP03905,Bangalore,Ahmedabad,2023-06-19,2023-06-23,42.06,1759.9,Delivered,1581.88
SHP03906,Hyderabad,Hyderabad,2023-04-06,2023-04-19,29.72,1792.9,Delayed,1558.79
SHP03907,Bangalore,Bangalore,2023-10-13,2023-10-26,10.0,485.0,Delayed,469.06
SHP03908,Hyderabad,Chennai,2023-05-04,2023-05-09,29.26,406.5,Delivered,510.08
SHP03909,Chennai,Hyderabad,2023-12-04,2023-12-14,25.55,997.5,Delayed,929.77
SHP03910,Kolkata,Hyderabad,2023-06-17,2023-06-22,20.23,1801.6,Delivered,1508.07
SHP03911,Mumbai,Ahmedabad,2023-02-24,2023-03-06,6.42,651.5,Delayed,573.86
SHP03912,Chennai,Kolkata,2023-10-24,2023-10-26,21.13,1307.5,Delivered,1117.35
SHP03913,Delhi,Ahmedabad,2023-03-28,2023-04-01,4.1,1419.2,Delivered,1154.88
SHP03914,Bangalore,Bangalore,2023-05-06,2023-05-09,5.39,1559.6,Delivered,1227.99
SHP03915,Delhi,Chennai,2023-07-16,2023-07-22,21.09,1132.2,Delivered,1000.41
SHP03916,Pune,Mumbai,2023-11-11,2023-11-12,15.62,810.9,Delivered,720.48
SHP03917,Bangalore,Pune,2023-10-09,2023-10-13,46.31,1934.4,Delivered,1716.23
SHP03918,Ahmedabad,Kolkata,2023-06-30,2023-07-02,19.1,1226.5,Delayed,1077.12
SHP03919,Ahmedabad,Bangalore,2023-09-01,2023-09-06,38.01,1459.8,Delivered,1331.94
SHP03920,Kolkata,Mumbai,2023-11-27,2023-11-29,26.75,696.5,Delivered,718.17
SHP03921,Chennai,Bangalore,2023-03-05,2023-03-11,35.35,1343.2,Failed,1225.06
SHP03922,Kolkata,Kolkata,2023-12-14,2023-12-16,13.38,523.0,Delivered,499.41
SHP03923,Pune,Mumbai,2023-11-20,2023-11-25,47.12,497.7,Delivered,648.92
SHP03924,Hyderabad,Kolkata,2023-06-29,2023-07-02,26.74,1432.3,Delivered,1262.57
SHP03925,Kolkata,Bangalore,2023-09-10,2023-09-15,41.65,1047.6,Delivered,1056.55
SHP03926,Kolkata,Hyderabad,2023-05-22,2023-05-30,18.57,1369.7,Failed,1168.22
SHP03927,Ahmedabad,Pune,2023-01-31,2023-02-01,5.46,546.2,Delivered,482.12
SHP03928,Hyderabad,Delhi,2023-06-19,2023-06-23,33.85,1201.5,Delivered,1139.32
SHP03929,Ahmedabad,Pune,2023-03-04,2023-03-11,0.88,893.4,Delivered,709.12
SHP03930,Bangalore,Hyderabad,2023-11-25,2023-11-29,24.03,1198.0,Delivered,1068.12
SHP03931,Hyderabad,Kolkata,2023-05-11,2023-05-16,10.04,588.9,Delayed,538.21
SHP03932,Chennai,Pune,2023-12-18,2024-01-02,31.56,1433.7,Delayed,1267.0
SHP03933,Kolkata,Kolkata,2023-06-12,2023-06-17,48.98,1613.8,Delivered,1495.98
SHP03934,Ahmedabad,Kolkata,2023-11-12,2023-11-15,23.49,527.2,Delivered,543.99
SHP03935,Hyderabad,Mumbai,2023-10-19,2023-10-26,40.97,608.2,Delivered,726.08
SHP03936,Pune,Chennai,2023-09-25,2023-09-27,25.64,1325.7,Delivered,1176.79
SHP03937,Pune,Kolkata,2023-01-30,2023-02-03,25.04,1394.2,Delivered,1233.45
SHP03938,Kolkata,Pune,2023-01-22,2023-02-02,46.56,1411.2,Failed,1342.06
SHP03939,Chennai,Pune,2023-11-14,2023-11-20,44.55,1368.6,Delivered,1303.18
SHP03940,Delhi,Pune,2023-04-25,2023-04-27,39.4,791.7,Delivered,848.81
SHP03941,Ahmedabad,Hyderabad,2023-03-19,2023-03-23,15.16,795.8,Delivered,738.97
SHP03942,Chennai,Delhi,2023-09-05,2023-09-11,27.48,517.1,Delivered,558.9
SHP03943,Mumbai,Kolkata,2023-09-21,2023-09-24,11.58,322.1,Delivered,342.71
SHP03944,Mumbai,Ahmedabad,2023-08-20,2023-08-22,22.47,1388.2,Delivered,1211.86
SHP03945,Mumbai,Kolkata,2023-12-31,2024-01-04,24.47,195.4,Delivered,337.23
SHP03946,Kolkata,Kolkata,2023-03-08,2023-03-14,41.67,1876.2,Delivered,1684.73
SHP03947,Pune,Ahmedabad,2023-04-01,2023-04-09,44.85,1655.1,Delayed,1521.1
SHP03948,Bangalore,Mumbai,2023-07-22,2023-07-26,21.02,1716.4,Delivered,1430.14
SHP03949,Ahmedabad,Kolkata,2023-01-22,2023-02-03,1.38,1814.3,Delayed,1402.39
SHP03950,Pune,Hyderabad,2023-11-22,2023-11-23,43.16,823.1,Delivered,900.97
SHP03951,Bangalore,Bangalore,2023-04-24,2023-04-26,9.13,1694.9,Delayed,1364.18
SHP03952,Bangalore,Chennai,2023-08-10,2023-08-17,31.28,324.5,Delivered,437.57
SHP03953,Pune,Pune,2023-07-19,2023-07-24,1.74,53.1,Delivered,115.88
SHP03954,Ahmedabad,Kolkata,2023-10-11,2023-10-14,20.28,1571.9,Failed,1314.51
SHP03955,Kolkata,Mumbai,2023-06-22,2023-06-24,49.31,158.8,Delivered,424.83
SHP03956,Chennai,Hyderabad,2023-10-30,2023-11-04,5.48,1977.2,Delivered,1565.31
SHP03957,Bangalore,Kolkata,2023-11-03,2023-11-07,21.47,1352.8,Delivered,1155.46
SHP03958,Delhi,Ahmedabad,2023-08-10,2023-08-16,15.7,1509.4,Delivered,1254.1
SHP03959,Pune,Mumbai,2023-09-11,2023-09-18,45.3,499.1,Delivered,636.82
SHP03960,Pune,Bangalore,2023-06-21,2023-06-25,43.53,1351.0,Delivered,1285.08
SHP03961,Mumbai,Delhi,2023-12-07,2023-12-11,12.27,96.0,Delivered,182.43
SHP03962,Chennai,Kolkata,2023-03-11,2023-03-15,4.52,1677.3,Delivered,1310.75
SHP03963,Mumbai,Hyderabad,2023-08-18,2023-08-23,31.54,347.6,Failed,487.43
SHP03964,Pune,Mumbai,2023-05-19,2023-05-20,17.15,1397.7,Delivered,1178.01
SHP03965,Pune,Ahmedabad,2023-03-18,2023-03-25,33.77,456.7,Delivered,551.7
SHP03966,Bangalore,Mumbai,2023-05-31,2023-06-09,2.09,146.2,Delayed,159.0
SHP03967,Chennai,Kolkata,2023-05-17,2023-05-21,7.1,968.2,Delivered,798.0
SHP03968,Hyderabad,Mumbai,2023-10-18,2023-10-20,34.48,346.9,Delivered,502.54
SHP03969,Delhi,Delhi,2023-04-25,2023-04-29,11.01,1461.6,Delivered,1193.05
SHP03970,Ahmedabad,Mumbai,2023-12-16,2023-12-20,42.95,482.8,Delivered,623.07
SHP03971,Bangalore,Pune,2023-07-03,2023-07-10,3.4,691.5,Delivered,600.48
SHP03972,Pune,Chennai,2023-08-26,2023-08-29,11.17,1139.2,Delivered,965.93
SHP03973,Ahmedabad,Pune,2023-02-11,2023-02-14,49.93,577.1,Delivered,727.22
SHP03974,Bangalore,Chennai,2023-08-11,2023-08-21,21.94,762.2,Delayed,747.28
SHP03975,Delhi,Mumbai,2023-06-13,2023-06-14,35.3,1633.1,Delivered,1461.31
SHP03976,Pune,Ahmedabad,2023-06-15,2023-06-20,9.54,366.6,Delivered,361.77
SHP03977,Delhi,Ahmedabad,2023-03-28,2023-04-01,30.69,173.6,Delivered,339.4
SHP03978,Ahmedabad,Kolkata,2023-11-30,2023-12-03,36.44,663.4,Delivered,746.65
SHP03979,Hyderabad,Ahmedabad,2023-11-17,2023-11-19,16.07,854.5,Delivered,771.08
SHP03980,Bangalore,Chennai,2023-10-12,2023-10-16,41.53,1089.9,Delivered,1084.42
SHP03981,Kolkata,Hyderabad,2023-07-09,2023-07-12,30.37,751.1,Delivered,784.02
SHP03982,Bangalore,Chennai,2023-12-04,2023-12-08,19.76,1581.9,Delivered,1342.84
SHP03983,Mumbai,Pune,2023-08-22,2023-08-23,28.1,88.2,Delivered,240.75
SHP03984,Chennai,Mumbai,2023-09-01,2023-09-03,29.05,869.2,Delivered,836.93
SHP03985,Chennai,Kolkata,2023-09-05,2023-09-17,8.69,770.7,Delayed,675.28
SHP03986,Mumbai,Bangalore,2023-02-26,2023-03-06,20.44,1298.7,Delayed,1117.25
SHP03987,Pune,Kolkata,2023-06-08,2023-06-13,17.5,1932.9,Delivered,1605.48
SHP03988,Chennai,Kolkata,2023-10-25,2023-10-29,20.34,1025.6,Delivered,917.11
SHP03989,Delhi,Kolkata,2023-08-15,2023-08-16,38.17,1973.9,Delivered,1719.56
SHP03990,Ahmedabad,Hyderabad,2023-09-05,2023-09-06,24.39,611.5,Delivered,638.64
SHP03991,Ahmedabad,Delhi,2023-05-23,2023-05-25,47.05,71.4,Delivered,339.77
SHP03992,Chennai,Pune,2023-12-27,2024-01-05,15.04,339.7,Failed,375.26
SHP03993,Chennai,Mumbai,2023-07-20,2023-07-22,21.08,796.3,Delivered,735.69
SHP03994,Mumbai,Delhi,2023-01-01,2023-01-04,39.45,639.5,Delayed,730.73
SHP03995,Pune,Bangalore,2023-08-06,2023-08-10,27.53,203.1,Delivered,354.68
SHP03996,Hyderabad,Delhi,2023-10-20,2023-10-22,27.58,871.0,Delivered,848.58
SHP03997,Chennai,Mumbai,2023-10-18,2023-10-21,3.14,682.9,Delivered,573.13
SHP03998,Kolkata,Pune,2023-10-06,2023-10-16,20.23,254.0,Delayed,326.76
SHP03999,Chennai,Pune,2023-12-27,2024-01-01,13.9,599.3,Delivered,581.63
SHP04000,Hyderabad,Mumbai,2023-11-18,2023-11-22,49.97,1774.0,Delayed,1648.02
SHP04001,Mumbai,Bangalore,2023-08-23,2023-08-25,15.76,611.1,Delivered,582.66
SHP04002,Hyderabad,Mumbai,2023-09-12,2023-09-19,44.28,1430.8,Delivered,1353.65
SHP04003,Mumbai,Bangalore,2023-02-18,2023-02-22,33.97,1228.0,Failed,1137.28
SHP04004,Delhi,Bangalore,2023-10-19,2023-10-26,17.38,860.1,Delivered,782.07
SHP04005,Mumbai,Mumbai,2023-04-01,2023-04-07,27.4,485.7,Failed,564.73
SHP04006,Delhi,Chennai,2023-11-19,2023-11-21,42.11,744.3,Delivered,802.11
SHP04007,Delhi,Pune,2023-07-16,2023-07-20,44.23,1188.3,Delayed,1163.59
SHP04008,Mumbai,Bangalore,2023-04-24,2023-04-25,8.44,708.0,Delivered,611.78
SHP04009,Kolkata,Mumbai,2023-12-27,2024-01-03,17.31,437.6,Delivered,458.34
SHP04010,Bangalore,Ahmedabad,2023-03-23,2023-03-24,17.09,241.8,Delivered,322.58
SHP04011,Mumbai,Chennai,2023-11-25,2023-11-30,2.58,1760.7,Delivered,1364.51
SHP04012,Chennai,Pune,2023-10-03,2023-10-11,30.11,886.2,Failed,868.95
SHP04013,Kolkata,Bangalore,2023-04-25,2023-04-28,42.81,1254.2,Delivered,1196.04
SHP04014,Kolkata,Pune,2023-11-04,2023-11-10,19.39,985.9,Delivered,893.15
SHP04015,Chennai,Chennai,2023-06-20,2023-06-26,37.13,1746.4,Delivered,1531.11
SHP04016,Bangalore,Pune,2023-03-11,2023-03-15,31.57,1098.4,Delivered,1041.08
SHP04017,Kolkata,Hyderabad,2023-04-14,2023-04-18,19.09,966.8,Delivered,876.38
SHP04018,Delhi,Kolkata,2023-03-31,2023-04-05,7.48,1850.0,Delivered,1493.75
SHP04019,Ahmedabad,Hyderabad,2023-09-15,2023-09-21,35.61,1442.2,Delivered,1326.15
SHP04020,Bangalore,Chennai,2023-04-12,2023-04-20,42.8,232.0,Delayed,429.33
SHP04021,Pune,Bangalore,2023-06-22,2023-06-26,34.45,363.6,Delivered,476.04
SHP04022,Chennai,Mumbai,2023-03-12,2023-03-20,1.38,1576.4,Delayed,1245.41
SHP04023,Bangalore,Delhi,2023-01-07,2023-01-12,11.2,1673.3,Delivered,1365.09
SHP04024,Mumbai,Mumbai,2023-04-11,2023-04-12,3.94,1094.9,Delivered,871.97
SHP04025,Ahmedabad,Pune,2023-05-20,2023-05-23,28.73,1113.4,Delivered,1013.61
SHP04026,Bangalore,Delhi,2023-11-04,2023-11-10,37.95,1267.5,Delivered,1193.76
SHP04027,Delhi,Delhi,2023-05-01,2023-05-08,5.97,883.8,Delivered,759.17
SHP04028,Ahmedabad,Pune,2023-12-09,2023-12-18,42.0,1363.6,Delayed,1298.96
SHP04029,Mumbai,Pune,2023-02-08,2023-02-14,28.0,225.9,Delivered,345.48
SHP04030,Hyderabad,Bangalore,2023-05-24,2023-05-28,34.65,1922.9,Failed,1660.81
SHP04031,Chennai,Chennai,2023-10-28,2023-11-04,48.58,1502.8,Delivered,1401.73
SHP04032,Ahmedabad,Ahmedabad,2023-08-16,2023-08-21,4.64,1266.0,Delivered,1021.47
SHP04033,Chennai,Mumbai,2023-04-13,2023-04-17,45.11,639.5,Delivered,765.3
SHP04034,Bangalore,Chennai,2023-06-05,2023-06-15,6.74,330.3,Delayed,343.02
SHP04035,Kolkata,Hyderabad,2023-01-08,2023-01-13,19.95,824.6,Delivered,768.16
SHP04036,Mumbai,Bangalore,2023-02-28,2023-03-09,42.65,1326.5,Delayed,1241.96
SHP04037,Hyderabad,Bangalore,2023-03-15,2023-03-19,45.36,1271.1,Delivered,1225.38
SHP04038,Mumbai,Ahmedabad,2023-03-16,2023-03-19,25.57,771.5,Delivered,773.76
SHP04039,Chennai,Hyderabad,2023-07-24,2023-07-31,29.91,1230.4,Delivered,1111.53
SHP04040,Mumbai,Mumbai,2023-02-05,2023-02-16,35.55,1629.4,Failed,1442.59
SHP04041,Hyderabad,Kolkata,2023-01-26,2023-01-30,41.72,62.3,Delivered,315.2
SHP04042,Kolkata,Hyderabad,2023-07-28,2023-08-02,6.51,906.7,Delivered,771.92
SHP04043,Bangalore,Mumbai,2023-04-10,2023-04-15,40.6,1519.5,Delayed,1409.11
SHP04044,Delhi,Delhi,2023-04-16,2023-04-22,24.32,1096.8,Delivered,989.72
SHP04045,Mumbai,Pune,2023-03-31,2023-04-06,22.81,1306.4,Delayed,1144.43
SHP04046,Ahmedabad,Bangalore,2023-12-24,2024-01-01,21.48,1038.2,Failed,934.75
SHP04047,Delhi,Mumbai,2023-05-24,2023-05-29,25.71,1983.8,Delivered,1683.51
SHP04048,Chennai,Chennai,2023-09-18,2023-09-28,47.28,118.7,Failed,386.2
SHP04049,Bangalore,Ahmedabad,2023-09-12,2023-09-13,27.64,987.2,Delivered,941.86
SHP04050,Pune,Pune,2023-01-22,2023-01-23,47.68,191.9,Delivered,417.65
SHP04051,Bangalore,Chennai,2023-06-24,2023-06-25,9.42,328.0,Delivered,354.77
SHP04052,Mumbai,Pune,2023-12-09,2023-12-16,36.34,772.2,Delivered,808.17
SHP04053,Ahmedabad,Bangalore,2023-08-10,2023-08-13,40.71,319.5,Delivered,474.11
SHP04054,Kolkata,Hyderabad,2023-09-29,2023-10-04,34.12,1927.7,Delivered,1648.78
SHP04055,Bangalore,Kolkata,2023-05-28,2023-06-04,30.54,1894.1,Delivered,1630.39
SHP04056,Mumbai,Hyderabad,2023-11-11,2023-11-14,28.46,678.9,Delivered,696.36
SHP04057,Mumbai,Mumbai,2023-04-12,2023-04-17,43.12,1283.1,Delivered,1242.65
SHP04058,Delhi,Ahmedabad,2023-03-13,2023-03-15,41.17,1072.2,Delivered,1069.37
SHP04059,Bangalore,Hyderabad,2023-03-19,2023-03-23,6.55,1633.0,Delayed,1288.37
SHP04060,Mumbai,Bangalore,2023-12-18,2023-12-23,42.51,1258.6,Delivered,1213.98
SHP04061,Delhi,Ahmedabad,2023-10-12,2023-10-14,21.0,10.5,Delivered,150.57
SHP04062,Ahmedabad,Mumbai,2023-04-08,2023-04-10,13.06,1528.7,Delivered,1258.73
SHP04063,Hyderabad,Delhi,2023-09-09,2023-09-15,43.55,1496.2,Delivered,1394.89
SHP04064,Ahmedabad,Hyderabad,2023-12-21,2023-12-27,21.89,1024.3,Delivered,942.58
SHP04065,Pune,Hyderabad,2023-07-09,2023-07-15,40.51,1806.8,Delivered,1605.89
SHP04066,Delhi,Kolkata,2023-09-07,2023-09-11,13.54,1817.8,Delivered,1493.39
SHP04067,Delhi,Mumbai,2023-05-03,2023-05-04,0.69,1052.6,Delivered,854.22
SHP04068,Mumbai,Chennai,2023-01-19,2023-01-25,25.03,1219.9,Delivered,1086.66
SHP04069,Chennai,Hyderabad,2023-09-26,2023-10-02,5.46,1993.1,Delivered,1572.16
SHP04070,Chennai,Bangalore,2023-05-04,2023-05-10,37.84,604.7,Delayed,700.74
SHP04071,Kolkata,Hyderabad,2023-11-05,2023-11-11,14.17,656.0,Delivered,594.1
SHP04072,Chennai,Kolkata,2023-08-30,2023-09-01,22.46,373.7,Delivered,458.21
SHP04073,Delhi,Delhi,2023-02-13,2023-02-20,4.81,1792.8,Delivered,1429.44
SHP04074,Kolkata,Kolkata,2023-09-01,2023-09-04,14.69,1491.5,Delivered,1232.05
SHP04075,Ahmedabad,Hyderabad,2023-07-02,2023-07-13,39.18,220.2,Delayed,430.3
SHP04076,Mumbai,Ahmedabad,2023-02-20,2023-02-27,8.0,1963.7,Delivered,1549.95
SHP04077,Ahmedabad,Chennai,2023-11-12,2023-11-17,32.53,1464.6,Delivered,1327.66
SHP04078,Bangalore,Pune,2023-03-18,2023-03-24,45.91,1702.5,Delivered,1549.4
SHP04079,Pune,Hyderabad,2023-03-11,2023-03-18,34.15,105.8,Delivered,310.63
SHP04080,Pune,Mumbai,2023-05-21,2023-05-27,40.65,1014.9,Delivered,1012.68
SHP04081,Delhi,Hyderabad,2023-05-25,2023-05-27,5.89,1400.2,Delayed,1139.06
SHP04082,Delhi,Chennai,2023-04-21,2023-04-22,12.91,1090.5,Delivered,918.66
SHP04083,Kolkata,Mumbai,2023-06-08,2023-06-12,44.78,1336.6,Delivered,1267.13
SHP04084,Mumbai,Bangalore,2023-01-18,2023-01-24,35.9,1637.6,Delivered,1441.69
SHP04085,Hyderabad,Ahmedabad,2023-07-20,2023-07-27,32.16,754.9,Delivered,791.58
SHP04086,Delhi,Mumbai,2023-01-15,2023-01-21,33.36,1698.9,Delivered,1482.83
SHP04087,Hyderabad,Kolkata,2023-11-06,2023-11-09,21.0,334.2,Delivered,413.43
SHP04088,Ahmedabad,Delhi,2023-07-23,2023-07-29,2.71,549.1,Delivered,488.18
SHP04089,Hyderabad,Kolkata,2023-09-11,2023-09-12,39.33,96.3,Delivered,334.93
SHP04090,Chennai,Pune,2023-08-22,2023-08-27,34.1,735.2,Delivered,756.15
SHP04091,Mumbai,Mumbai,2023-01-10,2023-01-17,23.9,766.0,Delivered,759.72
SHP04092,Pune,Bangalore,2023-04-15,2023-04-17,45.04,1612.5,Delivered,1472.47
SHP04093,Pune,Hyderabad,2023-03-18,2023-03-19,17.14,1309.7,Delivered,1127.45
SHP04094,Hyderabad,Ahmedabad,2023-12-11,2023-12-18,15.07,879.1,Delivered,793.83
SHP04095,Pune,Mumbai,2023-06-14,2023-06-15,43.7,1307.7,Delivered,1229.62
SHP04096,Ahmedabad,Kolkata,2023-03-03,2023-03-08,39.95,115.0,Delayed,324.82
SHP04097,Mumbai,Mumbai,2023-06-17,2023-06-20,25.99,368.7,Delayed,456.15
SHP04098,Chennai,Mumbai,2023-07-07,2023-07-10,6.97,1257.6,Delayed,1024.85
SHP04099,Mumbai,Mumbai,2023-12-11,2023-12-24,11.15,1286.3,Delayed,1087.22
SHP04100,Delhi,Bangalore,2023-03-12,2023-03-19,32.98,1550.5,Failed,1372.16
SHP04101,Hyderabad,Ahmedabad,2023-12-17,2023-12-28,19.56,812.0,Delayed,774.28
SHP04102,Mumbai,Chennai,2023-05-01,2023-05-03,41.91,1447.9,Delayed,1343.85
SHP04103,Ahmedabad,Chennai,2023-02-20,2023-02-22,47.52,1371.1,Delivered,1334.5
SHP04104,Pune,Mumbai,2023-12-21,2023-12-22,40.38,1927.2,Delivered,1706.79
SHP04105,Bangalore,Bangalore,2023-01-08,2023-01-11,19.19,438.1,Delivered,487.7
SHP04106,Mumbai,Bangalore,2023-03-13,2023-03-19,39.54,1107.8,Failed,1062.75
SHP04107,Hyderabad,Pune,2023-11-18,2023-11-24,17.9,1207.5,Delivered,1048.57
SHP04108,Chennai,Mumbai,2023-10-31,2023-11-13,8.77,1997.3,Failed,1577.53
SHP04109,Pune,Kolkata,2023-06-19,2023-06-20,2.15,410.4,Delivered,360.45
SHP04110,Chennai,Kolkata,2023-11-20,2023-11-26,19.59,1051.2,Delivered,941.29
SHP04111,Hyderabad,Delhi,2023-04-13,2023-04-16,45.23,698.9,Delivered,809.37
SHP04112,Pune,Ahmedabad,2023-09-17,2023-09-20,12.33,1056.5,Delayed,885.59
SHP04113,Delhi,Mumbai,2023-10-02,2023-10-05,10.72,471.9,Delivered,458.76
SHP04114,Pune,Delhi,2023-01-01,2023-01-15,48.51,104.7,Delayed,373.69
SHP04115,Delhi,Kolkata,2023-01-08,2023-01-17,1.74,1149.4,Failed,903.9
SHP04116,Chennai,Kolkata,2023-12-02,2023-12-07,39.4,678.4,Delivered,755.83
SHP04117,Chennai,Mumbai,2023-07-23,2023-07-26,16.41,372.1,Delivered,419.68
SHP04118,Hyderabad,Delhi,2023-03-20,2023-03-21,2.36,654.6,Delivered,534.88
SHP04119,Delhi,Delhi,2023-07-03,2023-07-06,45.93,108.1,Delivered,371.14
SHP04120,Chennai,Mumbai,2023-05-04,2023-05-09,7.41,1901.4,Delivered,1516.16
SHP04121,Delhi,Ahmedabad,2023-09-06,2023-09-08,27.81,1166.5,Delivered,1077.25
SHP04122,Chennai,Pune,2023-10-08,2023-10-10,14.07,1631.4,Delivered,1332.62
SHP04123,Pune,Delhi,2023-04-15,2023-04-24,3.73,852.0,Failed,720.98
SHP04124,Mumbai,Pune,2023-12-29,2024-01-01,2.97,1807.6,Delivered,1404.33
SHP04125,Ahmedabad,Hyderabad,2023-05-05,2023-05-06,6.22,971.8,Delivered,806.1
SHP04126,Bangalore,Ahmedabad,2023-06-04,2023-06-06,4.03,1152.2,Delivered,922.28
SHP04127,Ahmedabad,Kolkata,2023-08-23,2023-09-02,38.15,988.7,Failed,997.32
SHP04128,Pune,Chennai,2023-11-25,2023-12-10,24.54,1469.2,Delayed,1282.8
SHP04129,Kolkata,Ahmedabad,2023-11-16,2023-11-17,17.47,1137.6,Delivered,971.56
SHP04130,Ahmedabad,Pune,2023-01-25,2023-02-06,21.21,550.5,Delayed,549.31
SHP04131,Mumbai,Pune,2023-06-06,2023-06-09,46.48,299.6,Failed,498.75
SHP04132,Kolkata,Pune,2023-10-26,2023-10-29,45.58,1216.2,Delivered,1175.78
SHP04133,Chennai,Bangalore,2023-05-18,2023-05-19,35.93,983.5,Delivered,972.49
SHP04134,Bangalore,Ahmedabad,2023-09-05,2023-09-08,44.29,201.0,Delivered,428.75
SHP04135,Bangalore,Delhi,2023-12-18,2023-12-19,16.32,797.3,Delivered,747.25
SHP04136,Chennai,Delhi,2023-04-18,2023-04-21,19.36,1034.4,Delivered,940.68
SHP04137,Chennai,Bangalore,2023-03-24,2023-03-25,30.88,1655.5,Delivered,1452.38
SHP04138,Delhi,Delhi,2023-12-22,2023-12-29,31.37,161.4,Delivered,308.13
SHP04139,Chennai,Bangalore,2023-07-05,2023-07-13,24.34,703.5,Delayed,693.68
SHP04140,Hyderabad,Pune,2023-09-23,2023-09-27,20.33,1647.1,Delivered,1387.5
SHP04141,Ahmedabad,Mumbai,2023-11-17,2023-11-26,49.32,1300.4,Delayed,1271.87
SHP04142,Chennai,Ahmedabad,2023-04-30,2023-05-04,41.15,587.0,Delivered,700.13
SHP04143,Hyderabad,Hyderabad,2023-12-09,2023-12-13,22.03,1692.2,Delivered,1447.72
SHP04144,Chennai,Pune,2023-07-22,2023-07-27,36.5,991.7,Delivered,991.68
SHP04145,Delhi,Hyderabad,2023-05-09,2023-05-13,13.84,1001.7,Delivered,854.83
SHP04146,Hyderabad,Kolkata,2023-11-25,2023-11-29,5.46,1953.4,Delayed,1532.99
SHP04147,Ahmedabad,Pune,2023-09-18,2023-09-26,17.95,1894.8,Failed,1574.17
SHP04148,Mumbai,Chennai,2023-09-28,2023-10-04,20.45,723.5,Delivered,707.85
SHP04149,Hyderabad,Delhi,2023-12-17,2023-12-28,1.32,289.8,Delayed,264.96
SHP04150,Pune,Chennai,2023-08-19,2023-08-26,40.83,658.1,Delivered,756.95
SHP04151,Delhi,Mumbai,2023-05-13,2023-05-17,18.28,70.7,Delivered,201.31
SHP04152,Kolkata,Hyderabad,2023-10-04,2023-10-07,29.23,51.3,Delivered,233.57
SHP04153,Ahmedabad,Ahmedabad,2023-12-02,2023-12-07,4.16,797.1,Delivered,656.68
SHP04154,Hyderabad,Pune,2023-06-16,2023-06-23,9.16,1882.6,Delivered,1523.3
SHP04155,Pune,Ahmedabad,2023-07-05,2023-07-10,44.54,1744.0,Failed,1587.81
SHP04156,Pune,Mumbai,2023-03-31,2023-04-05,30.63,1027.8,Delivered,960.76
SHP04157,Ahmedabad,Mumbai,2023-09-15,2023-09-21,47.54,1134.8,Delivered,1146.99
SHP04158,Ahmedabad,Delhi,2023-12-18,2023-12-22,49.94,21.8,Delivered,325.71
SHP04159,Pune,Mumbai,2023-12-12,2023-12-25,18.91,438.8,Delayed,489.13
SHP04160,Chennai,Pune,2023-03-23,2023-03-29,15.29,59.3,Failed,159.84
SHP04161,Pune,Pune,2023-05-31,2023-06-03,42.99,1511.5,Delivered,1418.13
SHP04162,Chennai,Ahmedabad,2023-08-06,2023-08-12,49.93,299.8,Delivered,510.64
SHP04163,Kolkata,Ahmedabad,2023-03-22,2023-03-28,31.67,1739.4,Delivered,1516.93
SHP04164,Delhi,Hyderabad,2023-08-27,2023-09-08,39.86,1290.2,Failed,1223.24
SHP04165,Bangalore,Pune,2023-12-16,2023-12-19,39.2,466.5,Delivered,592.63
SHP04166,Chennai,Chennai,2023-06-14,2023-06-29,18.09,323.9,Failed,382.38
SHP04167,Pune,Hyderabad,2023-03-23,2023-03-27,28.93,1259.0,Delayed,1154.54
SHP04168,Pune,Delhi,2023-07-12,2023-07-15,41.74,1802.7,Delivered,1616.54
SHP04169,Mumbai,Hyderabad,2023-01-02,2023-01-07,34.56,1439.5,Delivered,1302.31
SHP04170,Pune,Bangalore,2023-03-22,2023-03-26,1.55,703.6,Delivered,570.58
SHP04171,Delhi,Ahmedabad,2023-01-04,2023-01-06,17.17,1178.9,Delivered,1000.32
SHP04172,Hyderabad,Chennai,2023-05-28,2023-06-04,7.65,628.4,Delivered,544.55
SHP04173,Hyderabad,Ahmedabad,2023-08-22,2023-08-28,12.03,1998.3,Delivered,1627.12
SHP04174,Pune,Bangalore,2023-12-15,2023-12-17,45.32,1500.2,Delivered,1412.31
SHP04175,Mumbai,Bangalore,2023-05-26,2023-05-29,2.33,1232.6,Delivered,1004.78
SHP04176,Chennai,Kolkata,2023-01-25,2023-02-04,11.38,852.3,Delayed,727.55
SHP04177,Delhi,Pune,2023-12-09,2023-12-16,15.82,1240.1,Delivered,1066.38
SHP04178,Mumbai,Delhi,2023-10-22,2023-10-27,31.04,689.8,Delivered,704.32
SHP04179,Chennai,Mumbai,2023-04-09,2023-04-24,26.94,67.4,Failed,246.53
SHP04180,Delhi,Bangalore,2023-12-19,2023-12-26,11.3,796.2,Delivered,698.89
SHP04181,Pune,Hyderabad,2023-09-24,2023-09-28,8.63,1861.7,Delivered,1473.26
SHP04182,Hyderabad,Mumbai,2023-08-13,2023-08-22,12.22,1256.3,Failed,1056.05
SHP04183,Delhi,Hyderabad,2023-07-03,2023-07-09,25.38,177.1,Delivered,300.93
SHP04184,Pune,Ahmedabad,2023-08-20,2023-08-22,13.92,1771.1,Delivered,1454.31
SHP04185,Kolkata,Hyderabad,2023-05-14,2023-05-16,47.41,545.1,Delivered,702.2
SHP04186,Bangalore,Mumbai,2023-06-25,2023-06-28,23.46,495.1,Delivered,546.83
SHP04187,Delhi,Mumbai,2023-02-25,2023-03-04,3.41,601.2,Delivered,537.65
SHP04188,Bangalore,Pune,2023-07-02,2023-07-16,36.6,1158.6,Delayed,1097.42
SHP04189,Delhi,Hyderabad,2023-08-28,2023-08-31,16.78,1093.9,Delivered,952.94
SHP04190,Bangalore,Delhi,2023-11-04,2023-11-09,32.85,987.9,Delivered,967.36
SHP04191,Kolkata,Pune,2023-04-17,2023-04-30,14.34,1437.9,Delayed,1203.26
SHP04192,Hyderabad,Chennai,2023-11-27,2023-12-04,28.75,639.9,Delivered,655.17
SHP04193,Ahmedabad,Kolkata,2023-06-12,2023-06-16,38.72,1566.3,Delivered,1432.05
SHP04194,Chennai,Chennai,2023-05-14,2023-05-20,46.44,358.9,Delivered,533.43
SHP04195,Bangalore,Delhi,2023-03-02,2023-03-07,13.43,1567.4,Delivered,1279.53
SHP04196,Kolkata,Pune,2023-03-10,2023-03-21,17.08,1331.0,Delayed,1117.73
SHP04197,Bangalore,Kolkata,2023-03-09,2023-03-12,23.48,1369.6,Delivered,1177.72
SHP04198,Hyderabad,Pune,2023-11-30,2023-12-03,46.4,968.3,Delayed,989.25
SHP04199,Bangalore,Mumbai,2023-02-28,2023-03-05,45.12,1337.3,Delivered,1260.78
SHP04200,Kolkata,Kolkata,2023-05-05,2023-05-19,4.95,168.8,Delayed,199.05
SHP04201,Pune,Ahmedabad,2023-05-28,2023-06-04,7.03,1704.6,Delivered,1353.71
SHP04202,Kolkata,Hyderabad,2023-07-01,2023-07-13,25.03,120.5,Delayed,250.59
SHP04203,Ahmedabad,Chennai,2023-08-10,2023-08-18,5.78,306.0,Delayed,314.75
SHP04204,Ahmedabad,Kolkata,2023-12-24,2023-12-26,17.61,1157.8,Delivered,995.44
SHP04205,Ahmedabad,Hyderabad,2023-05-16,2023-05-23,7.85,1481.4,Failed,1181.06
SHP04206,Mumbai,Pune,2023-03-31,2023-04-11,31.98,161.7,Failed,327.91
SHP04207,Hyderabad,Delhi,2023-02-10,2023-02-21,47.5,1842.3,Delayed,1661.64
SHP04208,Pune,Kolkata,2023-12-15,2023-12-17,49.84,1947.5,Delivered,1752.57
SHP04209,Mumbai,Hyderabad,2023-08-17,2023-08-20,19.07,1215.8,Delivered,1055.01
SHP04210,Hyderabad,Pune,2023-10-13,2023-10-15,30.15,967.7,Delayed,933.28
SHP04211,Pune,Pune,2023-01-24,2023-02-04,42.89,1485.4,Failed,1383.16
SHP04212,Bangalore,Pune,2023-06-18,2023-06-25,6.31,663.4,Delivered,596.59
SHP04213,Pune,Delhi,2023-04-14,2023-04-25,34.63,991.6,Failed,967.56
SHP04214,Kolkata,Mumbai,2023-06-21,2023-06-28,20.74,1833.1,Delivered,1527.43
SHP04215,Mumbai,Delhi,2023-05-22,2023-05-29,10.7,1911.8,Failed,1525.89
SHP04216,Bangalore,Delhi,2023-10-21,2023-10-27,20.44,1854.9,Delivered,1553.59
SHP04217,Kolkata,Ahmedabad,2023-09-01,2023-09-04,4.26,532.3,Delivered,456.16
SHP04218,Hyderabad,Chennai,2023-07-10,2023-07-12,34.92,472.6,Delivered,578.7
SHP04219,Pune,Pune,2023-09-24,2023-09-27,13.01,602.4,Delivered,563.7
SHP04220,Kolkata,Hyderabad,2023-11-01,2023-11-05,15.91,888.2,Delivered,802.03
SHP04221,Bangalore,Kolkata,2023-11-15,2023-11-16,6.49,635.2,Delivered,575.55
SHP04222,Mumbai,Chennai,2023-08-27,2023-08-29,43.3,754.7,Delivered,850.39
SHP04223,Mumbai,Pune,2023-12-27,2023-12-30,24.93,1245.1,Delivered,1095.19
SHP04224,Ahmedabad,Bangalore,2023-12-26,2023-12-30,28.82,1527.4,Failed,1330.12
SHP04225,Pune,Delhi,2023-07-14,2023-07-19,28.69,1473.8,Delivered,1311.27
SHP04226,Kolkata,Bangalore,2023-12-11,2023-12-15,20.82,1630.7,Delivered,1377.86
SHP04227,Ahmedabad,Pune,2023-08-25,2023-08-31,10.03,74.0,Delivered,153.77
SHP04228,Bangalore,Chennai,2023-02-22,2023-03-06,37.38,105.0,Delayed,324.08
SHP04229,Ahmedabad,Hyderabad,2023-10-19,2023-10-23,6.79,1580.9,Delivered,1273.7
SHP04230,Delhi,Chennai,2023-06-23,2023-06-25,5.64,1070.8,Delivered,900.13
SHP04231,Hyderabad,Ahmedabad,2023-07-05,2023-07-12,35.65,1160.5,Failed,1101.98
SHP04232,Ahmedabad,Hyderabad,2023-10-10,2023-10-15,10.84,114.6,Delayed,188.79
SHP04233,Hyderabad,Hyderabad,2023-03-15,2023-03-16,15.69,518.1,Delivered,518.74
SHP04234,Bangalore,Pune,2023-10-22,2023-11-02,24.02,1280.3,Delayed,1142.67
SHP04235,Delhi,Mumbai,2023-06-12,2023-06-13,22.74,1719.8,Delivered,1458.06
SHP04236,Mumbai,Pune,2023-07-09,2023-07-15,35.57,1834.8,Delivered,1609.83
SHP04237,Pune,Delhi,2023-11-14,2023-11-16,31.36,1005.8,Delivered,980.01
SHP04238,Chennai,Chennai,2023-09-16,2023-09-19,32.4,1095.5,Delivered,1038.36
SHP04239,Chennai,Hyderabad,2023-10-16,2023-10-20,35.85,1667.8,Delivered,1475.31
SHP04240,Pune,Pune,2023-05-22,2023-05-25,14.98,1079.9,Delivered,942.48
SHP04241,Bangalore,Pune,2023-05-11,2023-05-12,16.46,1038.5,Delivered,917.55
SHP04242,Delhi,Chennai,2023-04-16,2023-04-21,22.18,1811.1,Delivered,1499.78
SHP04243,Delhi,Chennai,2023-09-06,2023-09-08,15.72,1582.0,Delivered,1313.79
SHP04244,Hyderabad,Ahmedabad,2023-09-17,2023-09-20,49.25,1819.1,Delivered,1670.29
SHP04245,Mumbai,Hyderabad,2023-10-03,2023-10-06,40.8,444.3,Delivered,587.19
SHP04246,Kolkata,Kolkata,2023-04-12,2023-04-20,8.65,1053.5,Delayed,894.56
SHP04247,Ahmedabad,Ahmedabad,2023-08-02,2023-08-07,0.78,1686.5,Delivered,1316.81
SHP04248,Delhi,Bangalore,2023-12-03,2023-12-08,2.62,231.2,Delivered,255.83
SHP04249,Pune,Delhi,2023-06-22,2023-06-27,12.58,1591.4,Delivered,1298.17
SHP04250,Kolkata,Delhi,2023-08-15,2023-08-20,6.16,374.1,Delivered,345.06
SHP04251,Chennai,Kolkata,2023-05-21,2023-05-28,26.9,1618.2,Delivered,1395.35
SHP04252,Kolkata,Mumbai,2023-10-18,2023-10-19,42.97,1227.9,Delivered,1187.44
SHP04253,Mumbai,Ahmedabad,2023-10-14,2023-10-24,36.97,394.5,Failed,524.69
SHP04254,Pune,Kolkata,2023-07-12,2023-07-18,11.17,952.0,Delivered,809.54
SHP04255,Mumbai,Mumbai,2023-04-19,2023-04-24,20.27,1367.0,Delivered,1183.48
SHP04256,Kolkata,Mumbai,2023-02-11,2023-02-14,25.64,1271.4,Delivered,1126.84
SHP04257,Ahmedabad,Kolkata,2023-03-15,2023-03-25,40.61,860.2,Failed,903.45
SHP04258,Bangalore,Delhi,2023-01-24,2023-01-30,42.04,1799.7,Failed,1621.14
SHP04259,Delhi,Bangalore,2023-04-16,2023-04-19,45.53,1043.3,Delivered,1070.57
SHP04260,Pune,Delhi,2023-01-17,2023-01-21,25.71,1016.7,Delivered,936.09
SHP04261,Bangalore,Pune,2023-06-22,2023-07-01,34.87,133.9,Delayed,327.49
SHP04262,Kolkata,Delhi,2023-06-23,2023-06-26,6.03,1845.0,Delivered,1461.89
SHP04263,Delhi,Delhi,2023-05-12,2023-05-17,28.48,362.5,Delivered,479.11
SHP04264,Hyderabad,Ahmedabad,2023-11-12,2023-11-15,12.81,1061.4,Delivered,925.25
SHP04265,Bangalore,Kolkata,2023-12-07,2023-12-09,21.87,1609.1,Delivered,1359.92
SHP04266,Bangalore,Kolkata,2023-09-09,2023-09-20,31.89,438.8,Delayed,522.22
SHP04267,Kolkata,Pune,2023-09-10,2023-09-19,13.22,1059.5,Delayed,897.43
SHP04268,Chennai,Pune,2023-10-01,2023-10-09,3.08,489.0,Failed,426.83
SHP04269,Kolkata,Ahmedabad,2023-04-19,2023-04-24,1.01,1521.8,Delivered,1198.97
SHP04270,Bangalore,Kolkata,2023-10-10,2023-10-15,1.6,1133.0,Delivered,914.02
SHP04271,Delhi,Delhi,2023-06-27,2023-06-30,0.91,1713.4,Delivered,1332.85
SHP04272,Ahmedabad,Bangalore,2023-04-24,2023-05-06,5.96,1790.2,Delayed,1429.15
SHP04273,Chennai,Mumbai,2023-06-02,2023-06-05,12.35,1301.0,Delivered,1105.01
SHP04274,Kolkata,Chennai,2023-05-02,2023-05-07,11.45,1453.5,Delivered,1203.46
SHP04275,Ahmedabad,Mumbai,2023-03-21,2023-03-26,49.35,1102.9,Delivered,1110.27
SHP04276,Pune,Pune,2023-03-11,2023-03-13,15.65,775.0,Delivered,712.69
SHP04277,Kolkata,Pune,2023-07-31,2023-08-14,6.81,1299.8,Delayed,1060.58
SHP04278,Bangalore,Mumbai,2023-04-16,2023-04-22,27.51,1817.5,Delivered,1565.5
SHP04279,Ahmedabad,Chennai,2023-03-24,2023-03-27,42.97,839.2,Delivered,888.26
SHP04280,Bangalore,Delhi,2023-01-30,2023-02-06,34.06,635.7,Delivered,693.99
SHP04281,Hyderabad,Bangalore,2023-06-02,2023-06-03,15.16,783.0,Delivered,717.0
SHP04282,Ahmedabad,Bangalore,2023-05-03,2023-05-09,28.3,876.4,Delayed,849.78
SHP04283,Ahmedabad,Mumbai,2023-02-28,2023-03-14,35.89,156.4,Delayed,355.51
SHP04284,Kolkata,Chennai,2023-04-25,2023-05-04,36.54,1001.9,Delayed,965.74
SHP04285,Bangalore,Ahmedabad,2023-04-08,2023-04-11,33.49,993.7,Delivered,965.27
SHP04286,Pune,Pune,2023-11-08,2023-11-15,43.61,1181.0,Delivered,1138.67
SHP04287,Mumbai,Hyderabad,2023-09-21,2023-09-27,43.57,732.0,Delivered,809.46
SHP04288,Chennai,Delhi,2023-10-13,2023-10-16,29.16,1230.1,Delivered,1124.84
SHP04289,Mumbai,Ahmedabad,2023-01-07,2023-01-11,21.78,1757.7,Delivered,1463.47
SHP04290,Chennai,Mumbai,2023-04-12,2023-04-18,32.26,1911.4,Delivered,1637.2
SHP04291,Pune,Bangalore,2023-11-21,2023-11-24,41.0,1171.4,Delivered,1141.67
SHP04292,Ahmedabad,Pune,2023-10-14,2023-10-21,0.78,94.8,Delivered,131.03
SHP04293,Ahmedabad,Ahmedabad,2023-10-20,2023-10-22,49.6,1938.8,Delivered,1735.74
SHP04294,Kolkata,Ahmedabad,2023-08-20,2023-09-01,9.55,1414.7,Failed,1161.87
SHP04295,Hyderabad,Kolkata,2023-05-26,2023-06-09,23.78,678.6,Delayed,663.74
SHP04296,Bangalore,Kolkata,2023-11-04,2023-11-11,43.67,302.8,Delivered,485.54
SHP04297,Bangalore,Chennai,2023-01-15,2023-01-22,11.64,295.4,Delivered,328.12
SHP04298,Bangalore,Chennai,2023-03-13,2023-03-23,24.1,343.8,Delayed,412.72
SHP04299,Kolkata,Mumbai,2023-12-28,2024-01-01,7.06,100.7,Delivered,180.57
SHP04300,Chennai,Ahmedabad,2023-05-07,2023-05-12,20.06,1805.3,Delivered,1490.89
SHP04301,Ahmedabad,Hyderabad,2023-06-01,2023-06-03,9.27,1086.1,Delivered,922.18
SHP04302,Pune,Bangalore,2023-07-24,2023-07-27,18.5,1402.9,Delivered,1207.87
SHP04303,Bangalore,Mumbai,2023-09-22,2023-09-27,18.99,1657.9,Delivered,1408.15
SHP04304,Mumbai,Hyderabad,2023-03-29,2023-03-31,49.66,1585.2,Delayed,1484.35
SHP04305,Bangalore,Pune,2023-03-18,2023-03-20,49.74,1766.4,Delivered,1638.46
SHP04306,Ahmedabad,Chennai,2023-07-26,2023-08-02,6.18,1934.8,Delivered,1550.3
SHP04307,Kolkata,Kolkata,2023-03-11,2023-03-17,36.44,883.8,Delivered,881.97
SHP04308,Pune,Delhi,2023-02-16,2023-02-23,3.06,1901.2,Delivered,1490.38
SHP04309,Hyderabad,Ahmedabad,2023-10-05,2023-10-11,1.99,1449.3,Delivered,1129.33
SHP04310,Pune,Pune,2023-02-09,2023-02-15,5.71,150.6,Delivered,196.33
SHP04311,Mumbai,Kolkata,2023-03-21,2023-03-26,48.29,1366.7,Delivered,1319.73
SHP04312,Bangalore,Bangalore,2023-07-25,2023-07-27,47.07,1376.6,Delivered,1305.97
SHP04313,Bangalore,Bangalore,2023-02-04,2023-02-06,10.1,1812.7,Delivered,1471.94
SHP04314,Delhi,Kolkata,2023-10-15,2023-10-18,8.5,752.1,Delivered,638.07
SHP04315,Chennai,Pune,2023-02-21,2023-02-22,12.41,1174.0,Delivered,1004.8
SHP04316,Mumbai,Kolkata,2023-06-19,2023-06-24,26.02,34.3,Delivered,186.89
SHP04317,Delhi,Hyderabad,2023-08-27,2023-09-03,28.7,670.8,Delivered,702.87
SHP04318,Pune,Mumbai,2023-11-28,2023-12-01,11.47,133.9,Delivered,190.93
SHP04319,Hyderabad,Chennai,2023-06-10,2023-06-17,37.95,1048.5,Delayed,1016.17
SHP04320,Chennai,Hyderabad,2023-11-30,2023-12-06,15.82,1636.7,Delayed,1365.5
SHP04321,Mumbai,Delhi,2023-07-17,2023-07-19,46.15,420.8,Delivered,587.57
SHP04322,Bangalore,Kolkata,2023-01-27,2023-02-08,33.01,1059.6,Failed,1010.2
SHP04323,Pune,Delhi,2023-03-04,2023-03-06,22.1,416.0,Delivered,489.11
SHP04324,Mumbai,Delhi,2023-02-25,2023-02-27,39.6,250.2,Delivered,417.64
SHP04325,Bangalore,Hyderabad,2023-09-29,2023-09-30,40.99,1026.9,Delivered,1037.57
SHP04326,Ahmedabad,Chennai,2023-02-03,2023-02-10,14.88,167.5,Delivered,232.64
SHP04327,Chennai,Pune,2023-11-27,2023-12-01,17.32,1178.8,Delivered,1005.77
SHP04328,Ahmedabad,Bangalore,2023-06-12,2023-06-18,46.83,72.4,Delivered,323.22
SHP04329,Ahmedabad,Mumbai,2023-02-21,2023-02-28,8.65,222.4,Delivered,279.81
SHP04330,Bangalore,Ahmedabad,2023-03-15,2023-03-17,2.59,1104.5,Delivered,878.53
SHP04331,Hyderabad,Bangalore,2023-12-03,2023-12-08,22.98,1186.9,Delivered,1070.95
SHP04332,Pune,Chennai,2023-05-16,2023-05-20,40.16,67.7,Delivered,321.21
SHP04333,Kolkata,Ahmedabad,2023-06-19,2023-06-25,38.7,1151.0,Delivered,1102.1
SHP04334,Bangalore,Bangalore,2023-07-03,2023-07-14,46.02,1678.6,Delayed,1544.29
SHP04335,Hyderabad,Kolkata,2023-09-04,2023-09-06,26.89,1447.4,Failed,1281.16
SHP04336,Kolkata,Kolkata,2023-05-07,2023-05-19,5.45,271.1,Delayed,276.28
SHP04337,Pune,Hyderabad,2023-10-23,2023-10-28,29.64,1189.0,Delivered,1076.42
SHP04338,Ahmedabad,Delhi,2023-03-08,2023-03-09,39.03,1347.8,Delivered,1253.35
SHP04339,Chennai,Ahmedabad,2023-02-01,2023-02-03,5.12,84.1,Delivered,149.55
SHP04340,Chennai,Chennai,2023-12-04,2023-12-10,9.05,1712.1,Delivered,1390.56
SHP04341,Pune,Chennai,2023-04-14,2023-04-18,1.11,1813.5,Delivered,1404.9
SHP04342,Pune,Bangalore,2023-03-22,2023-04-06,29.89,1702.4,Failed,1463.25
SHP04343,Mumbai,Hyderabad,2023-03-26,2023-04-01,44.39,1651.0,Delivered,1527.02
SHP04344,Hyderabad,Bangalore,2023-06-17,2023-06-21,33.7,1492.5,Delivered,1319.63
SHP04345,Ahmedabad,Bangalore,2023-08-03,2023-08-15,49.11,1270.5,Failed,1257.81
SHP04346,Hyderabad,Chennai,2023-10-28,2023-11-03,3.62,1360.5,Delayed,1070.33
SHP04347,Pune,Bangalore,2023-06-25,2023-07-02,45.2,1614.7,Delivered,1500.54
SHP04348,Delhi,Delhi,2023-02-11,2023-02-17,40.8,1328.4,Delivered,1266.52
SHP04349,Delhi,Bangalore,2023-11-07,2023-11-08,16.05,662.2,Delivered,618.8
SHP04350,Kolkata,Ahmedabad,2023-05-01,2023-05-08,48.69,758.2,Delivered,845.06
SHP04351,Kolkata,Delhi,2023-09-17,2023-09-20,14.75,1795.1,Delivered,1469.3
SHP04352,Delhi,Chennai,2023-06-02,2023-06-03,44.52,44.1,Delivered,297.61
SHP04353,Pune,Hyderabad,2023-11-24,2023-11-25,44.1,1400.7,Delivered,1317.71
SHP04354,Pune,Kolkata,2023-05-06,2023-05-09,38.0,1910.0,Delivered,1679.1
SHP04355,Kolkata,Ahmedabad,2023-04-23,2023-04-25,28.39,1415.4,Delivered,1241.89
SHP04356,Bangalore,Delhi,2023-12-28,2024-01-11,6.44,1987.9,Delayed,1567.4
SHP04357,Pune,Hyderabad,2023-12-30,2024-01-05,26.83,1378.2,Delivered,1229.1
SHP04358,Delhi,Hyderabad,2023-03-26,2023-04-01,18.16,78.4,Delivered,205.35
SHP04359,Hyderabad,Delhi,2023-11-04,2023-11-09,39.71,1655.7,Delivered,1483.38
SHP04360,Pune,Chennai,2023-07-14,2023-07-15,38.03,576.4,Delivered,679.02
SHP04361,Ahmedabad,Mumbai,2023-01-05,2023-01-08,45.58,897.7,Delivered,961.79
SHP04362,Pune,Hyderabad,2023-03-31,2023-04-03,1.23,631.1,Delivered,533.17
SHP04363,Bangalore,Hyderabad,2023-01-09,2023-01-13,40.55,544.4,Delivered,650.63
SHP04364,Kolkata,Chennai,2023-08-10,2023-08-18,46.95,868.5,Delayed,916.13
SHP04365,Pune,Chennai,2023-03-21,2023-03-26,39.57,763.7,Delivered,832.74
SHP04366,Chennai,Bangalore,2023-05-18,2023-05-22,6.94,1270.3,Delayed,1050.33
SHP04367,Mumbai,Chennai,2023-07-13,2023-07-18,4.52,1628.2,Delivered,1301.65
SHP04368,Delhi,Hyderabad,2023-01-01,2023-01-05,1.53,601.2,Delivered,491.61
SHP04369,Ahmedabad,Delhi,2023-03-24,2023-03-29,31.62,435.3,Delivered,537.98
SHP04370,Ahmedabad,Mumbai,2023-04-07,2023-04-13,31.67,1337.1,Delivered,1224.02
SHP04371,Ahmedabad,Pune,2023-11-14,2023-11-18,49.35,1343.9,Delivered,1300.26
SHP04372,Chennai,Bangalore,2023-07-24,2023-07-27,20.2,1803.3,Delivered,1491.4
SHP04373,Ahmedabad,Pune,2023-03-07,2023-03-13,16.93,41.7,Delivered,169.43
SHP04374,Ahmedabad,Delhi,2023-07-05,2023-07-06,31.41,1707.6,Delivered,1500.8
SHP04375,Kolkata,Mumbai,2023-07-14,2023-07-19,41.37,1046.8,Delivered,1023.9
SHP04376,Hyderabad,Mumbai,2023-06-26,2023-06-29,46.87,1246.4,Delivered,1223.03
SHP04377,Mumbai,Mumbai,2023-03-12,2023-03-13,40.25,191.8,Delivered,400.83
SHP04378,Chennai,Kolkata,2023-07-28,2023-08-12,21.62,870.9,Failed,815.37
SHP04379,Mumbai,Delhi,2023-03-21,2023-03-24,31.93,462.3,Delayed,562.38
SHP04380,Delhi,Ahmedabad,2023-02-18,2023-02-22,42.89,515.9,Delivered,656.63
SHP04381,Kolkata,Bangalore,2023-02-04,2023-02-05,24.79,1013.1,Delivered,918.99
SHP04382,Pune,Bangalore,2023-02-05,2023-02-09,11.23,1626.8,Delivered,1315.65
SHP04383,Hyderabad,Mumbai,2023-02-19,2023-02-21,8.9,1490.1,Delayed,1216.83
SHP04384,Kolkata,Delhi,2023-09-23,2023-09-25,0.51,1186.1,Delivered,922.83
SHP04385,Mumbai,Kolkata,2023-04-29,2023-04-30,36.05,1083.4,Delivered,1048.19
SHP04386,Chennai,Mumbai,2023-07-22,2023-07-29,6.0,860.3,Delivered,731.84
SHP04387,Delhi,Chennai,2023-12-26,2024-01-01,12.57,1945.7,Delivered,1561.69
SHP04388,Delhi,Ahmedabad,2023-09-25,2023-09-26,15.24,1124.8,Delivered,973.73
SHP04389,Kolkata,Pune,2023-04-04,2023-04-17,28.24,515.4,Delayed,579.11
SHP04390,Pune,Bangalore,2023-12-21,2023-12-22,20.2,467.9,Delivered,492.35
SHP04391,Chennai,Pune,2023-11-18,2023-11-26,33.9,1226.6,Delayed,1137.97
SHP04392,Pune,Hyderabad,2023-05-21,2023-05-26,3.25,1050.4,Delivered,870.43
SHP04393,Pune,Mumbai,2023-05-14,2023-05-23,6.63,25.3,Delayed,99.19
SHP04394,Ahmedabad,Chennai,2023-09-25,2023-10-04,25.21,1661.8,Delayed,1427.59
SHP04395,Chennai,Bangalore,2023-07-09,2023-07-12,17.18,1411.2,Delivered,1175.71
SHP04396,Mumbai,Pune,2023-04-11,2023-04-17,15.14,1327.0,Delivered,1104.06
SHP04397,Kolkata,Ahmedabad,2023-06-18,2023-06-20,3.82,146.9,Delivered,162.53
SHP04398,Kolkata,Kolkata,2023-06-05,2023-06-06,44.84,730.5,Delivered,833.2
SHP04399,Ahmedabad,Delhi,2023-11-20,2023-11-27,34.75,1871.4,Delivered,1621.31
SHP04400,Bangalore,Bangalore,2023-02-28,2023-03-01,6.52,1726.6,Delivered,1366.65
SHP04401,Kolkata,Ahmedabad,2023-03-31,2023-04-05,3.72,578.2,Delivered,512.14
SHP04402,Delhi,Pune,2023-03-21,2023-03-28,48.76,322.5,Delivered,522.47
SHP04403,Mumbai,Delhi,2023-04-17,2023-04-25,34.22,903.7,Delayed,888.73
SHP04404,Chennai,Pune,2023-08-23,2023-08-27,21.16,718.1,Delivered,691.61
SHP04405,Kolkata,Delhi,2023-01-30,2023-02-01,35.24,1367.6,Delivered,1245.16
SHP04406,Mumbai,Kolkata,2023-12-25,2023-12-27,37.94,1933.2,Delivered,1693.02
SHP04407,Ahmedabad,Kolkata,2023-09-01,2023-09-08,39.11,732.4,Delivered,788.36
SHP04408,Kolkata,Mumbai,2023-08-21,2023-08-28,24.15,133.8,Delivered,266.82
SHP04409,Chennai,Mumbai,2023-03-21,2023-03-27,21.78,1796.3,Delivered,1520.64
SHP04410,Hyderabad,Bangalore,2023-07-06,2023-07-17,1.05,85.5,Failed,134.76
SHP04411,Chennai,Kolkata,2023-04-30,2023-05-04,46.36,1906.0,Delivered,1724.41
SHP04412,Chennai,Chennai,2023-06-03,2023-06-05,30.36,1332.5,Delivered,1215.77
SHP04413,Chennai,Pune,2023-02-21,2023-03-08,10.56,1884.0,Failed,1518.59
SHP04414,Kolkata,Pune,2023-02-19,2023-02-26,46.02,407.3,Delivered,591.42
SHP04415,Bangalore,Pune,2023-07-14,2023-07-20,45.79,91.0,Delivered,349.49
SHP04416,Chennai,Bangalore,2023-12-22,2023-12-27,49.46,981.5,Delivered,1044.85
SHP04417,Ahmedabad,Pune,2023-07-07,2023-07-08,43.77,906.7,Delivered,950.92
SHP04418,Delhi,Hyderabad,2023-03-04,2023-03-16,49.89,669.7,Delayed,786.17
SHP04419,Delhi,Delhi,2023-04-12,2023-04-27,12.61,1915.7,Failed,1562.21
SHP04420,Ahmedabad,Pune,2023-02-09,2023-02-14,42.19,1646.9,Delivered,1506.55
SHP04421,Mumbai,Ahmedabad,2023-01-30,2023-02-03,41.24,1326.5,Delivered,1263.89
SHP04422,Bangalore,Delhi,2023-09-18,2023-09-29,11.93,334.1,Failed,347.84
SHP04423,Mumbai,Mumbai,2023-10-09,2023-10-13,5.37,1471.3,Delivered,1171.19
SHP04424,Ahmedabad,Pune,2023-06-04,2023-06-07,48.98,1456.8,Delivered,1379.33
SHP04425,Delhi,Ahmedabad,2023-06-16,2023-06-22,15.15,855.9,Delivered,768.0
SHP04426,Pune,Chennai,2023-06-19,2023-06-26,43.61,1850.3,Delivered,1641.13
SHP04427,Delhi,Ahmedabad,2023-02-08,2023-02-11,0.7,342.3,Delivered,305.64
SHP04428,Hyderabad,Kolkata,2023-06-16,2023-07-01,1.54,542.0,Delayed,451.49
SHP04429,Chennai,Kolkata,2023-05-23,2023-05-27,23.56,135.8,Delivered,260.24
SHP04430,Pune,Mumbai,2023-08-31,2023-09-02,12.32,1592.9,Delivered,1314.53
SHP04431,Delhi,Hyderabad,2023-09-21,2023-09-25,34.65,1247.3,Delivered,1172.92
SHP04432,Kolkata,Bangalore,2023-03-23,2023-03-27,28.5,636.7,Delayed,650.94
SHP04433,Kolkata,Bangalore,2023-11-24,2023-11-29,4.34,336.0,Delivered,326.34
SHP04434,Mumbai,Chennai,2023-07-13,2023-07-19,8.55,89.9,Delivered,141.62
SHP04435,Pune,Mumbai,2023-04-29,2023-05-01,19.71,341.8,Failed,388.31
SHP04436,Mumbai,Mumbai,2023-07-05,2023-07-12,9.69,912.0,Delivered,790.65
SHP04437,Chennai,Hyderabad,2023-05-11,2023-05-14,39.72,501.9,Delivered,634.45
SHP04438,Chennai,Pune,2023-05-01,2023-05-08,21.1,525.4,Delivered,562.11
SHP04439,Hyderabad,Bangalore,2023-11-12,2023-11-14,5.12,1752.4,Delivered,1388.87
SHP04440,Ahmedabad,Pune,2023-04-17,2023-04-23,24.47,1035.1,Failed,963.07
SHP04441,Ahmedabad,Mumbai,2023-03-27,2023-04-02,5.0,1461.2,Delivered,1157.57
SHP04442,Bangalore,Pune,2023-08-06,2023-08-18,6.88,81.1,Failed,135.21
SHP04443,Mumbai,Kolkata,2023-04-05,2023-04-15,12.36,736.7,Failed,649.71
SHP04444,Chennai,Chennai,2023-04-19,2023-04-22,43.05,963.5,Delivered,999.78
SHP04445,Ahmedabad,Bangalore,2023-06-19,2023-06-25,46.27,381.0,Delivered,556.25
SHP04446,Mumbai,Hyderabad,2023-04-17,2023-04-19,41.4,249.2,Delivered,430.12
SHP04447,Chennai,Chennai,2023-04-28,2023-05-10,17.04,1741.9,Delayed,1446.55
SHP04448,Delhi,Delhi,2023-12-28,2023-12-29,13.99,1879.5,Delivered,1512.66
SHP04449,Mumbai,Kolkata,2023-09-20,2023-09-21,27.68,166.8,Delivered,295.3
SHP04450,Delhi,Hyderabad,2023-07-17,2023-07-23,36.23,704.5,Delivered,743.79
SHP04451,Mumbai,Ahmedabad,2023-10-28,2023-11-04,49.67,1917.0,Delivered,1716.11
SHP04452,Bangalore,Chennai,2023-04-09,2023-04-21,7.01,175.5,Delayed,224.55
SHP04453,Hyderabad,Mumbai,2023-07-16,2023-07-19,2.94,1290.8,Delivered,1035.29
SHP04454,Kolkata,Delhi,2023-06-17,2023-06-25,34.87,1944.7,Delayed,1671.27
SHP04455,Ahmedabad,Hyderabad,2023-03-05,2023-03-07,41.7,1956.7,Delivered,1715.35
SHP04456,Kolkata,Mumbai,2023-11-24,2023-11-29,42.39,947.7,Delivered,985.16
SHP04457,Kolkata,Kolkata,2023-07-20,2023-07-29,34.08,333.9,Delayed,470.9
SHP04458,Delhi,Ahmedabad,2023-02-15,2023-02-16,47.72,412.1,Delivered,605.62
SHP04459,Pune,Delhi,2023-08-12,2023-08-18,25.79,1780.3,Delivered,1512.29
SHP04460,Chennai,Bangalore,2023-05-17,2023-05-21,45.73,1824.2,Delayed,1636.31
SHP04461,Kolkata,Ahmedabad,2023-10-18,2023-10-24,48.41,1219.7,Delivered,1225.64
SHP04462,Bangalore,Mumbai,2023-04-07,2023-04-12,42.43,1534.7,Delivered,1415.8
SHP04463,Kolkata,Chennai,2023-01-01,2023-01-03,15.83,1482.5,Delivered,1226.26
SHP04464,Mumbai,Pune,2023-06-02,2023-06-08,10.21,1327.0,Delivered,1092.54
SHP04465,Delhi,Hyderabad,2023-09-19,2023-10-04,27.63,1656.3,Failed,1423.55
SHP04466,Pune,Delhi,2023-11-16,2023-11-27,22.92,1374.0,Delayed,1183.66
SHP04467,Mumbai,Mumbai,2023-04-07,2023-04-09,43.95,1072.7,Delivered,1091.61
SHP04468,Pune,Bangalore,2023-01-10,2023-01-16,5.45,481.5,Failed,453.61
SHP04469,Mumbai,Pune,2023-09-16,2023-09-26,13.26,1490.3,Delayed,1221.99
SHP04470,Mumbai,Hyderabad,2023-08-15,2023-08-22,37.71,952.1,Delivered,946.71
SHP04471,Ahmedabad,Hyderabad,2023-07-27,2023-07-29,5.2,596.6,Delivered,533.94
SHP04472,Hyderabad,Mumbai,2023-03-29,2023-04-02,16.38,1605.9,Delivered,1324.67
SHP04473,Hyderabad,Bangalore,2023-01-08,2023-01-15,19.66,1396.5,Delayed,1199.34
SHP04474,Chennai,Kolkata,2023-07-07,2023-07-16,31.32,1875.3,Delayed,1621.07
SHP04475,Delhi,Pune,2023-07-24,2023-07-25,8.33,339.2,Delivered,352.21
SHP04476,Bangalore,Kolkata,2023-11-05,2023-11-14,43.1,1301.9,Delayed,1250.18
SHP04477,Bangalore,Delhi,2023-01-21,2023-01-22,22.65,496.0,Delivered,543.52
SHP04478,Bangalore,Mumbai,2023-11-11,2023-11-14,45.89,1808.1,Delivered,1654.12
SHP04479,Ahmedabad,Pune,2023-12-30,2024-01-11,23.66,208.0,Delayed,318.16
SHP04480,Mumbai,Delhi,2023-08-24,2023-08-30,14.11,1315.8,Delivered,1122.54
SHP04481,Hyderabad,Ahmedabad,2023-07-04,2023-07-08,7.52,1584.3,Delivered,1256.7
SHP04482,Delhi,Kolkata,2023-05-26,2023-05-30,0.69,716.3,Delivered,582.2
SHP04483,Mumbai,Ahmedabad,2023-06-27,2023-06-29,26.84,1908.7,Delivered,1597.67
SHP04484,Pune,Ahmedabad,2023-07-21,2023-07-23,5.8,1703.0,Delivered,1362.3
SHP04485,Hyderabad,Pune,2023-04-16,2023-04-18,19.89,596.3,Delivered,580.71
SHP04486,Hyderabad,Hyderabad,2023-05-06,2023-05-17,29.67,25.0,Delayed,230.93
SHP04487,Kolkata,Delhi,2023-09-07,2023-09-19,14.15,600.3,Delayed,576.84
SHP04488,Kolkata,Ahmedabad,2023-10-19,2023-10-25,9.17,569.8,Delivered,504.35
SHP04489,Ahmedabad,Bangalore,2023-04-23,2023-04-24,38.85,1781.0,Delivered,1588.59
SHP04490,Delhi,Chennai,2023-02-01,2023-02-04,47.37,1934.6,Delivered,1752.28
SHP04491,Pune,Kolkata,2023-05-20,2023-05-21,5.47,150.2,Delivered,196.44
SHP04492,Delhi,Kolkata,2023-12-12,2023-12-15,8.2,947.9,Delivered,783.15
SHP04493,Delhi,Bangalore,2023-01-05,2023-01-07,48.02,1101.2,Delivered,1130.32
SHP04494,Ahmedabad,Pune,2023-11-09,2023-11-16,2.37,194.9,Delivered,217.32
SHP04495,Ahmedabad,Pune,2023-07-11,2023-07-15,48.89,761.2,Delivered,860.49
SHP04496,Mumbai,Pune,2023-05-29,2023-06-03,0.73,641.0,Delivered,527.55
SHP04497,Chennai,Delhi,2023-06-01,2023-06-03,43.75,1076.8,Delivered,1075.54
SHP04498,Ahmedabad,Mumbai,2023-01-14,2023-01-15,15.71,1325.8,Delivered,1137.58
SHP04499,Delhi,Ahmedabad,2023-06-25,2023-07-04,46.96,1409.9,Failed,1332.31
SHP04500,Kolkata,Hyderabad,2023-11-10,2023-11-11,16.19,282.1,Delivered,326.56
SHP04501,Chennai,Chennai,2023-06-18,2023-06-23,32.89,1627.8,Failed,1449.89
SHP04502,Mumbai,Mumbai,2023-09-04,2023-09-08,4.46,1360.3,Delivered,1073.58
SHP04503,Chennai,Mumbai,2023-04-29,2023-05-04,12.5,1779.3,Delivered,1463.41
SHP04504,Bangalore,Bangalore,2023-01-26,2023-02-01,38.8,904.2,Failed,914.38
SHP04505,Pune,Delhi,2023-07-07,2023-07-14,26.67,1788.8,Delivered,1525.28
SHP04506,Chennai,Kolkata,2023-04-28,2023-04-30,46.43,1732.9,Delivered,1567.12
SHP04507,Delhi,Kolkata,2023-04-28,2023-05-05,21.72,882.4,Delivered,836.49
SHP04508,Mumbai,Bangalore,2023-02-07,2023-02-17,43.56,768.5,Delayed,854.17
SHP04509,Pune,Delhi,2023-01-22,2023-01-23,22.72,1866.3,Delivered,1580.29
SHP04510,Delhi,Bangalore,2023-07-28,2023-08-11,48.97,1433.2,Failed,1377.08
SHP04511,Pune,Kolkata,2023-02-14,2023-02-26,48.01,1857.2,Delayed,1670.34
SHP04512,Kolkata,Mumbai,2023-12-14,2023-12-19,16.79,1596.0,Delivered,1323.28
SHP04513,Bangalore,Hyderabad,2023-09-03,2023-09-08,44.35,1222.5,Delivered,1188.1
SHP04514,Kolkata,Ahmedabad,2023-10-26,2023-10-29,42.46,240.5,Delivered,446.97
SHP04515,Delhi,Pune,2023-04-18,2023-04-20,10.93,590.0,Delivered,564.21
SHP04516,Delhi,Delhi,2023-09-16,2023-09-18,31.4,1938.0,Delivered,1655.86
SHP04517,Delhi,Ahmedabad,2023-12-28,2024-01-01,4.1,645.6,Failed,562.82
SHP04518,Hyderabad,Chennai,2023-08-23,2023-08-28,41.92,195.6,Delivered,424.74
SHP04519,Bangalore,Chennai,2023-05-12,2023-05-16,9.14,1418.0,Delayed,1145.29
SHP04520,Pune,Mumbai,2023-12-17,2023-12-18,4.01,1470.7,Delivered,1187.58
SHP04521,Ahmedabad,Bangalore,2023-03-17,2023-03-24,20.31,578.1,Delivered,581.95
SHP04522,Delhi,Bangalore,2023-06-18,2023-06-23,29.06,602.4,Delivered,656.4
SHP04523,Delhi,Kolkata,2023-10-13,2023-10-17,42.82,943.1,Delivered,963.17
SHP04524,Pune,Mumbai,2023-08-16,2023-08-21,48.73,53.4,Failed,327.06
SHP04525,Ahmedabad,Kolkata,2023-04-26,2023-04-27,22.25,1580.8,Delivered,1327.94
SHP04526,Kolkata,Kolkata,2023-09-22,2023-09-28,3.49,641.0,Delivered,567.06
SHP04527,Kolkata,Chennai,2023-07-13,2023-07-16,37.58,1709.0,Delivered,1532.19
SHP04528,Delhi,Kolkata,2023-04-26,2023-05-01,28.48,1607.2,Delivered,1381.56
SHP04529,Mumbai,Ahmedabad,2023-08-28,2023-09-10,22.67,1326.2,Failed,1177.98
SHP04530,Hyderabad,Pune,2023-12-21,2024-01-03,15.81,656.5,Delayed,625.63
SHP04531,Kolkata,Kolkata,2023-07-29,2023-07-31,25.37,1037.5,Delivered,969.12
SHP04532,Mumbai,Chennai,2023-11-27,2023-12-03,17.26,895.2,Delivered,790.37
SHP04533,Hyderabad,Pune,2023-12-01,2023-12-07,37.97,684.4,Delivered,748.73
SHP04534,Delhi,Bangalore,2023-11-13,2023-11-22,27.42,1697.8,Delayed,1467.24
SHP04535,Bangalore,Delhi,2023-08-06,2023-08-12,43.9,972.2,Delayed,982.91
SHP04536,Chennai,Hyderabad,2023-10-09,2023-10-15,27.41,1667.1,Delivered,1436.93
SHP04537,Chennai,Kolkata,2023-03-06,2023-03-12,12.29,219.4,Delivered,273.71
SHP04538,Delhi,Ahmedabad,2023-04-17,2023-04-18,42.63,290.6,Delivered,469.74
SHP04539,Kolkata,Pune,2023-03-26,2023-04-02,28.08,1954.9,Delivered,1648.59
SHP04540,Mumbai,Delhi,2023-04-29,2023-05-05,10.74,1179.7,Delivered,1007.16
SHP04541,Bangalore,Chennai,2023-10-17,2023-10-20,31.36,1024.4,Delivered,966.65
SHP04542,Pune,Delhi,2023-10-13,2023-10-16,18.21,1051.1,Delivered,917.91
SHP04543,Hyderabad,Hyderabad,2023-11-20,2023-11-25,42.3,438.4,Delivered,591.75
SHP04544,Delhi,Ahmedabad,2023-06-20,2023-06-27,22.94,1440.2,Delivered,1251.69
SHP04545,Bangalore,Delhi,2024-01-01,2024-01-05,36.46,178.7,Delivered,375.33
SHP04546,Ahmedabad,Ahmedabad,2023-03-31,2023-04-04,5.23,1150.9,Delivered,949.49
SHP04547,Bangalore,Pune,2023-08-27,2023-08-28,20.1,1145.8,Delivered,991.32
SHP04548,Kolkata,Delhi,2023-07-08,2023-07-12,49.17,1829.2,Delivered,1663.5
SHP04549,Ahmedabad,Ahmedabad,2023-09-08,2023-09-17,40.52,1057.1,Delayed,1056.38
SHP04550,Hyderabad,Delhi,2023-06-14,2023-06-20,8.42,282.8,Delivered,320.39
SHP04551,Ahmedabad,Delhi,2023-07-13,2023-07-22,14.25,1149.8,Failed,987.69
SHP04552,Bangalore,Mumbai,2023-08-02,2023-08-05,16.83,191.7,Delivered,260.02
SHP04553,Kolkata,Kolkata,2023-07-15,2023-07-17,32.69,415.5,Delivered,520.94
SHP04554,Ahmedabad,Chennai,2023-11-13,2023-11-19,37.97,71.9,Delayed,276.74
SHP04555,Mumbai,Hyderabad,2023-12-26,2023-12-28,37.6,1031.5,Delivered,1021.57
SHP04556,Kolkata,Chennai,2023-03-19,2023-03-20,25.74,178.2,Delivered,294.89
SHP04557,Mumbai,Mumbai,2023-03-25,2023-04-01,40.64,944.1,Delivered,948.7
SHP04558,Mumbai,Mumbai,2023-07-06,2023-07-10,22.14,1866.6,Delayed,1557.33
SHP04559,Ahmedabad,Pune,2023-06-22,2023-06-28,6.63,1442.3,Delivered,1163.38
SHP04560,Ahmedabad,Mumbai,2023-07-15,2023-07-21,28.44,164.0,Delivered,311.46
SHP04561,Pune,Kolkata,2023-02-28,2023-03-02,47.64,456.2,Delivered,628.89
SHP04562,Pune,Mumbai,2023-01-14,2023-01-17,39.75,1350.6,Delivered,1270.23
SHP04563,Bangalore,Delhi,2023-01-12,2023-01-17,29.15,1790.5,Delivered,1533.4
SHP04564,Kolkata,Chennai,2023-03-10,2023-03-14,32.52,75.5,Delivered,271.14
SHP04565,Pune,Bangalore,2023-08-24,2023-08-29,46.56,1626.8,Delivered,1495.03
SHP04566,Mumbai,Hyderabad,2023-03-17,2023-03-23,21.7,1128.0,Delivered,998.65
SHP04567,Pune,Mumbai,2023-12-26,2023-12-31,16.9,1096.7,Failed,961.58
SHP04568,Hyderabad,Chennai,2023-12-11,2023-12-19,48.87,1916.0,Delayed,1730.97
SHP04569,Bangalore,Pune,2023-07-23,2023-07-28,43.24,1497.8,Delayed,1398.47
SHP04570,Kolkata,Mumbai,2023-07-31,2023-08-05,16.49,1701.7,Delivered,1411.15
SHP04571,Kolkata,Kolkata,2023-05-21,2023-05-23,23.46,714.5,Delivered,715.32
SHP04572,Chennai,Mumbai,2023-05-18,2023-05-23,21.05,1113.2,Delayed,987.89
SHP04573,Kolkata,Mumbai,2023-10-17,2023-10-21,7.88,1234.7,Delivered,1015.07
SHP04574,Bangalore,Ahmedabad,2023-02-05,2023-02-08,47.91,650.0,Delivered,783.85
SHP04575,Hyderabad,Ahmedabad,2023-03-22,2023-04-05,20.51,1144.8,Delayed,1000.0
SHP04576,Kolkata,Mumbai,2023-04-01,2023-04-07,43.83,480.9,Delivered,625.26
SHP04577,Chennai,Pune,2023-02-07,2023-02-12,9.87,295.3,Delivered,325.82
SHP04578,Bangalore,Ahmedabad,2023-09-20,2023-09-25,27.62,754.2,Delivered,734.91
SHP04579,Mumbai,Mumbai,2023-05-08,2023-05-21,1.69,1481.2,Failed,1166.83
SHP04580,Delhi,Hyderabad,2023-02-01,2023-02-04,38.33,1833.2,Delivered,1620.5
SHP04581,Delhi,Chennai,2023-12-26,2024-01-01,29.26,920.9,Delayed,905.67
SHP04582,Mumbai,Ahmedabad,2023-06-09,2023-06-13,31.47,1289.2,Delivered,1189.33
SHP04583,Pune,Ahmedabad,2023-04-15,2023-04-16,3.06,215.0,Delivered,217.78
SHP04584,Kolkata,Kolkata,2023-07-24,2023-07-25,10.95,1809.9,Delivered,1462.46
SHP04585,Ahmedabad,Mumbai,2023-06-05,2023-06-07,4.18,1141.5,Delivered,909.28
SHP04586,Delhi,Mumbai,2023-10-20,2023-10-25,14.8,1562.9,Delivered,1285.81
SHP04587,Pune,Mumbai,2023-07-15,2023-07-20,31.56,1590.9,Delivered,1411.97
SHP04588,Delhi,Mumbai,2023-07-21,2023-07-26,28.53,520.4,Delayed,567.88
SHP04589,Mumbai,Ahmedabad,2023-05-19,2023-05-25,30.8,1063.1,Delivered,991.63
SHP04590,Kolkata,Delhi,2023-05-31,2023-06-04,27.69,1921.4,Delivered,1647.26
SHP04591,Kolkata,Delhi,2023-05-20,2023-05-23,14.01,188.4,Delivered,274.3
SHP04592,Pune,Bangalore,2023-05-30,2023-06-11,12.6,1369.3,Failed,1151.25
SHP04593,Mumbai,Mumbai,2023-05-04,2023-05-05,7.28,1924.9,Delivered,1544.66
SHP04594,Pune,Bangalore,2023-12-17,2023-12-18,42.53,608.1,Delivered,728.71
SHP04595,Kolkata,Hyderabad,2023-12-24,2023-12-29,31.02,1724.3,Delayed,1483.15
SHP04596,Ahmedabad,Bangalore,2023-06-13,2023-06-16,9.73,1868.0,Delivered,1500.31
SHP04597,Kolkata,Chennai,2023-12-25,2024-01-01,9.27,1496.7,Delivered,1216.64
SHP04598,Bangalore,Delhi,2023-06-11,2023-06-13,43.72,470.3,Delivered,613.77
SHP04599,Ahmedabad,Delhi,2023-07-22,2023-07-28,37.27,674.7,Delivered,755.74
SHP04600,Pune,Mumbai,2023-06-23,2023-06-24,33.14,81.3,Delivered,275.24
SHP04601,Bangalore,Ahmedabad,2023-08-29,2023-09-01,20.64,1664.6,Delivered,1384.06
SHP04602,Mumbai,Mumbai,2023-06-22,2023-06-30,13.47,1700.7,Failed,1383.87
SHP04603,Hyderabad,Hyderabad,2023-06-15,2023-06-18,48.98,1269.1,Delivered,1235.87
SHP04604,Delhi,Kolkata,2023-08-19,2023-08-25,39.96,711.5,Delivered,798.92
SHP04605,Bangalore,Hyderabad,2023-08-28,2023-09-04,15.44,162.9,Delivered,255.27
SHP04606,Delhi,Chennai,2023-12-11,2023-12-17,42.45,1508.6,Delivered,1396.12
SHP04607,Chennai,Mumbai,2023-11-02,2023-11-08,38.07,1455.8,Delivered,1332.47
SHP04608,Mumbai,Mumbai,2023-12-12,2023-12-18,15.21,1826.1,Delivered,1501.63
SHP04609,Hyderabad,Hyderabad,2023-05-20,2023-05-21,21.61,1463.8,Delivered,1266.1
SHP04610,Chennai,Hyderabad,2023-02-06,2023-02-07,9.7,1659.1,Delivered,1345.0
SHP04611,Chennai,Hyderabad,2023-03-20,2023-03-24,6.0,1494.4,Delivered,1218.33
SHP04612,Kolkata,Delhi,2023-05-01,2023-05-05,36.28,1265.1,Delayed,1199.3
SHP04613,Chennai,Bangalore,2023-07-10,2023-07-12,13.74,859.7,Delivered,783.29
SHP04614,Mumbai,Bangalore,2023-05-27,2023-05-29,41.09,1805.2,Failed,1616.13
SHP04615,Bangalore,Mumbai,2023-11-19,2023-11-25,49.78,1305.4,Delayed,1295.25
SHP04616,Mumbai,Delhi,2023-08-25,2023-09-04,4.29,802.7,Delayed,669.65
SHP04617,Bangalore,Hyderabad,2023-02-10,2023-02-18,23.92,176.1,Delayed,316.06
SHP04618,Chennai,Mumbai,2023-02-15,2023-02-21,40.2,588.5,Delivered,708.74
SHP04619,Chennai,Delhi,2023-06-24,2023-06-30,39.55,1092.0,Delayed,1082.92
SHP04620,Ahmedabad,Chennai,2023-11-30,2023-12-12,38.12,558.5,Failed,672.71
SHP04621,Hyderabad,Kolkata,2023-06-20,2023-06-30,17.78,450.3,Failed,472.89
SHP04622,Bangalore,Delhi,2023-08-30,2023-09-03,22.97,1059.5,Delivered,945.83
SHP04623,Chennai,Pune,2023-05-24,2023-05-29,29.95,347.9,Delayed,454.03
SHP04624,Kolkata,Mumbai,2023-07-24,2023-07-26,48.71,1602.8,Failed,1506.34
SHP04625,Ahmedabad,Ahmedabad,2023-08-23,2023-09-07,16.71,973.9,Failed,853.29
SHP04626,Delhi,Bangalore,2023-05-25,2023-05-26,46.2,1152.0,Delivered,1144.13
SHP04627,Ahmedabad,Pune,2023-10-21,2023-10-22,13.83,303.3,Delivered,349.24
SHP04628,Hyderabad,Hyderabad,2023-06-05,2023-06-20,49.46,655.9,Delayed,793.38
SHP04629,Mumbai,Kolkata,2023-02-26,2023-03-05,33.68,826.1,Delivered,855.4
SHP04630,Hyderabad,Ahmedabad,2023-10-31,2023-11-06,23.44,1618.3,Delivered,1387.38
SHP04631,Delhi,Chennai,2023-03-03,2023-03-18,30.86,1542.6,Failed,1372.7
SHP04632,Ahmedabad,Ahmedabad,2023-10-20,2023-10-24,13.99,453.7,Delivered,463.5
SHP04633,Bangalore,Kolkata,2023-03-14,2023-03-21,14.07,1236.2,Delivered,1060.84
SHP04634,Mumbai,Ahmedabad,2023-07-12,2023-07-15,6.12,494.5,Delivered,442.02
SHP04635,Mumbai,Kolkata,2023-10-28,2023-10-30,6.15,1976.6,Delivered,1551.6
SHP04636,Bangalore,Delhi,2023-06-08,2023-06-10,17.71,1904.7,Delivered,1584.13
SHP04637,Pune,Mumbai,2023-01-28,2023-02-04,38.26,1130.9,Delivered,1097.21
SHP04638,Pune,Ahmedabad,2023-01-24,2023-01-29,30.59,1400.8,Delivered,1260.41
SHP04639,Hyderabad,Ahmedabad,2023-08-25,2023-08-26,5.58,1604.8,Delivered,1280.19
SHP04640,Chennai,Mumbai,2023-06-15,2023-06-18,42.69,1444.8,Delayed,1342.12
SHP04641,Pune,Kolkata,2023-01-11,2023-01-12,30.27,1402.7,Delivered,1255.6
SHP04642,Hyderabad,Hyderabad,2023-02-22,2023-03-01,48.06,1917.5,Delivered,1713.25
SHP04643,Pune,Mumbai,2023-08-14,2023-08-15,33.67,1196.9,Delivered,1114.21
SHP04644,Delhi,Kolkata,2023-11-25,2023-12-03,9.17,1276.2,Failed,1051.21
SHP04645,Kolkata,Mumbai,2023-11-28,2023-12-11,23.95,1700.0,Delayed,1446.28
SHP04646,Chennai,Hyderabad,2023-01-23,2023-01-26,32.6,1343.1,Delivered,1225.71
SHP04647,Hyderabad,Chennai,2023-02-04,2023-02-09,1.9,1468.5,Delivered,1179.17
SHP04648,Kolkata,Pune,2023-07-17,2023-07-19,1.24,476.0,Delivered,419.29
SHP04649,Kolkata,Kolkata,2023-03-25,2023-04-04,6.91,748.8,Failed,661.5
SHP04650,Ahmedabad,Bangalore,2023-08-30,2023-09-05,12.96,303.1,Delivered,344.38
SHP04651,Pune,Bangalore,2023-03-01,2023-03-05,21.76,1016.5,Delivered,926.25
SHP04652,Ahmedabad,Kolkata,2023-08-31,2023-09-01,24.63,916.9,Delivered,843.62
SHP04653,Bangalore,Delhi,2023-03-06,2023-03-14,7.33,1994.4,Delayed,1567.78
SHP04654,Delhi,Chennai,2023-01-25,2023-01-26,33.83,1226.3,Delivered,1142.06
SHP04655,Delhi,Delhi,2023-05-11,2023-05-21,30.01,1575.0,Delayed,1377.13
SHP04656,Delhi,Pune,2023-02-15,2023-02-22,15.08,674.7,Delivered,643.38
SHP04657,Chennai,Bangalore,2023-12-29,2024-01-03,1.18,1664.8,Delivered,1306.23
SHP04658,Mumbai,Hyderabad,2023-10-17,2023-10-18,4.34,1234.0,Delivered,1012.49
SHP04659,Chennai,Kolkata,2023-09-08,2023-09-13,19.89,1397.0,Delivered,1216.09
SHP04660,Hyderabad,Pune,2023-04-25,2023-04-29,8.12,595.9,Delivered,523.43
SHP04661,Kolkata,Ahmedabad,2023-05-10,2023-05-16,19.15,1101.8,Delivered,967.89
SHP04662,Kolkata,Ahmedabad,2023-06-11,2023-06-17,31.6,1271.7,Delivered,1168.37
SHP04663,Ahmedabad,Mumbai,2023-01-27,2023-02-01,27.59,1182.3,Delivered,1066.89
SHP04664,Mumbai,Bangalore,2023-10-01,2023-10-05,11.94,1831.2,Delivered,1473.78
SHP04665,Hyderabad,Chennai,2023-12-12,2023-12-19,17.52,1797.6,Delivered,1498.35
SHP04666,Mumbai,Bangalore,2023-08-15,2023-08-30,30.89,1942.3,Delayed,1680.39
SHP04667,Kolkata,Chennai,2023-08-30,2023-09-05,43.11,1338.2,Delivered,1280.15
SHP04668,Pune,Chennai,2023-01-14,2023-01-18,37.78,1944.1,Delivered,1697.92
SHP04669,Chennai,Kolkata,2023-03-13,2023-03-18,27.89,1666.6,Delivered,1437.1
SHP04670,Delhi,Chennai,2023-09-21,2023-09-28,18.43,549.0,Delivered,555.49
SHP04671,Kolkata,Delhi,2023-09-05,2023-09-12,18.57,860.6,Delivered,786.81
SHP04672,Bangalore,Ahmedabad,2023-05-28,2023-05-30,44.03,484.4,Delivered,633.57
SHP04673,Delhi,Pune,2023-10-13,2023-10-18,2.44,18.4,Delivered,64.14
SHP04674,Kolkata,Hyderabad,2023-03-13,2023-03-17,49.41,384.2,Delivered,601.35
SHP04675,Chennai,Bangalore,2023-12-02,2023-12-15,33.39,18.1,Failed,240.71
SHP04676,Mumbai,Hyderabad,2023-10-18,2023-10-22,34.22,1442.5,Delivered,1310.21
SHP04677,Pune,Pune,2023-05-15,2023-05-22,2.38,856.8,Delivered,722.5
SHP04678,Pune,Mumbai,2023-05-10,2023-05-14,30.47,632.0,Delivered,667.73
SHP04679,Delhi,Pune,2023-09-08,2023-09-13,24.5,1525.8,Delayed,1300.1
SHP04680,Chennai,Bangalore,2023-01-05,2023-01-12,5.74,1666.6,Delivered,1341.7
SHP04681,Pune,Ahmedabad,2023-05-14,2023-05-28,14.26,1950.8,Delayed,1604.34
SHP04682,Pune,Hyderabad,2023-03-25,2023-04-01,44.57,1287.6,Delivered,1241.69
SHP04683,Hyderabad,Hyderabad,2023-09-11,2023-09-13,27.72,928.4,Delivered,867.25
SHP04684,Bangalore,Kolkata,2023-11-17,2023-11-20,20.96,617.5,Delivered,629.14
SHP04685,Delhi,Kolkata,2023-11-21,2023-12-03,4.1,452.4,Delayed,392.75
SHP04686,Mumbai,Pune,2023-04-30,2023-05-02,35.85,433.7,Delivered,556.13
SHP04687,Pune,Pune,2023-10-27,2023-10-28,35.29,824.3,Delivered,835.78
SHP04688,Hyderabad,Mumbai,2023-08-25,2023-08-26,30.9,1983.7,Delivered,1708.88
SHP04689,Chennai,Chennai,2023-07-02,2023-07-16,25.76,11.7,Delayed,185.63
SHP04690,Pune,Bangalore,2023-01-24,2023-01-29,21.97,402.4,Delivered,477.59
SHP04691,Ahmedabad,Kolkata,2023-03-08,2023-03-14,29.87,384.9,Delivered,479.99
SHP04692,Bangalore,Bangalore,2023-08-06,2023-08-08,12.05,1437.1,Delivered,1183.57
SHP04693,Mumbai,Mumbai,2023-01-12,2023-01-16,47.09,711.4,Delivered,836.88
SHP04694,Chennai,Kolkata,2023-07-01,2023-07-03,29.65,919.9,Delivered,876.23
SHP04695,Chennai,Kolkata,2023-01-09,2023-01-16,15.9,305.8,Delivered,361.99
SHP04696,Delhi,Chennai,2023-09-28,2023-10-05,22.76,815.9,Delivered,771.27
SHP04697,Pune,Bangalore,2023-07-17,2023-07-20,40.38,215.4,Delivered,424.42
SHP04698,Delhi,Ahmedabad,2023-12-25,2023-12-27,8.5,1070.8,Delivered,880.77
SHP04699,Mumbai,Bangalore,2023-10-16,2023-10-21,15.0,204.9,Delivered,276.16
SHP04700,Ahmedabad,Bangalore,2023-09-11,2023-09-18,34.14,1583.1,Delivered,1415.98
SHP04701,Pune,Chennai,2023-09-25,2023-09-28,16.12,1137.5,Delivered,980.01
SHP04702,Kolkata,Kolkata,2023-04-09,2023-04-11,39.73,1450.7,Delivered,1319.02
SHP04703,Pune,Mumbai,2023-08-31,2023-09-04,6.96,842.8,Delivered,725.1
SHP04704,Ahmedabad,Bangalore,2023-11-28,2023-12-11,38.25,769.2,Failed,818.28
SHP04705,Kolkata,Hyderabad,2023-07-18,2023-07-20,3.88,205.4,Delivered,203.9
SHP04706,Chennai,Ahmedabad,2023-09-27,2023-10-01,1.12,1052.5,Delivered,849.48
SHP04707,Delhi,Ahmedabad,2023-07-17,2023-07-18,44.96,1033.9,Delivered,1067.02
SHP04708,Bangalore,Chennai,2023-06-14,2023-06-20,29.28,941.5,Delivered,886.97
SHP04709,Pune,Delhi,2023-05-25,2023-05-30,17.92,1483.6,Delivered,1255.93
SHP04710,Bangalore,Mumbai,2023-11-23,2023-11-24,12.01,1666.7,Delivered,1369.22
SHP04711,Pune,Hyderabad,2023-06-13,2023-06-16,31.04,1504.1,Delivered,1316.11
SHP04712,Chennai,Bangalore,2023-11-10,2023-11-13,25.7,296.3,Delivered,381.63
SHP04713,Delhi,Delhi,2023-04-25,2023-05-02,49.58,1247.9,Delivered,1232.39
SHP04714,Mumbai,Mumbai,2023-03-20,2023-03-25,49.17,169.8,Delivered,434.85
SHP04715,Mumbai,Chennai,2023-10-04,2023-10-09,31.93,1392.3,Delayed,1240.3
SHP04716,Mumbai,Delhi,2023-02-12,2023-02-27,22.42,769.9,Delayed,752.99
SHP04717,Pune,Kolkata,2023-07-24,2023-07-26,24.81,273.7,Delivered,385.59
SHP04718,Pune,Pune,2023-03-23,2023-03-29,34.28,1725.5,Delivered,1508.81
SHP04719,Bangalore,Delhi,2023-07-24,2023-07-29,5.53,1231.9,Delivered,1002.21
SHP04720,Delhi,Pune,2023-05-18,2023-05-20,16.75,715.9,Delayed,689.3
SHP04721,Ahmedabad,Ahmedabad,2023-07-07,2023-07-09,4.23,71.1,Delivered,113.13
SHP04722,Pune,Hyderabad,2023-09-08,2023-09-15,4.13,1079.2,Delivered,880.03
SHP04723,Delhi,Mumbai,2023-06-27,2023-06-30,10.19,1847.2,Delivered,1491.33
SHP04724,Bangalore,Hyderabad,2023-09-03,2023-09-05,24.52,1196.8,Delivered,1055.72
SHP04725,Pune,Hyderabad,2023-08-04,2023-08-05,39.35,1943.6,Delivered,1686.19
SHP04726,Mumbai,Bangalore,2023-09-13,2023-09-15,24.53,281.5,Failed,364.31
SHP04727,Mumbai,Chennai,2023-08-05,2023-08-15,17.11,1140.9,Delayed,984.21
SHP04728,Chennai,Delhi,2023-06-09,2023-06-13,4.58,1598.3,Delivered,1254.58
SHP04729,Kolkata,Mumbai,2023-04-27,2023-05-03,27.74,1055.8,Delivered,992.7
SHP04730,Hyderabad,Ahmedabad,2023-07-24,2023-07-26,13.93,191.2,Delivered,282.94
SHP04731,Ahmedabad,Kolkata,2023-01-24,2023-01-27,30.94,1169.9,Delivered,1064.58
SHP04732,Kolkata,Chennai,2023-05-23,2023-05-24,48.87,1227.4,Delivered,1212.21
SHP04733,Pune,Chennai,2023-12-16,2023-12-20,6.01,1460.1,Delivered,1156.15
SHP04734,Delhi,Mumbai,2023-07-15,2023-07-23,11.0,1524.8,Delayed,1233.96
SHP04735,Pune,Chennai,2023-02-15,2023-02-16,23.92,1543.8,Delivered,1320.37
SHP04736,Delhi,Bangalore,2023-04-25,2023-05-02,48.45,1330.3,Delivered,1285.72
SHP04737,Delhi,Chennai,2023-01-04,2023-01-19,38.7,439.5,Delayed,590.72
SHP04738,Kolkata,Ahmedabad,2023-09-03,2023-09-18,44.96,814.4,Delayed,881.43
SHP04739,Hyderabad,Ahmedabad,2023-02-05,2023-02-20,17.02,1554.5,Failed,1300.83
SHP04740,Chennai,Bangalore,2023-10-08,2023-10-15,49.61,1907.3,Delivered,1718.35
SHP04741,Kolkata,Delhi,2023-04-18,2023-04-23,5.59,167.1,Failed,183.28
SHP04742,Hyderabad,Delhi,2023-02-06,2023-02-09,3.12,1075.7,Delivered,888.35
SHP04743,Mumbai,Hyderabad,2023-12-04,2023-12-08,42.85,631.9,Delayed,721.44
SHP04744,Mumbai,Ahmedabad,2023-01-17,2023-01-20,46.4,458.5,Delivered,644.44
SHP04745,Delhi,Bangalore,2023-03-03,2023-03-18,4.98,1016.6,Failed,822.58
SHP04746,Bangalore,Kolkata,2023-10-10,2023-10-15,6.11,1216.1,Delivered,996.82
SHP04747,Pune,Delhi,2023-12-30,2024-01-02,2.14,29.4,Delivered,102.73
SHP04748,Pune,Chennai,2023-07-29,2023-08-09,5.67,1562.6,Failed,1235.84
SHP04749,Delhi,Mumbai,2023-11-28,2023-12-06,10.87,1641.6,Delayed,1332.51
SHP04750,Bangalore,Mumbai,2023-08-19,2023-08-22,48.52,1931.4,Delivered,1752.37
SHP04751,Ahmedabad,Pune,2023-11-17,2023-11-23,33.56,369.5,Delayed,476.21
SHP04752,Hyderabad,Ahmedabad,2023-01-11,2023-01-14,39.04,1193.2,Delivered,1147.69
SHP04753,Ahmedabad,Bangalore,2023-11-10,2023-11-16,38.92,859.0,Delivered,872.06
SHP04754,Ahmedabad,Kolkata,2023-03-22,2023-03-27,26.99,676.3,Delivered,681.64
SHP04755,Mumbai,Hyderabad,2023-12-13,2023-12-14,39.98,1135.6,Delivered,1088.0
SHP04756,Ahmedabad,Chennai,2023-11-24,2023-11-28,29.99,1566.9,Delivered,1391.42
SHP04757,Pune,Bangalore,2023-07-12,2023-07-15,16.07,55.9,Failed,159.49
SHP04758,Kolkata,Pune,2023-08-15,2023-08-19,28.27,1939.1,Delivered,1627.29
SHP04759,Bangalore,Mumbai,2023-11-06,2023-11-10,26.91,1621.7,Delivered,1404.33
SHP04760,Hyderabad,Bangalore,2023-09-07,2023-09-15,41.26,1504.8,Failed,1378.75
SHP04761,Mumbai,Chennai,2023-03-06,2023-03-19,49.1,1523.2,Failed,1434.13
SHP04762,Ahmedabad,Kolkata,2023-01-29,2023-02-04,20.85,784.2,Delivered,727.16
SHP04763,Kolkata,Ahmedabad,2023-09-27,2023-10-01,38.29,1505.7,Delivered,1380.65
SHP04764,Bangalore,Kolkata,2023-02-11,2023-02-18,5.44,779.7,Delivered,666.04
SHP04765,Delhi,Delhi,2023-07-24,2023-07-31,38.95,1798.4,Delivered,1588.12
SHP04766,Delhi,Chennai,2023-04-25,2023-04-27,18.89,362.7,Delivered,403.34
SHP04767,Delhi,Pune,2023-12-16,2023-12-21,2.45,591.8,Delivered,509.84
SHP04768,Pune,Delhi,2023-08-08,2023-08-11,18.48,1107.2,Failed,983.94
SHP04769,Hyderabad,Delhi,2023-03-02,2023-03-06,30.73,645.2,Delivered,680.05
SHP04770,Delhi,Delhi,2023-06-16,2023-06-21,6.4,854.2,Delivered,703.68
SHP04771,Pune,Bangalore,2023-08-18,2023-08-26,46.24,989.9,Delayed,1012.2
SHP04772,Chennai,Pune,2023-06-25,2023-07-02,4.34,1714.1,Delivered,1364.57
SHP04773,Pune,Mumbai,2023-10-01,2023-10-07,46.54,1051.2,Delivered,1090.66
SHP04774,Mumbai,Kolkata,2023-09-14,2023-09-20,35.5,731.3,Delayed,756.51
SHP04775,Pune,Ahmedabad,2023-07-11,2023-07-20,16.82,503.0,Delayed,503.6
SHP04776,Hyderabad,Bangalore,2023-02-11,2023-02-18,19.84,823.3,Delivered,749.16
SHP04777,Kolkata,Mumbai,2023-09-26,2023-10-01,37.17,1036.3,Delivered,1005.73
SHP04778,Ahmedabad,Kolkata,2023-12-23,2023-12-25,30.27,1494.8,Delayed,1318.69
SHP04779,Pune,Ahmedabad,2023-09-11,2023-09-13,33.75,250.9,Delivered,423.76
SHP04780,Delhi,Pune,2023-12-14,2023-12-16,19.76,451.0,Delivered,470.27
SHP04781,Mumbai,Ahmedabad,2023-04-07,2023-04-08,24.65,765.5,Delivered,758.46
SHP04782,Bangalore,Pune,2023-06-10,2023-06-15,49.5,727.2,Delivered,838.72
SHP04783,Delhi,Chennai,2023-02-04,2023-02-16,11.09,789.6,Delayed,710.1
SHP04784,Mumbai,Ahmedabad,2023-06-18,2023-06-25,21.18,1589.1,Delivered,1348.26
SHP04785,Chennai,Kolkata,2023-03-01,2023-03-15,14.95,655.1,Failed,597.65
SHP04786,Ahmedabad,Kolkata,2023-02-22,2023-02-26,38.37,1008.8,Failed,1016.3
SHP04787,Bangalore,Pune,2023-11-14,2023-11-23,38.32,1251.6,Failed,1163.61
SHP04788,Chennai,Kolkata,2023-01-24,2023-01-29,14.98,472.0,Delivered,482.81
SHP04789,Kolkata,Hyderabad,2023-06-04,2023-06-15,4.53,1440.2,Delayed,1167.91
SHP04790,Mumbai,Chennai,2023-05-21,2023-05-24,1.07,1098.8,Delivered,862.64
SHP04791,Chennai,Bangalore,2023-02-10,2023-02-15,21.66,899.1,Delivered,834.78
SHP04792,Ahmedabad,Ahmedabad,2023-12-31,2024-01-02,20.81,1621.5,Failed,1383.15
SHP04793,Ahmedabad,Bangalore,2023-06-04,2023-06-06,49.43,494.6,Delivered,687.55
SHP04794,Kolkata,Mumbai,2023-09-23,2023-09-29,23.76,1767.5,Delivered,1503.4
SHP04795,Ahmedabad,Bangalore,2023-08-19,2023-08-23,13.19,1126.5,Delivered,951.96
SHP04796,Mumbai,Delhi,2023-08-03,2023-08-08,44.62,1222.3,Delivered,1197.81
SHP04797,Mumbai,Kolkata,2023-05-19,2023-05-25,24.81,1751.4,Failed,1495.83
SHP04798,Ahmedabad,Bangalore,2023-04-22,2023-04-23,30.16,1637.0,Delivered,1436.55
SHP04799,Chennai,Mumbai,2023-08-31,2023-09-05,5.24,1207.1,Delivered,995.7
SHP04800,Mumbai,Mumbai,2023-05-24,2023-05-30,19.45,1508.8,Failed,1262.35
SHP04801,Delhi,Delhi,2023-08-04,2023-08-08,47.24,872.3,Delivered,924.76
SHP04802,Ahmedabad,Mumbai,2023-12-02,2023-12-16,29.68,1099.3,Failed,1028.5
SHP04803,Mumbai,Pune,2023-11-21,2023-11-26,17.55,133.5,Delivered,256.03
SHP04804,Hyderabad,Hyderabad,2023-03-02,2023-03-07,31.47,188.8,Delivered,347.58
SHP04805,Kolkata,Pune,2023-06-20,2023-06-25,45.57,1660.6,Delivered,1541.72
SHP04806,Ahmedabad,Kolkata,2023-06-16,2023-06-17,14.06,128.7,Delivered,234.35
SHP04807,Mumbai,Kolkata,2023-06-29,2023-07-05,25.5,347.1,Failed,453.94
SHP04808,Hyderabad,Kolkata,2023-09-10,2023-09-12,47.96,1593.7,Delivered,1501.47
SHP04809,Mumbai,Chennai,2023-07-23,2023-08-04,9.03,12.3,Delayed,120.31
SHP04810,Mumbai,Bangalore,2023-04-20,2023-04-27,36.12,572.0,Delivered,672.4
SHP04811,Chennai,Hyderabad,2023-09-15,2023-09-21,30.92,1172.2,Delivered,1091.55
SHP04812,Delhi,Bangalore,2023-03-16,2023-03-22,34.14,1194.9,Delivered,1097.85
SHP04813,Ahmedabad,Hyderabad,2023-05-10,2023-05-15,17.89,1556.5,Delivered,1292.12
SHP04814,Kolkata,Bangalore,2023-12-21,2023-12-24,16.04,1016.8,Delivered,878.17
SHP04815,Ahmedabad,Delhi,2023-10-30,2023-11-09,34.37,1023.7,Delayed,970.57
SHP04816,Delhi,Ahmedabad,2023-12-26,2024-01-02,11.17,1453.4,Delivered,1180.57
SHP04817,Bangalore,Pune,2023-07-12,2023-07-19,21.27,1002.3,Delivered,924.86
SHP04818,Chennai,Mumbai,2023-12-09,2023-12-16,9.81,1220.9,Delivered,1021.28
SHP04819,Chennai,Mumbai,2023-08-04,2023-08-07,0.91,1796.6,Delivered,1394.48
SHP04820,Delhi,Pune,2023-12-06,2023-12-10,48.52,808.9,Delivered,911.01
SHP04821,Pune,Delhi,2023-07-30,2023-08-05,21.87,776.4,Delivered,741.18
SHP04822,Chennai,Hyderabad,2023-12-06,2023-12-12,48.48,17.1,Delayed,290.91
SHP04823,Ahmedabad,Pune,2023-02-08,2023-02-12,7.45,1230.7,Delivered,1025.66
SHP04824,Delhi,Chennai,2023-05-28,2023-06-01,29.57,69.2,Delivered,243.3
SHP04825,Chennai,Hyderabad,2023-04-14,2023-04-15,10.45,1013.3,Delivered,870.18
SHP04826,Mumbai,Mumbai,2023-03-13,2023-03-16,39.61,1610.4,Delivered,1447.47
SHP04827,Delhi,Chennai,2023-04-02,2023-04-05,39.29,1104.3,Delivered,1074.68
SHP04828,Delhi,Bangalore,2023-04-27,2023-05-02,6.07,546.6,Delivered,502.95
SHP04829,Ahmedabad,Chennai,2023-12-13,2023-12-19,45.65,1574.5,Delivered,1445.4
SHP04830,Hyderabad,Hyderabad,2023-09-24,2023-09-30,10.13,546.7,Delayed,529.77
SHP04831,Chennai,Delhi,2023-09-15,2023-09-20,30.84,1468.7,Failed,1288.53
SHP04832,Chennai,Bangalore,2023-11-09,2023-11-15,49.29,1224.4,Delivered,1216.11
SHP04833,Delhi,Hyderabad,2023-11-25,2023-11-28,44.18,348.3,Delivered,548.77
SHP04834,Mumbai,Bangalore,2023-08-17,2023-09-01,47.85,1811.2,Failed,1665.48
SHP04835,Mumbai,Chennai,2023-06-09,2023-06-12,17.46,409.3,Delayed,433.56
SHP04836,Kolkata,Mumbai,2023-11-12,2023-11-27,5.73,1979.3,Delayed,1548.88
SHP04837,Mumbai,Hyderabad,2023-05-07,2023-05-09,9.82,24.5,Delayed,126.45
SHP04838,Chennai,Ahmedabad,2023-11-08,2023-11-10,25.27,534.3,Delivered,558.75
SHP04839,Pune,Delhi,2023-11-12,2023-11-24,39.76,407.7,Delayed,553.98
SHP04840,Hyderabad,Ahmedabad,2023-04-25,2023-05-10,7.93,37.8,Delayed,129.85
SHP04841,Delhi,Ahmedabad,2023-01-24,2023-01-27,33.16,1467.4,Delivered,1318.76
SHP04842,Bangalore,Pune,2023-06-13,2023-06-16,16.52,1389.9,Delivered,1162.55
SHP04843,Hyderabad,Chennai,2024-01-01,2024-01-03,17.39,1586.8,Delivered,1326.53
SHP04844,Ahmedabad,Hyderabad,2023-11-19,2023-11-24,33.26,520.8,Delivered,623.75
SHP04845,Ahmedabad,Delhi,2023-04-02,2023-04-08,23.62,894.2,Delivered,843.44
SHP04846,Pune,Hyderabad,2023-08-15,2023-08-18,40.7,1321.6,Delivered,1253.56
SHP04847,Bangalore,Chennai,2023-02-16,2023-02-17,8.22,885.1,Delivered,748.38
SHP04848,Hyderabad,Hyderabad,2023-07-22,2023-07-29,39.6,1397.7,Delivered,1283.81
SHP04849,Mumbai,Bangalore,2023-10-22,2023-10-26,3.68,1271.6,Delivered,1012.33
SHP04850,Chennai,Chennai,2024-01-01,2024-01-13,10.11,238.1,Failed,280.45
SHP04851,Pune,Hyderabad,2023-09-09,2023-09-15,32.98,1564.3,Delivered,1379.33
SHP04852,Bangalore,Pune,2023-05-27,2023-06-02,42.82,1444.1,Delayed,1348.85
SHP04853,Pune,Mumbai,2023-05-20,2023-05-24,13.01,1315.1,Delayed,1109.69
SHP04854,Hyderabad,Hyderabad,2023-10-04,2023-10-08,16.7,318.6,Delayed,381.83
SHP04855,Chennai,Bangalore,2023-02-09,2023-02-12,27.09,543.3,Delivered,579.51
SHP04856,Pune,Delhi,2023-11-24,2023-12-01,10.97,792.4,Delivered,709.17
SHP04857,Bangalore,Pune,2023-05-04,2023-05-09,40.65,567.1,Delivered,685.48
SHP04858,Delhi,Delhi,2023-06-13,2023-06-19,38.8,463.3,Delivered,571.96
SHP04859,Hyderabad,Ahmedabad,2023-07-23,2023-08-01,7.69,1612.7,Delayed,1280.33
SHP04860,Delhi,Pune,2023-05-15,2023-05-16,23.46,1280.1,Delivered,1133.22
SHP04861,Mumbai,Delhi,2023-07-01,2023-07-05,38.85,1135.3,Delivered,1091.07
SHP04862,Delhi,Mumbai,2023-05-10,2023-05-23,17.2,459.6,Failed,466.54
SHP04863,Delhi,Bangalore,2023-07-20,2023-07-31,31.84,1837.0,Delayed,1568.73
SHP04864,Kolkata,Ahmedabad,2023-11-16,2023-11-19,2.99,390.5,Failed,344.2
SHP04865,Hyderabad,Chennai,2023-11-04,2023-11-06,30.63,1592.0,Delivered,1415.45
SHP04866,Mumbai,Delhi,2023-02-25,2023-02-28,8.06,1933.7,Delivered,1549.68
SHP04867,Delhi,Pune,2023-08-15,2023-08-16,41.61,1456.9,Delivered,1351.83
SHP04868,Ahmedabad,Bangalore,2023-03-27,2023-04-02,18.09,1985.8,Delivered,1647.46
SHP04869,Chennai,Hyderabad,2023-06-04,2023-06-12,14.44,1305.6,Delayed,1106.16
SHP04870,Bangalore,Mumbai,2023-05-15,2023-05-22,42.12,442.7,Delivered,601.65
SHP04871,Delhi,Bangalore,2023-10-12,2023-10-17,2.98,415.6,Delivered,367.91
SHP04872,Mumbai,Bangalore,2023-05-07,2023-05-19,20.13,655.9,Delayed,646.13
SHP04873,Delhi,Chennai,2023-05-14,2023-05-20,18.82,24.2,Delivered,147.99
SHP04874,Bangalore,Bangalore,2023-02-09,2023-02-20,14.6,1366.6,Delayed,1144.13
SHP04875,Mumbai,Chennai,2023-04-24,2023-05-07,45.63,544.6,Delayed,667.93
SHP04876,Hyderabad,Mumbai,2023-08-01,2023-08-13,37.67,1632.2,Failed,1451.17
SHP04877,Mumbai,Mumbai,2023-06-12,2023-06-19,3.66,724.8,Delivered,594.89
SHP04878,Hyderabad,Hyderabad,2023-10-08,2023-10-12,35.88,965.1,Delivered,948.74
SHP04879,Mumbai,Chennai,2023-04-08,2023-04-20,26.6,1931.7,Delayed,1645.5
SHP04880,Ahmedabad,Chennai,2023-08-20,2023-09-04,45.09,491.9,Delayed,639.49
SHP04881,Pune,Delhi,2023-05-09,2023-05-16,15.99,1445.3,Delivered,1227.19
SHP04882,Bangalore,Delhi,2023-08-04,2023-08-07,28.92,1512.7,Delivered,1335.38
SHP04883,Bangalore,Hyderabad,2023-04-11,2023-04-17,25.29,449.8,Delivered,514.18
SHP04884,Mumbai,Mumbai,2023-03-26,2023-04-06,24.73,1007.0,Delayed,918.38
SHP04885,Pune,Kolkata,2023-11-05,2023-11-08,23.08,706.9,Delivered,712.46
SHP04886,Delhi,Delhi,2023-03-09,2023-03-13,10.68,1546.1,Delivered,1245.14
SHP04887,Bangalore,Bangalore,2023-10-12,2023-10-14,37.91,1248.7,Delivered,1183.63
SHP04888,Ahmedabad,Mumbai,2023-03-23,2023-03-26,22.84,957.2,Delivered,886.95
SHP04889,Hyderabad,Kolkata,2023-04-07,2023-04-22,47.95,1560.9,Delayed,1458.07
SHP04890,Hyderabad,Ahmedabad,2023-11-11,2023-11-18,13.41,478.0,Delivered,465.16
SHP04891,Chennai,Bangalore,2023-10-31,2023-11-06,34.3,1509.7,Delivered,1351.0
SHP04892,Kolkata,Pune,2023-06-30,2023-07-03,47.07,1732.1,Delivered,1599.34
SHP04893,Pune,Chennai,2023-03-29,2023-04-04,33.34,1758.5,Delivered,1549.05
SHP04894,Kolkata,Mumbai,2023-11-21,2023-11-26,43.63,1569.5,Delivered,1462.93
SHP04895,Kolkata,Pune,2023-11-04,2023-11-08,41.46,821.9,Delivered,866.04
SHP04896,Hyderabad,Hyderabad,2023-09-06,2023-09-11,18.33,1963.8,Delivered,1609.98
SHP04897,Ahmedabad,Chennai,2023-07-15,2023-07-22,30.21,765.4,Delayed,755.85
SHP04898,Ahmedabad,Chennai,2023-12-08,2023-12-15,8.23,1280.9,Delivered,1069.54
SHP04899,Chennai,Bangalore,2023-12-13,2023-12-28,27.01,330.5,Delayed,426.1
SHP04900,Kolkata,Pune,2023-07-11,2023-07-14,11.91,1961.1,Delivered,1576.54
SHP04901,Kolkata,Chennai,2023-05-08,2023-05-13,37.31,1410.9,Delivered,1311.04
SHP04902,Mumbai,Delhi,2023-01-26,2023-01-31,26.64,1509.2,Delivered,1316.16
SHP04903,Mumbai,Mumbai,2023-06-26,2023-07-02,20.86,140.9,Delivered,262.62
SHP04904,Mumbai,Delhi,2023-07-01,2023-07-03,13.81,1529.2,Delivered,1253.0
SHP04905,Delhi,Bangalore,2023-11-04,2023-11-08,49.94,1551.7,Delivered,1463.42
SHP04906,Kolkata,Kolkata,2023-04-20,2023-04-21,4.05,1346.8,Delivered,1097.08
SHP04907,Ahmedabad,Ahmedabad,2023-10-23,2023-10-24,2.66,590.9,Delivered,508.82
SHP04908,Ahmedabad,Bangalore,2023-04-27,2023-04-29,11.25,984.5,Delivered,834.83
SHP04909,Delhi,Mumbai,2023-08-21,2023-08-28,48.57,229.8,Delivered,446.45
SHP04910,Ahmedabad,Chennai,2023-01-08,2023-01-12,48.97,948.5,Delivered,999.68
SHP04911,Chennai,Pune,2023-08-12,2023-08-18,32.92,495.2,Failed,588.9
SHP04912,Pune,Pune,2023-02-24,2023-03-02,44.07,704.7,Delivered,780.58
SHP04913,Hyderabad,Hyderabad,2023-09-11,2023-09-20,11.09,333.6,Delayed,360.04
SHP04914,Kolkata,Bangalore,2023-05-07,2023-05-13,48.62,467.8,Delivered,644.89
SHP04915,Ahmedabad,Mumbai,2023-09-03,2023-09-05,7.57,162.4,Delayed,220.99
SHP04916,Hyderabad,Hyderabad,2023-11-10,2023-11-11,5.51,1840.6,Delivered,1439.16
SHP04917,Ahmedabad,Chennai,2023-09-03,2023-09-08,6.05,1065.5,Delayed,890.61
SHP04918,Pune,Kolkata,2023-04-30,2023-05-02,28.87,799.5,Delivered,794.81
SHP04919,Mumbai,Bangalore,2023-07-21,2023-07-28,39.16,1074.7,Delivered,1046.65
SHP04920,Kolkata,Kolkata,2023-11-15,2023-11-17,18.65,1260.3,Delivered,1107.09
SHP04921,Bangalore,Mumbai,2023-05-27,2023-05-30,48.91,1844.5,Delivered,1664.33
SHP04922,Delhi,Kolkata,2023-11-05,2023-11-08,22.0,365.6,Delayed,435.85
SHP04923,Delhi,Kolkata,2023-04-04,2023-04-05,7.95,598.1,Delivered,531.16
SHP04924,Kolkata,Mumbai,2023-08-18,2023-08-20,23.57,1951.8,Delivered,1632.8
SHP04925,Pune,Mumbai,2023-07-02,2023-07-09,34.11,748.7,Delivered,784.17
SHP04926,Mumbai,Bangalore,2023-03-28,2023-03-29,41.7,54.9,Delivered,283.25
SHP04927,Delhi,Kolkata,2023-01-24,2023-01-30,23.21,303.8,Delivered,400.35
SHP04928,Mumbai,Hyderabad,2023-01-08,2023-01-15,29.88,62.4,Delivered,251.58
SHP04929,Chennai,Ahmedabad,2023-10-01,2023-10-05,13.73,1979.9,Delivered,1614.35
SHP04930,Hyderabad,Mumbai,2023-08-22,2023-08-28,32.47,565.0,Delivered,619.73
SHP04931,Pune,Chennai,2023-07-29,2023-08-02,49.31,1847.9,Delivered,1674.37
SHP04932,Bangalore,Kolkata,2023-02-05,2023-02-10,2.93,1991.8,Delivered,1564.5
SHP04933,Hyderabad,Mumbai,2023-01-10,2023-01-15,44.38,1203.7,Delivered,1160.14
SHP04934,Hyderabad,Hyderabad,2023-08-29,2023-09-05,28.33,76.1,Delivered,255.83
SHP04935,Chennai,Pune,2023-05-16,2023-05-23,12.98,172.4,Delivered,226.56
SHP04936,Delhi,Bangalore,2023-11-30,2023-12-08,47.77,968.4,Delayed,1008.55
SHP04937,Bangalore,Kolkata,2023-04-12,2023-04-13,24.43,818.3,Delivered,799.74
SHP04938,Delhi,Pune,2023-06-28,2023-07-09,16.92,1216.3,Delayed,1057.8
SHP04939,Kolkata,Mumbai,2023-07-25,2023-07-26,9.48,883.3,Delivered,765.67
SHP04940,Hyderabad,Mumbai,2023-05-10,2023-05-25,12.6,1868.8,Delayed,1529.42
SHP04941,Kolkata,Chennai,2023-06-04,2023-06-08,41.73,1074.1,Delivered,1072.6
SHP04942,Mumbai,Chennai,2023-12-27,2023-12-28,30.91,1390.5,Delivered,1248.2
SHP04943,Hyderabad,Kolkata,2023-04-19,2023-04-23,45.71,1794.0,Delivered,1643.24
SHP04944,Delhi,Pune,2023-11-09,2023-11-11,11.98,302.3,Delivered,344.42
SHP04945,Hyderabad,Ahmedabad,2023-08-24,2023-08-28,6.5,467.2,Delayed,436.95
SHP04946,Mumbai,Pune,2023-06-15,2023-06-20,0.8,223.6,Delivered,218.05
SHP04947,Chennai,Mumbai,2023-02-06,2023-02-08,25.64,287.9,Delivered,410.22
SHP04948,Kolkata,Ahmedabad,2023-01-23,2023-01-30,49.92,1030.0,Delivered,1063.93
SHP04949,Ahmedabad,Kolkata,2023-06-23,2023-07-04,34.9,649.1,Delayed,691.69
SHP04950,Kolkata,Mumbai,2023-09-27,2023-09-30,15.77,852.1,Delivered,755.79
SHP04951,Delhi,Chennai,2023-11-25,2023-12-02,43.9,1965.2,Delivered,1727.78
SHP04952,Hyderabad,Hyderabad,2023-06-26,2023-07-03,39.2,321.8,Delivered,480.11
SHP04953,Delhi,Delhi,2023-07-11,2023-07-18,1.26,1086.2,Delivered,883.99
SHP04954,Chennai,Ahmedabad,2023-11-07,2023-11-11,40.93,206.8,Delayed,415.81
SHP04955,Hyderabad,Delhi,2023-11-24,2023-12-01,15.38,643.8,Failed,596.51
SHP04956,Ahmedabad,Mumbai,2023-03-30,2023-04-03,7.91,1059.8,Delivered,895.95
SHP04957,Hyderabad,Pune,2023-05-30,2023-06-06,11.7,1893.8,Delivered,1529.02
SHP04958,Ahmedabad,Chennai,2023-12-24,2024-01-04,23.69,788.5,Delayed,760.33
SHP04959,Delhi,Bangalore,2023-12-16,2023-12-17,21.53,139.2,Delivered,256.53
SHP04960,Delhi,Bangalore,2023-02-25,2023-03-12,14.8,782.4,Delayed,725.38
SHP04961,Mumbai,Delhi,2023-04-29,2023-05-02,9.02,300.0,Delivered,312.83
SHP04962,Pune,Hyderabad,2023-04-12,2023-04-14,38.23,467.7,Failed,575.69
SHP04963,Pune,Delhi,2023-12-29,2024-01-12,49.51,1240.0,Failed,1219.66
SHP04964,Chennai,Mumbai,2023-11-09,2023-11-15,39.0,144.2,Delivered,361.76
SHP04965,Pune,Hyderabad,2023-12-08,2023-12-17,15.15,934.8,Delayed,833.15
SHP04966,Mumbai,Bangalore,2023-01-13,2023-01-19,12.62,1222.8,Delivered,1017.72
SHP04967,Kolkata,Pune,2023-10-11,2023-10-15,11.27,849.5,Failed,727.95
SHP04968,Ahmedabad,Chennai,2023-09-03,2023-09-18,7.27,48.1,Delayed,128.86
SHP04969,Hyderabad,Ahmedabad,2023-11-07,2023-11-13,27.79,1971.2,Delivered,1674.41
SHP04970,Delhi,Chennai,2023-09-02,2023-09-08,30.47,740.6,Delivered,752.45
SHP04971,Hyderabad,Mumbai,2023-11-15,2023-11-19,35.42,1559.4,Delivered,1410.36
SHP04972,Hyderabad,Delhi,2023-10-05,2023-10-17,34.17,658.0,Failed,733.48
SHP04973,Bangalore,Mumbai,2023-11-12,2023-11-20,14.97,955.3,Delayed,829.55
SHP04974,Kolkata,Ahmedabad,2023-04-05,2023-04-08,16.85,783.0,Delivered,724.58
SHP04975,Bangalore,Chennai,2023-01-11,2023-01-16,34.23,691.7,Failed,720.14
SHP04976,Pune,Ahmedabad,2023-07-22,2023-07-25,17.8,53.5,Delivered,187.65
SHP04977,Hyderabad,Bangalore,2023-01-30,2023-02-02,11.02,726.4,Delivered,646.47
SHP04978,Ahmedabad,Chennai,2023-03-16,2023-03-20,19.03,1780.1,Delivered,1467.96
SHP04979,Delhi,Hyderabad,2023-08-03,2023-08-05,13.97,1383.9,Delivered,1167.86
SHP04980,Ahmedabad,Pune,2023-03-28,2023-04-04,4.87,299.4,Delivered,311.33
SHP04981,Hyderabad,Ahmedabad,2023-01-16,2023-01-19,41.59,1186.4,Delivered,1132.2
SHP04982,Kolkata,Pune,2023-01-22,2023-01-26,42.73,1785.5,Delivered,1584.41
SHP04983,Ahmedabad,Kolkata,2023-08-10,2023-08-24,11.38,1403.1,Failed,1152.59
SHP04984,Bangalore,Chennai,2023-02-28,2023-03-04,3.71,305.9,Delivered,303.01
SHP04985,Delhi,Chennai,2023-01-14,2023-01-20,37.07,1737.0,Delivered,1549.84
SHP04986,Hyderabad,Pune,2023-11-17,2023-11-21,10.97,610.1,Delivered,564.27
SHP04987,Chennai,Kolkata,2023-06-16,2023-06-22,19.98,913.6,Delayed,838.33
SHP04988,Kolkata,Hyderabad,2023-09-23,2023-09-27,3.67,1057.0,Delivered,873.09
SHP04989,Kolkata,Delhi,2023-08-08,2023-08-22,11.7,1702.5,Failed,1386.53
SHP04990,Chennai,Ahmedabad,2023-11-18,2023-11-22,39.75,1863.9,Delayed,1651.12
SHP04991,Ahmedabad,Ahmedabad,2023-10-23,2023-10-30,40.32,1860.0,Delivered,1647.25
SHP04992,Hyderabad,Chennai,2023-07-21,2023-07-27,10.75,25.8,Delivered,138.32
SHP04993,Kolkata,Pune,2023-09-29,2023-10-04,17.13,1844.6,Delayed,1508.52
SHP04994,Delhi,Mumbai,2023-06-16,2023-06-17,7.14,118.2,Delivered,164.91
SHP04995,Hyderabad,Chennai,2023-08-21,2023-08-26,4.17,538.9,Delivered,460.14
SHP04996,Hyderabad,Mumbai,2023-10-30,2023-11-05,49.61,1034.8,Delivered,1086.93
SHP04997,Bangalore,Hyderabad,2023-03-14,2023-03-17,32.95,965.1,Delayed,935.05
SHP04998,Kolkata,Chennai,2023-03-16,2023-03-28,27.33,1213.4,Delayed,1090.62
SHP04999,Kolkata,Ahmedabad,2023-09-06,2023-09-17,38.39,964.1,Delayed,984.28
SHP05000,Chennai,Pune,2023-03-20,2023-03-26,42.08,1869.4,Delivered,1679.52
